raw_text,category,emotion,priority
account locked,Authentication & Access,Neutral,Medium
"Please help, verification failed. Plz help.",Authentication & Access,Frustrated,Medium
"This is unacceptable. I noticed that signin blank screen. I tried clearing cache, switching devices, and signing out, but the problem keeps happening. Thanks.",Authentication & Access,Frustrated,High
"vid... signin blank screen, plz fix. This is affecting my studies.",Authentication & Access,Urgent,Critical
password reset broken,Authentication & Access,Confused,High
"After the latest update, SSO failing. Plz help.",Authentication & Access,Urgent,Medium
"Honestly, I noticed that account locked. I tried clearing cache, switching devices, and signing out, but the problem keeps happening. ",Authentication & Access,Urgent,Critical
"biling... can't log in, plz fix. ",Authentication & Access,Frustrated,High
login loop,Authentication & Access,Neutral,Critical
This is unacceptable. OTP never arrives. Kindly investigate.,Authentication & Access,Confused,Critical
"Hi team, I noticed that account locked. I tried clearing cache, switching devices, and signing out, but the problem keeps happening. This is affecting my studies.",Authentication & Access,Confused,High
"vid... signin blank screen, plz fix. Need this fixed ASAP.",Authentication & Access,Confused,High
auth timeout,Authentication & Access,Neutral,Medium
"After the latest update, password reset broken. This is affecting my studies.",Authentication & Access,Confused,Critical
"Urgent: I noticed that login loop. I tried clearing cache, switching devices, and signing out, but the problem keeps happening. Need this fixed ASAP.",Authentication & Access,Neutral,Medium
"subscrption... SSO failing, plz fix. Waiting for a response.",Authentication & Access,Confused,Medium
signin blank screen,Authentication & Access,Confused,Medium
This is unacceptable. verification failed. Waiting for a response.,Authentication & Access,Angry,Critical
"Can someone explain why I noticed that OTP never arrives. I tried clearing cache, switching devices, and signing out, but the problem keeps happening. Really disappointed.",Authentication & Access,Neutral,High
"vid... signin blank screen, plz fix. This is affecting my studies.",Authentication & Access,Angry,Medium
login loop,Authentication & Access,Angry,Medium
This is unacceptable. verification failed. Kindly investigate.,Authentication & Access,Angry,Critical
"I'm confused because I noticed that SSO failing. I tried clearing cache, switching devices, and signing out, but the problem keeps happening. Kindly investigate.",Authentication & Access,Frustrated,Critical
"pasword... account locked, plz fix. ",Authentication & Access,Frustrated,High
auth timeout,Authentication & Access,Urgent,High
Urgent: login loop. ,Authentication & Access,Confused,High
"Can someone explain why I noticed that password reset broken. I tried clearing cache, switching devices, and signing out, but the problem keeps happening. ",Authentication & Access,Frustrated,Medium
"idk... SSO failing, plz fix. Really disappointed.",Authentication & Access,Angry,Critical
auth timeout,Authentication & Access,Confused,Medium
I'm confused because auth timeout. Really disappointed.,Authentication & Access,Frustrated,Critical
"I'm confused because I noticed that SSO failing. I tried clearing cache, switching devices, and signing out, but the problem keeps happening. Need this fixed ASAP.",Authentication & Access,Urgent,Critical
"idk... credentials denied, plz fix. Kindly investigate.",Authentication & Access,Urgent,Critical
auth timeout,Authentication & Access,Urgent,Medium
Can someone explain why login loop. Plz help.,Authentication & Access,Frustrated,High
"After the latest update, I noticed that signin blank screen. I tried clearing cache, switching devices, and signing out, but the problem keeps happening. Thanks.",Authentication & Access,Frustrated,High
"cnt... OTP never arrives, plz fix. This is affecting my studies.",Authentication & Access,Confused,High
password reset broken,Authentication & Access,Confused,Medium
This is unacceptable. auth timeout. Really disappointed.,Authentication & Access,Confused,Critical
"This is unacceptable. I noticed that signin blank screen. I tried clearing cache, switching devices, and signing out, but the problem keeps happening. Waiting for a response.",Authentication & Access,Neutral,High
"pasword... OTP never arrives, plz fix. Kindly investigate.",Authentication & Access,Urgent,Critical
account locked,Authentication & Access,Neutral,Critical
I'm confused because signin blank screen. Really disappointed.,Authentication & Access,Neutral,High
" I noticed that password reset broken. I tried clearing cache, switching devices, and signing out, but the problem keeps happening. Plz help.",Authentication & Access,Frustrated,High
"vid... password reset broken, plz fix. Kindly investigate.",Authentication & Access,Frustrated,Medium
auth timeout,Authentication & Access,Angry,High
"Hi team, SSO failing. Plz help.",Authentication & Access,Neutral,Medium
"This is unacceptable. I noticed that login loop. I tried clearing cache, switching devices, and signing out, but the problem keeps happening. Need this fixed ASAP.",Authentication & Access,Neutral,Medium
"idk... can't log in, plz fix. Need this fixed ASAP.",Authentication & Access,Angry,Medium
account locked,Authentication & Access,Neutral,Critical
This is unacceptable. account locked. Plz help.,Authentication & Access,Confused,High
"Please help, I noticed that account locked. I tried clearing cache, switching devices, and signing out, but the problem keeps happening. Kindly investigate.",Authentication & Access,Frustrated,Medium
"idk... SSO failing, plz fix. Plz help.",Authentication & Access,Urgent,High
credentials denied,Authentication & Access,Urgent,Medium
Urgent: SSO failing. This is affecting my studies.,Authentication & Access,Confused,Medium
" I noticed that login loop. I tried clearing cache, switching devices, and signing out, but the problem keeps happening. idk what's happening.",Authentication & Access,Frustrated,Medium
"cnt... signin blank screen, plz fix. Waiting for a response.",Authentication & Access,Angry,Medium
verification failed,Authentication & Access,Urgent,Medium
Can someone explain why account locked. This is affecting my studies.,Authentication & Access,Neutral,High
" I noticed that password reset broken. I tried clearing cache, switching devices, and signing out, but the problem keeps happening. This is affecting my studies.",Authentication & Access,Angry,Medium
"vid... SSO failing, plz fix. Really disappointed.",Authentication & Access,Urgent,Critical
auth timeout,Authentication & Access,Neutral,Critical
"After the latest update, verification failed. Need this fixed ASAP.",Authentication & Access,Angry,High
"I'm confused because I noticed that login loop. I tried clearing cache, switching devices, and signing out, but the problem keeps happening. idk what's happening.",Authentication & Access,Confused,Medium
"vid... account locked, plz fix. idk what's happening.",Authentication & Access,Neutral,High
verification failed,Authentication & Access,Frustrated,Critical
"Hi team, signin blank screen. Really disappointed.",Authentication & Access,Neutral,Critical
"Ever since yesterday, I noticed that account locked. I tried clearing cache, switching devices, and signing out, but the problem keeps happening. This is affecting my studies.",Authentication & Access,Angry,High
"cnt... credentials denied, plz fix. Need this fixed ASAP.",Authentication & Access,Confused,Medium
credentials denied,Authentication & Access,Confused,Critical
Urgent: password reset broken. ,Authentication & Access,Angry,Medium
"After the latest update, I noticed that account locked. I tried clearing cache, switching devices, and signing out, but the problem keeps happening. Really disappointed.",Authentication & Access,Confused,Medium
"vid... auth timeout, plz fix. idk what's happening.",Authentication & Access,Urgent,High
SSO failing,Authentication & Access,Confused,High
This is unacceptable. auth timeout. Waiting for a response.,Authentication & Access,Angry,Critical
"Please help, I noticed that password reset broken. I tried clearing cache, switching devices, and signing out, but the problem keeps happening. Thanks.",Authentication & Access,Urgent,Critical
"biling... password reset broken, plz fix. Plz help.",Authentication & Access,Neutral,Critical
credentials denied,Authentication & Access,Frustrated,Critical
 auth timeout. Plz help.,Authentication & Access,Neutral,Critical
"Urgent: I noticed that OTP never arrives. I tried clearing cache, switching devices, and signing out, but the problem keeps happening. ",Authentication & Access,Confused,Medium
"plz... account locked, plz fix. Waiting for a response.",Authentication & Access,Frustrated,Medium
invoice missing,Billing & Subscriptions,Frustrated,Critical
Urgent: plan not upgraded. idk what's happening.,Billing & Subscriptions,Confused,High
"Urgent: I noticed that refund pending. I tried clearing cache, switching devices, and signing out, but the problem keeps happening. Need this fixed ASAP.",Billing & Subscriptions,Urgent,Critical
"subscrption... subscription renewed, plz fix. This is affecting my studies.",Billing & Subscriptions,Frustrated,Critical
billing mismatch,Billing & Subscriptions,Confused,Critical
"After the latest update, unexpected fee. Really disappointed.",Billing & Subscriptions,Confused,High
"After the latest update, I noticed that plan not upgraded. I tried clearing cache, switching devices, and signing out, but the problem keeps happening. Kindly investigate.",Billing & Subscriptions,Confused,High
"subscrption... plan not upgraded, plz fix. This is affecting my studies.",Billing & Subscriptions,Urgent,Critical
invoice missing,Billing & Subscriptions,Angry,High
I'm confused because unexpected fee. Thanks.,Billing & Subscriptions,Frustrated,High
"I'm confused because I noticed that charged twice. I tried clearing cache, switching devices, and signing out, but the problem keeps happening. This is affecting my studies.",Billing & Subscriptions,Confused,High
"biling... GST calculation wrong, plz fix. This is affecting my studies.",Billing & Subscriptions,Frustrated,Critical
unexpected fee,Billing & Subscriptions,Frustrated,High
"Honestly, coupon ignored. Waiting for a response.",Billing & Subscriptions,Confused,High
"This is unacceptable. I noticed that subscription renewed. I tried clearing cache, switching devices, and signing out, but the problem keeps happening. ",Billing & Subscriptions,Angry,High
"idk... subscription renewed, plz fix. Thanks.",Billing & Subscriptions,Angry,Critical
coupon ignored,Billing & Subscriptions,Confused,High
Urgent: refund pending. Need this fixed ASAP.,Billing & Subscriptions,Confused,High
"Ever since yesterday, I noticed that invoice missing. I tried clearing cache, switching devices, and signing out, but the problem keeps happening. idk what's happening.",Billing & Subscriptions,Angry,Critical
"subscrption... charged twice, plz fix. This is affecting my studies.",Billing & Subscriptions,Neutral,High
plan not upgraded,Billing & Subscriptions,Angry,Critical
"Hi team, invoice missing. Really disappointed.",Billing & Subscriptions,Urgent,High
"After the latest update, I noticed that billing mismatch. I tried clearing cache, switching devices, and signing out, but the problem keeps happening. Need this fixed ASAP.",Billing & Subscriptions,Neutral,Critical
"subscrption... payment failed but money deducted, plz fix. Need this fixed ASAP.",Billing & Subscriptions,Confused,Critical
coupon ignored,Billing & Subscriptions,Urgent,Critical
"After the latest update, invoice missing. ",Billing & Subscriptions,Urgent,Critical
"This is unacceptable. I noticed that unexpected fee. I tried clearing cache, switching devices, and signing out, but the problem keeps happening. ",Billing & Subscriptions,Angry,High
"plz... coupon ignored, plz fix. Thanks.",Billing & Subscriptions,Frustrated,Critical
GST calculation wrong,Billing & Subscriptions,Frustrated,High
"Hi team, refund pending. ",Billing & Subscriptions,Urgent,Critical
"Urgent: I noticed that billing mismatch. I tried clearing cache, switching devices, and signing out, but the problem keeps happening. Kindly investigate.",Billing & Subscriptions,Angry,Critical
"idk... unexpected fee, plz fix. ",Billing & Subscriptions,Neutral,Critical
billing mismatch,Billing & Subscriptions,Angry,High
This is unacceptable. subscription renewed. Thanks.,Billing & Subscriptions,Neutral,Critical
" I noticed that refund pending. I tried clearing cache, switching devices, and signing out, but the problem keeps happening. Need this fixed ASAP.",Billing & Subscriptions,Urgent,High
"plz... refund pending, plz fix. Kindly investigate.",Billing & Subscriptions,Angry,High
invoice missing,Billing & Subscriptions,Neutral,Critical
 plan not upgraded. Need this fixed ASAP.,Billing & Subscriptions,Angry,High
"Honestly, I noticed that plan not upgraded. I tried clearing cache, switching devices, and signing out, but the problem keeps happening. ",Billing & Subscriptions,Urgent,Critical
"pasword... unexpected fee, plz fix. Really disappointed.",Billing & Subscriptions,Urgent,Critical
unexpected fee,Billing & Subscriptions,Confused,High
"Honestly, coupon ignored. Kindly investigate.",Billing & Subscriptions,Frustrated,High
" I noticed that payment failed but money deducted. I tried clearing cache, switching devices, and signing out, but the problem keeps happening. Plz help.",Billing & Subscriptions,Urgent,Critical
"pasword... invoice missing, plz fix. Really disappointed.",Billing & Subscriptions,Angry,Critical
GST calculation wrong,Billing & Subscriptions,Frustrated,High
"After the latest update, payment failed but money deducted. Thanks.",Billing & Subscriptions,Frustrated,High
"Honestly, I noticed that GST calculation wrong. I tried clearing cache, switching devices, and signing out, but the problem keeps happening. Thanks.",Billing & Subscriptions,Frustrated,High
"subscrption... unexpected fee, plz fix. Thanks.",Billing & Subscriptions,Neutral,Critical
charged twice,Billing & Subscriptions,Frustrated,Critical
"After the latest update, unexpected fee. Need this fixed ASAP.",Billing & Subscriptions,Neutral,Critical
"Can someone explain why I noticed that charged twice. I tried clearing cache, switching devices, and signing out, but the problem keeps happening. ",Billing & Subscriptions,Confused,Critical
"biling... billing mismatch, plz fix. Thanks.",Billing & Subscriptions,Urgent,Critical
refund pending,Billing & Subscriptions,Frustrated,High
 refund pending. Plz help.,Billing & Subscriptions,Confused,Critical
"Ever since yesterday, I noticed that charged twice. I tried clearing cache, switching devices, and signing out, but the problem keeps happening. Waiting for a response.",Billing & Subscriptions,Confused,Critical
"asap... payment failed but money deducted, plz fix. Plz help.",Billing & Subscriptions,Urgent,Critical
unexpected fee,Billing & Subscriptions,Angry,High
"Honestly, subscription renewed. Waiting for a response.",Billing & Subscriptions,Urgent,Critical
"Urgent: I noticed that invoice missing. I tried clearing cache, switching devices, and signing out, but the problem keeps happening. This is affecting my studies.",Billing & Subscriptions,Neutral,High
"pasword... billing mismatch, plz fix. Plz help.",Billing & Subscriptions,Angry,Critical
subscription renewed,Billing & Subscriptions,Frustrated,Critical
"Ever since yesterday, GST calculation wrong. Need this fixed ASAP.",Billing & Subscriptions,Neutral,Critical
"Can someone explain why I noticed that unexpected fee. I tried clearing cache, switching devices, and signing out, but the problem keeps happening. ",Billing & Subscriptions,Confused,Critical
"idk... unexpected fee, plz fix. Kindly investigate.",Billing & Subscriptions,Urgent,Critical
refund pending,Billing & Subscriptions,Neutral,High
"After the latest update, GST calculation wrong. Plz help.",Billing & Subscriptions,Frustrated,Critical
"Ever since yesterday, I noticed that payment failed but money deducted. I tried clearing cache, switching devices, and signing out, but the problem keeps happening. Really disappointed.",Billing & Subscriptions,Confused,High
"biling... refund pending, plz fix. ",Billing & Subscriptions,Angry,High
payment failed but money deducted,Billing & Subscriptions,Neutral,High
"Honestly, unexpected fee. Thanks.",Billing & Subscriptions,Frustrated,Critical
"Honestly, I noticed that invoice missing. I tried clearing cache, switching devices, and signing out, but the problem keeps happening. Waiting for a response.",Billing & Subscriptions,Confused,High
"cnt... invoice missing, plz fix. This is affecting my studies.",Billing & Subscriptions,Confused,Critical
charged twice,Billing & Subscriptions,Confused,High
 invoice missing. This is affecting my studies.,Billing & Subscriptions,Confused,Critical
"Urgent: I noticed that charged twice. I tried clearing cache, switching devices, and signing out, but the problem keeps happening. idk what's happening.",Billing & Subscriptions,Urgent,High
"pasword... charged twice, plz fix. Waiting for a response.",Billing & Subscriptions,Frustrated,Critical
coupon ignored,Billing & Subscriptions,Confused,High
I'm confused because unexpected fee. Waiting for a response.,Billing & Subscriptions,Angry,High
"Please help, I noticed that invoice missing. I tried clearing cache, switching devices, and signing out, but the problem keeps happening. ",Billing & Subscriptions,Frustrated,High
"pasword... charged twice, plz fix. Kindly investigate.",Billing & Subscriptions,Confused,Critical
screen blank,Platform Bugs & UI,Neutral,Low
 app crashes. idk what's happening.,Platform Bugs & UI,Urgent,Medium
"Hi team, I noticed that spinner never ends. I tried clearing cache, switching devices, and signing out, but the problem keeps happening. ",Platform Bugs & UI,Confused,Medium
"plz... spinner never ends, plz fix. ",Platform Bugs & UI,Confused,Low
app crashes,Platform Bugs & UI,Neutral,Medium
"Honestly, video freezes. This is affecting my studies.",Platform Bugs & UI,Angry,Low
"Can someone explain why I noticed that spinner never ends. I tried clearing cache, switching devices, and signing out, but the problem keeps happening. This is affecting my studies.",Platform Bugs & UI,Confused,High
"asap... audio desynced, plz fix. Need this fixed ASAP.",Platform Bugs & UI,Confused,High
page reload loop,Platform Bugs & UI,Frustrated,High
"Please help, screen blank. This is affecting my studies.",Platform Bugs & UI,Frustrated,Low
"Hi team, I noticed that app crashes. I tried clearing cache, switching devices, and signing out, but the problem keeps happening. Kindly investigate.",Platform Bugs & UI,Confused,High
"asap... spinner never ends, plz fix. Kindly investigate.",Platform Bugs & UI,Frustrated,High
UI glitch,Platform Bugs & UI,Urgent,Low
I'm confused because screen blank. ,Platform Bugs & UI,Confused,Low
"Urgent: I noticed that spinner never ends. I tried clearing cache, switching devices, and signing out, but the problem keeps happening. Thanks.",Platform Bugs & UI,Confused,High
"cnt... UI glitch, plz fix. Plz help.",Platform Bugs & UI,Neutral,Low
search broken,Platform Bugs & UI,Angry,Low
"Hi team, page reload loop. ",Platform Bugs & UI,Angry,Medium
"Can someone explain why I noticed that audio desynced. I tried clearing cache, switching devices, and signing out, but the problem keeps happening. Thanks.",Platform Bugs & UI,Neutral,Low
"vid... UI glitch, plz fix. This is affecting my studies.",Platform Bugs & UI,Neutral,Medium
buttons overlap,Platform Bugs & UI,Frustrated,Medium
This is unacceptable. app crashes. Thanks.,Platform Bugs & UI,Confused,High
"After the latest update, I noticed that screen blank. I tried clearing cache, switching devices, and signing out, but the problem keeps happening. Waiting for a response.",Platform Bugs & UI,Frustrated,High
"idk... spinner never ends, plz fix. This is affecting my studies.",Platform Bugs & UI,Urgent,High
UI glitch,Platform Bugs & UI,Neutral,Low
"Hi team, search broken. This is affecting my studies.",Platform Bugs & UI,Urgent,High
"This is unacceptable. I noticed that downloads fail. I tried clearing cache, switching devices, and signing out, but the problem keeps happening. Need this fixed ASAP.",Platform Bugs & UI,Angry,Medium
"asap... buttons overlap, plz fix. Kindly investigate.",Platform Bugs & UI,Urgent,Medium
video freezes,Platform Bugs & UI,Neutral,Low
"Hi team, buttons overlap. Waiting for a response.",Platform Bugs & UI,Neutral,High
"Please help, I noticed that app crashes. I tried clearing cache, switching devices, and signing out, but the problem keeps happening. Kindly investigate.",Platform Bugs & UI,Angry,Low
"biling... UI glitch, plz fix. ",Platform Bugs & UI,Urgent,Medium
screen blank,Platform Bugs & UI,Neutral,Medium
"After the latest update, page reload loop. This is affecting my studies.",Platform Bugs & UI,Angry,Medium
"Please help, I noticed that audio desynced. I tried clearing cache, switching devices, and signing out, but the problem keeps happening. ",Platform Bugs & UI,Angry,High
"cnt... downloads fail, plz fix. ",Platform Bugs & UI,Confused,Medium
buttons overlap,Platform Bugs & UI,Confused,Medium
"After the latest update, audio desynced. Really disappointed.",Platform Bugs & UI,Frustrated,Medium
"I'm confused because I noticed that search broken. I tried clearing cache, switching devices, and signing out, but the problem keeps happening. Thanks.",Platform Bugs & UI,Angry,High
"idk... spinner never ends, plz fix. ",Platform Bugs & UI,Neutral,Low
spinner never ends,Platform Bugs & UI,Neutral,High
"After the latest update, app crashes. Really disappointed.",Platform Bugs & UI,Neutral,Low
"After the latest update, I noticed that spinner never ends. I tried clearing cache, switching devices, and signing out, but the problem keeps happening. Really disappointed.",Platform Bugs & UI,Neutral,Low
"plz... UI glitch, plz fix. Thanks.",Platform Bugs & UI,Frustrated,Medium
search broken,Platform Bugs & UI,Confused,Low
"Please help, buttons overlap. Need this fixed ASAP.",Platform Bugs & UI,Angry,Low
"After the latest update, I noticed that UI glitch. I tried clearing cache, switching devices, and signing out, but the problem keeps happening. Thanks.",Platform Bugs & UI,Urgent,Medium
"asap... audio desynced, plz fix. Waiting for a response.",Platform Bugs & UI,Urgent,High
app crashes,Platform Bugs & UI,Frustrated,Low
"Hi team, downloads fail. Waiting for a response.",Platform Bugs & UI,Urgent,Medium
"This is unacceptable. I noticed that video freezes. I tried clearing cache, switching devices, and signing out, but the problem keeps happening. Really disappointed.",Platform Bugs & UI,Frustrated,Medium
"pasword... video freezes, plz fix. This is affecting my studies.",Platform Bugs & UI,Neutral,Low
UI glitch,Platform Bugs & UI,Confused,Medium
"Ever since yesterday, search broken. This is affecting my studies.",Platform Bugs & UI,Urgent,Medium
"Honestly, I noticed that audio desynced. I tried clearing cache, switching devices, and signing out, but the problem keeps happening. Kindly investigate.",Platform Bugs & UI,Angry,High
"plz... screen blank, plz fix. Plz help.",Platform Bugs & UI,Neutral,High
video freezes,Platform Bugs & UI,Confused,High
 app crashes. Need this fixed ASAP.,Platform Bugs & UI,Confused,High
"After the latest update, I noticed that page reload loop. I tried clearing cache, switching devices, and signing out, but the problem keeps happening. ",Platform Bugs & UI,Urgent,Low
"plz... video freezes, plz fix. Need this fixed ASAP.",Platform Bugs & UI,Confused,Medium
buttons overlap,Platform Bugs & UI,Neutral,High
"Please help, screen blank. Need this fixed ASAP.",Platform Bugs & UI,Neutral,High
"Honestly, I noticed that buttons overlap. I tried clearing cache, switching devices, and signing out, but the problem keeps happening. Kindly investigate.",Platform Bugs & UI,Urgent,High
"idk... screen blank, plz fix. Really disappointed.",Platform Bugs & UI,Angry,Low
page reload loop,Platform Bugs & UI,Confused,High
This is unacceptable. screen blank. Need this fixed ASAP.,Platform Bugs & UI,Angry,Medium
"I'm confused because I noticed that search broken. I tried clearing cache, switching devices, and signing out, but the problem keeps happening. ",Platform Bugs & UI,Urgent,High
"cnt... screen blank, plz fix. This is affecting my studies.",Platform Bugs & UI,Confused,Medium
UI glitch,Platform Bugs & UI,Frustrated,Low
"Honestly, video freezes. Plz help.",Platform Bugs & UI,Angry,High
"This is unacceptable. I noticed that video freezes. I tried clearing cache, switching devices, and signing out, but the problem keeps happening. idk what's happening.",Platform Bugs & UI,Frustrated,Medium
"plz... app crashes, plz fix. Thanks.",Platform Bugs & UI,Confused,Medium
screen blank,Platform Bugs & UI,Frustrated,Medium
This is unacceptable. UI glitch. Plz help.,Platform Bugs & UI,Urgent,Medium
"Urgent: I noticed that spinner never ends. I tried clearing cache, switching devices, and signing out, but the problem keeps happening. ",Platform Bugs & UI,Neutral,Low
"vid... spinner never ends, plz fix. ",Platform Bugs & UI,Neutral,Low
downloads fail,Platform Bugs & UI,Urgent,High
Urgent: UI glitch. This is affecting my studies.,Platform Bugs & UI,Angry,Medium
"Please help, I noticed that video freezes. I tried clearing cache, switching devices, and signing out, but the problem keeps happening. Really disappointed.",Platform Bugs & UI,Neutral,High
"idk... downloads fail, plz fix. Need this fixed ASAP.",Platform Bugs & UI,Urgent,Low
examples outdated,Content & Academic,Neutral,Medium
This is unacceptable. subtitle mismatch. Kindly investigate.,Content & Academic,Frustrated,Low
"Please help, I noticed that missing lesson. I tried clearing cache, switching devices, and signing out, but the problem keeps happening. This is affecting my studies.",Content & Academic,Neutral,Medium
"asap... poor audio, plz fix. Kindly investigate.",Content & Academic,Frustrated,Medium
examples outdated,Content & Academic,Urgent,Medium
"Honestly, subtitle mismatch. Thanks.",Content & Academic,Frustrated,Medium
"Hi team, I noticed that wrong quiz answer. I tried clearing cache, switching devices, and signing out, but the problem keeps happening. Need this fixed ASAP.",Content & Academic,Confused,Low
"pasword... outdated content, plz fix. Thanks.",Content & Academic,Angry,Low
poor audio,Content & Academic,Angry,Low
"Honestly, subtitle mismatch. idk what's happening.",Content & Academic,Confused,Low
"This is unacceptable. I noticed that outdated content. I tried clearing cache, switching devices, and signing out, but the problem keeps happening. Need this fixed ASAP.",Content & Academic,Urgent,Low
"plz... empty chapter, plz fix. Waiting for a response.",Content & Academic,Urgent,Low
wrong quiz answer,Content & Academic,Urgent,Low
"Honestly, wrong quiz answer. Need this fixed ASAP.",Content & Academic,Neutral,Low
"Urgent: I noticed that missing lesson. I tried clearing cache, switching devices, and signing out, but the problem keeps happening. Really disappointed.",Content & Academic,Confused,Low
"biling... examples outdated, plz fix. Waiting for a response.",Content & Academic,Neutral,Low
poor audio,Content & Academic,Confused,Low
 examples outdated. idk what's happening.,Content & Academic,Urgent,Medium
"Urgent: I noticed that poor audio. I tried clearing cache, switching devices, and signing out, but the problem keeps happening. Thanks.",Content & Academic,Angry,Medium
"vid... old syllabus, plz fix. Kindly investigate.",Content & Academic,Urgent,Low
poor audio,Content & Academic,Neutral,Medium
 outdated content. This is affecting my studies.,Content & Academic,Angry,Low
"This is unacceptable. I noticed that examples outdated. I tried clearing cache, switching devices, and signing out, but the problem keeps happening. Really disappointed.",Content & Academic,Frustrated,Low
"idk... poor audio, plz fix. idk what's happening.",Content & Academic,Frustrated,Medium
assignment unclear,Content & Academic,Neutral,Medium
This is unacceptable. duplicate module. idk what's happening.,Content & Academic,Confused,Low
"Urgent: I noticed that duplicate module. I tried clearing cache, switching devices, and signing out, but the problem keeps happening. This is affecting my studies.",Content & Academic,Frustrated,Low
"asap... examples outdated, plz fix. Thanks.",Content & Academic,Confused,Low
missing lesson,Content & Academic,Urgent,Low
I'm confused because subtitle mismatch. Need this fixed ASAP.,Content & Academic,Neutral,Medium
"Honestly, I noticed that missing lesson. I tried clearing cache, switching devices, and signing out, but the problem keeps happening. Waiting for a response.",Content & Academic,Neutral,Low
"subscrption... subtitle mismatch, plz fix. Waiting for a response.",Content & Academic,Confused,Low
assignment unclear,Content & Academic,Confused,Low
This is unacceptable. missing lesson. Thanks.,Content & Academic,Urgent,Low
"After the latest update, I noticed that outdated content. I tried clearing cache, switching devices, and signing out, but the problem keeps happening. This is affecting my studies.",Content & Academic,Frustrated,Low
"vid... empty chapter, plz fix. Need this fixed ASAP.",Content & Academic,Urgent,Low
subtitle mismatch,Content & Academic,Frustrated,Medium
"Please help, assignment unclear. Plz help.",Content & Academic,Angry,Low
"Hi team, I noticed that duplicate module. I tried clearing cache, switching devices, and signing out, but the problem keeps happening. idk what's happening.",Content & Academic,Confused,Low
"vid... empty chapter, plz fix. This is affecting my studies.",Content & Academic,Urgent,Low
wrong quiz answer,Content & Academic,Confused,Medium
 subtitle mismatch. Thanks.,Content & Academic,Frustrated,Low
"After the latest update, I noticed that outdated content. I tried clearing cache, switching devices, and signing out, but the problem keeps happening. This is affecting my studies.",Content & Academic,Neutral,Medium
"vid... poor audio, plz fix. Need this fixed ASAP.",Content & Academic,Frustrated,Low
poor audio,Content & Academic,Frustrated,Low
Urgent: empty chapter. Waiting for a response.,Content & Academic,Confused,Low
"Hi team, I noticed that examples outdated. I tried clearing cache, switching devices, and signing out, but the problem keeps happening. ",Content & Academic,Neutral,Medium
"cnt... empty chapter, plz fix. Really disappointed.",Content & Academic,Frustrated,Low
examples outdated,Content & Academic,Neutral,Medium
Can someone explain why wrong quiz answer. Need this fixed ASAP.,Content & Academic,Frustrated,Medium
"This is unacceptable. I noticed that empty chapter. I tried clearing cache, switching devices, and signing out, but the problem keeps happening. Really disappointed.",Content & Academic,Urgent,Low
"subscrption... examples outdated, plz fix. Kindly investigate.",Content & Academic,Neutral,Low
assignment unclear,Content & Academic,Frustrated,Medium
"Ever since yesterday, empty chapter. ",Content & Academic,Urgent,Low
" I noticed that empty chapter. I tried clearing cache, switching devices, and signing out, but the problem keeps happening. This is affecting my studies.",Content & Academic,Urgent,Medium
"plz... subtitle mismatch, plz fix. Need this fixed ASAP.",Content & Academic,Urgent,Medium
assignment unclear,Content & Academic,Urgent,Low
 poor audio. Plz help.,Content & Academic,Urgent,Medium
"Can someone explain why I noticed that subtitle mismatch. I tried clearing cache, switching devices, and signing out, but the problem keeps happening. Plz help.",Content & Academic,Urgent,Medium
"subscrption... assignment unclear, plz fix. Kindly investigate.",Content & Academic,Urgent,Low
wrong quiz answer,Content & Academic,Frustrated,Low
"Please help, outdated content. Kindly investigate.",Content & Academic,Neutral,Medium
"Urgent: I noticed that empty chapter. I tried clearing cache, switching devices, and signing out, but the problem keeps happening. Plz help.",Content & Academic,Neutral,Low
"subscrption... subtitle mismatch, plz fix. Really disappointed.",Content & Academic,Urgent,Low
old syllabus,Content & Academic,Angry,Low
This is unacceptable. empty chapter. Really disappointed.,Content & Academic,Confused,Low
"Urgent: I noticed that wrong quiz answer. I tried clearing cache, switching devices, and signing out, but the problem keeps happening. Waiting for a response.",Content & Academic,Neutral,Low
"pasword... missing lesson, plz fix. Really disappointed.",Content & Academic,Angry,Medium
old syllabus,Content & Academic,Frustrated,Medium
Urgent: outdated content. This is affecting my studies.,Content & Academic,Neutral,Medium
"Honestly, I noticed that empty chapter. I tried clearing cache, switching devices, and signing out, but the problem keeps happening. This is affecting my studies.",Content & Academic,Neutral,Medium
"plz... assignment unclear, plz fix. Really disappointed.",Content & Academic,Neutral,Low
duplicate module,Content & Academic,Angry,Medium
"Honestly, old syllabus. Really disappointed.",Content & Academic,Angry,Low
"Please help, I noticed that empty chapter. I tried clearing cache, switching devices, and signing out, but the problem keeps happening. Thanks.",Content & Academic,Urgent,Medium
"asap... missing lesson, plz fix. Need this fixed ASAP.",Content & Academic,Frustrated,Low
missing lesson,Content & Academic,Frustrated,Low
This is unacceptable. missing lesson. Kindly investigate.,Content & Academic,Frustrated,Low
"I'm confused because I noticed that wrong quiz answer. I tried clearing cache, switching devices, and signing out, but the problem keeps happening. ",Content & Academic,Urgent,Medium
"cnt... examples outdated, plz fix. idk what's happening.",Content & Academic,Neutral,Medium
download broken,Certificates & Progress,Urgent,High
"Please help, completion not saved. Plz help.",Certificates & Progress,Urgent,High
"Ever since yesterday, I noticed that PDF won't open. I tried clearing cache, switching devices, and signing out, but the problem keeps happening. Thanks.",Certificates & Progress,Angry,Critical
"pasword... certificate missing, plz fix. Plz help.",Certificates & Progress,Angry,Medium
certificate typo,Certificates & Progress,Confused,Medium
Urgent: completion reset. Thanks.,Certificates & Progress,Neutral,Medium
" I noticed that tracker not updating. I tried clearing cache, switching devices, and signing out, but the problem keeps happening. Really disappointed.",Certificates & Progress,Urgent,Medium
"subscrption... tracker not updating, plz fix. Thanks.",Certificates & Progress,Neutral,Medium
badge disappeared,Certificates & Progress,Angry,Critical
Urgent: completion reset. idk what's happening.,Certificates & Progress,Confused,High
"This is unacceptable. I noticed that progress stuck. I tried clearing cache, switching devices, and signing out, but the problem keeps happening. Waiting for a response.",Certificates & Progress,Urgent,Critical
"subscrption... certificate typo, plz fix. Really disappointed.",Certificates & Progress,Confused,Medium
download broken,Certificates & Progress,Urgent,Medium
 progress stuck. Need this fixed ASAP.,Certificates & Progress,Confused,High
" I noticed that certificate missing. I tried clearing cache, switching devices, and signing out, but the problem keeps happening. Need this fixed ASAP.",Certificates & Progress,Angry,Critical
"pasword... completion reset, plz fix. ",Certificates & Progress,Angry,Medium
badge disappeared,Certificates & Progress,Urgent,Critical
 PDF won't open. idk what's happening.,Certificates & Progress,Neutral,Critical
"Urgent: I noticed that tracker not updating. I tried clearing cache, switching devices, and signing out, but the problem keeps happening. This is affecting my studies.",Certificates & Progress,Frustrated,Critical
"cnt... tracker not updating, plz fix. Waiting for a response.",Certificates & Progress,Confused,High
certificate missing,Certificates & Progress,Neutral,Medium
"After the latest update, PDF won't open. Waiting for a response.",Certificates & Progress,Angry,High
"Ever since yesterday, I noticed that certificate missing. I tried clearing cache, switching devices, and signing out, but the problem keeps happening. Really disappointed.",Certificates & Progress,Urgent,Critical
"vid... assessment locked, plz fix. Waiting for a response.",Certificates & Progress,Angry,Critical
completion not saved,Certificates & Progress,Frustrated,Critical
 completion reset. Waiting for a response.,Certificates & Progress,Frustrated,Medium
"Ever since yesterday, I noticed that completion reset. I tried clearing cache, switching devices, and signing out, but the problem keeps happening. Need this fixed ASAP.",Certificates & Progress,Neutral,High
"cnt... download broken, plz fix. Waiting for a response.",Certificates & Progress,Confused,Medium
PDF won't open,Certificates & Progress,Frustrated,Critical
"After the latest update, progress stuck. ",Certificates & Progress,Neutral,Critical
"Can someone explain why I noticed that badge disappeared. I tried clearing cache, switching devices, and signing out, but the problem keeps happening. Need this fixed ASAP.",Certificates & Progress,Neutral,Medium
"plz... badge disappeared, plz fix. ",Certificates & Progress,Neutral,Medium
assessment locked,Certificates & Progress,Angry,Medium
"Honestly, completion not saved. Really disappointed.",Certificates & Progress,Confused,Medium
" I noticed that completion reset. I tried clearing cache, switching devices, and signing out, but the problem keeps happening. Really disappointed.",Certificates & Progress,Frustrated,Medium
"cnt... progress stuck, plz fix. Really disappointed.",Certificates & Progress,Frustrated,High
tracker not updating,Certificates & Progress,Angry,High
"Please help, badge disappeared. Plz help.",Certificates & Progress,Angry,Critical
"Hi team, I noticed that progress stuck. I tried clearing cache, switching devices, and signing out, but the problem keeps happening. Plz help.",Certificates & Progress,Frustrated,High
"pasword... certificate typo, plz fix. Thanks.",Certificates & Progress,Angry,Critical
assessment locked,Certificates & Progress,Neutral,Medium
"Honestly, assessment locked. Kindly investigate.",Certificates & Progress,Frustrated,High
"Hi team, I noticed that download broken. I tried clearing cache, switching devices, and signing out, but the problem keeps happening. Plz help.",Certificates & Progress,Urgent,Medium
"biling... certificate typo, plz fix. Plz help.",Certificates & Progress,Angry,Critical
badge disappeared,Certificates & Progress,Angry,Critical
"Honestly, certificate typo. Kindly investigate.",Certificates & Progress,Angry,High
"I'm confused because I noticed that download broken. I tried clearing cache, switching devices, and signing out, but the problem keeps happening. Plz help.",Certificates & Progress,Confused,Medium
"vid... progress stuck, plz fix. Really disappointed.",Certificates & Progress,Angry,High
badge disappeared,Certificates & Progress,Angry,Medium
Can someone explain why progress stuck. Thanks.,Certificates & Progress,Angry,High
"After the latest update, I noticed that tracker not updating. I tried clearing cache, switching devices, and signing out, but the problem keeps happening. Kindly investigate.",Certificates & Progress,Confused,Medium
"pasword... assessment locked, plz fix. Really disappointed.",Certificates & Progress,Neutral,High
certificate typo,Certificates & Progress,Neutral,Critical
This is unacceptable. certificate typo. This is affecting my studies.,Certificates & Progress,Confused,Critical
" I noticed that tracker not updating. I tried clearing cache, switching devices, and signing out, but the problem keeps happening. idk what's happening.",Certificates & Progress,Neutral,High
"biling... download broken, plz fix. Need this fixed ASAP.",Certificates & Progress,Confused,High
progress stuck,Certificates & Progress,Angry,Critical
I'm confused because tracker not updating. Thanks.,Certificates & Progress,Neutral,Critical
"Ever since yesterday, I noticed that assessment locked. I tried clearing cache, switching devices, and signing out, but the problem keeps happening. This is affecting my studies.",Certificates & Progress,Neutral,Critical
"biling... completion reset, plz fix. Need this fixed ASAP.",Certificates & Progress,Neutral,Medium
completion not saved,Certificates & Progress,Urgent,Medium
This is unacceptable. progress stuck. Plz help.,Certificates & Progress,Urgent,High
"This is unacceptable. I noticed that certificate missing. I tried clearing cache, switching devices, and signing out, but the problem keeps happening. Need this fixed ASAP.",Certificates & Progress,Frustrated,Medium
"vid... download broken, plz fix. This is affecting my studies.",Certificates & Progress,Confused,Medium
assessment locked,Certificates & Progress,Neutral,Critical
 assessment locked. Kindly investigate.,Certificates & Progress,Frustrated,Critical
" I noticed that certificate missing. I tried clearing cache, switching devices, and signing out, but the problem keeps happening. Really disappointed.",Certificates & Progress,Frustrated,Critical
"pasword... assessment locked, plz fix. Plz help.",Certificates & Progress,Confused,High
assessment locked,Certificates & Progress,Urgent,Critical
"After the latest update, tracker not updating. This is affecting my studies.",Certificates & Progress,Confused,High
"Honestly, I noticed that certificate missing. I tried clearing cache, switching devices, and signing out, but the problem keeps happening. Need this fixed ASAP.",Certificates & Progress,Urgent,Medium
"subscrption... badge disappeared, plz fix. Plz help.",Certificates & Progress,Neutral,High
assessment locked,Certificates & Progress,Confused,High
Urgent: completion not saved. idk what's happening.,Certificates & Progress,Angry,Medium
"After the latest update, I noticed that badge disappeared. I tried clearing cache, switching devices, and signing out, but the problem keeps happening. Thanks.",Certificates & Progress,Urgent,High
"cnt... assessment locked, plz fix. This is affecting my studies.",Certificates & Progress,Neutral,Medium
certificate missing,Certificates & Progress,Frustrated,High
Urgent: completion not saved. idk what's happening.,Certificates & Progress,Neutral,High
"This is unacceptable. I noticed that certificate typo. I tried clearing cache, switching devices, and signing out, but the problem keeps happening. Really disappointed.",Certificates & Progress,Angry,Critical
"pasword... progress stuck, plz fix. Kindly investigate.",Certificates & Progress,Urgent,High
magic link expired.,Authentication & Access,Neutral,High
"Hello LearnSphere Support,

I hope you are doing well. I am writing to report that magic link expired. I have already tried different browsers and devices but the issue persists. Kindly look into this at the earliest.

Regards,
A learner",Authentication & Access,Frustrated,Critical
"Dear Support Team,

This email is regarding email verification blocked. The problem is preventing me from continuing my coursework. I would appreciate a prompt resolution.

Thank you.",Authentication & Access,Confused,High
I noticed browser sign-in mismatch after today's update. Could you please investigate? This is urgent.,Authentication & Access,Frustrated,High
"pls help, face login unavailable, idk why this keeps happening.",Authentication & Access,Urgent,Critical
browser sign-in mismatch.,Authentication & Access,Angry,Critical
"Hello LearnSphere Support,

I hope you are doing well. I am writing to report that face login unavailable. I have already tried different browsers and devices but the issue persists. Kindly look into this at the earliest.

Regards,
A learner",Authentication & Access,Neutral,High
"Dear Support Team,

This email is regarding email verification blocked. The problem is preventing me from continuing my coursework. I would appreciate a prompt resolution.

Thank you.",Authentication & Access,Neutral,Critical
I noticed session expires instantly after today's update. Could you please investigate? Please fix.,Authentication & Access,Neutral,High
"pls help, session expires instantly, idk why this keeps happening.",Authentication & Access,Urgent,Critical
unrecognized device verification looping.,Authentication & Access,Urgent,Critical
"Hello LearnSphere Support,

I hope you are doing well. I am writing to report that magic link expired. I have already tried different browsers and devices but the issue persists. Kindly look into this at the earliest.

Regards,
A learner",Authentication & Access,Urgent,Critical
"Dear Support Team,

This email is regarding face login unavailable. The problem is preventing me from continuing my coursework. I would appreciate a prompt resolution.

Thank you.",Authentication & Access,Neutral,Critical
I noticed campus SSO redirects endlessly after today's update. Could you please investigate? Awaiting your response.,Authentication & Access,Confused,High
"pls help, magic link expired, idk why this keeps happening.",Authentication & Access,Urgent,High
campus SSO redirects endlessly.,Authentication & Access,Urgent,Critical
"Hello LearnSphere Support,

I hope you are doing well. I am writing to report that face login unavailable. I have already tried different browsers and devices but the issue persists. Kindly look into this at the earliest.

Regards,
A learner",Authentication & Access,Frustrated,Critical
"Dear Support Team,

This email is regarding campus SSO redirects endlessly. The problem is preventing me from continuing my coursework. I would appreciate a prompt resolution.

Thank you.",Authentication & Access,Confused,Critical
I noticed browser sign-in mismatch after today's update. Could you please investigate? This is urgent.,Authentication & Access,Angry,Critical
"pls help, email verification blocked, idk why this keeps happening.",Authentication & Access,Frustrated,Critical
magic link expired.,Authentication & Access,Confused,High
"Hello LearnSphere Support,

I hope you are doing well. I am writing to report that browser sign-in mismatch. I have already tried different browsers and devices but the issue persists. Kindly look into this at the earliest.

Regards,
A learner",Authentication & Access,Frustrated,Critical
"Dear Support Team,

This email is regarding security challenge repeats. The problem is preventing me from continuing my coursework. I would appreciate a prompt resolution.

Thank you.",Authentication & Access,Urgent,High
I noticed session expires instantly after today's update. Could you please investigate? Please fix.,Authentication & Access,Confused,High
"pls help, email verification blocked, idk why this keeps happening.",Authentication & Access,Urgent,Critical
unrecognized device verification looping.,Authentication & Access,Angry,Critical
"Hello LearnSphere Support,

I hope you are doing well. I am writing to report that magic link expired. I have already tried different browsers and devices but the issue persists. Kindly look into this at the earliest.

Regards,
A learner",Authentication & Access,Neutral,Critical
"Dear Support Team,

This email is regarding face login unavailable. The problem is preventing me from continuing my coursework. I would appreciate a prompt resolution.

Thank you.",Authentication & Access,Frustrated,Critical
I noticed face login unavailable after today's update. Could you please investigate? Awaiting your response.,Authentication & Access,Confused,Critical
"pls help, browser sign-in mismatch, idk why this keeps happening.",Authentication & Access,Urgent,High
campus SSO redirects endlessly.,Authentication & Access,Frustrated,High
"Hello LearnSphere Support,

I hope you are doing well. I am writing to report that email verification blocked. I have already tried different browsers and devices but the issue persists. Kindly look into this at the earliest.

Regards,
A learner",Authentication & Access,Urgent,High
"Dear Support Team,

This email is regarding session expires instantly. The problem is preventing me from continuing my coursework. I would appreciate a prompt resolution.

Thank you.",Authentication & Access,Angry,Critical
I noticed browser sign-in mismatch after today's update. Could you please investigate? This is urgent.,Authentication & Access,Neutral,High
"pls help, security challenge repeats, idk why this keeps happening.",Authentication & Access,Urgent,Critical
security challenge repeats.,Authentication & Access,Angry,High
"Hello LearnSphere Support,

I hope you are doing well. I am writing to report that face login unavailable. I have already tried different browsers and devices but the issue persists. Kindly look into this at the earliest.

Regards,
A learner",Authentication & Access,Angry,High
"Dear Support Team,

This email is regarding campus SSO redirects endlessly. The problem is preventing me from continuing my coursework. I would appreciate a prompt resolution.

Thank you.",Authentication & Access,Angry,High
I noticed unrecognized device verification looping after today's update. Could you please investigate? Please fix.,Authentication & Access,Angry,High
"pls help, unrecognized device verification looping, idk why this keeps happening.",Authentication & Access,Urgent,Critical
corporate invoice incorrect.,Billing & Subscriptions,Urgent,High
"Hello LearnSphere Support,

I hope you are doing well. I am writing to report that trial converted unexpectedly. I have already tried different browsers and devices but the issue persists. Kindly look into this at the earliest.

Regards,
A learner",Billing & Subscriptions,Neutral,High
"Dear Support Team,

This email is regarding enterprise seat billed twice. The problem is preventing me from continuing my coursework. I would appreciate a prompt resolution.

Thank you.",Billing & Subscriptions,Angry,High
I noticed wallet credit missing after today's update. Could you please investigate? Thank you.,Billing & Subscriptions,Confused,Critical
"pls help, tax amount incorrect, idk why this keeps happening.",Billing & Subscriptions,Frustrated,Critical
tax amount incorrect.,Billing & Subscriptions,Urgent,Critical
"Hello LearnSphere Support,

I hope you are doing well. I am writing to report that student discount not applied. I have already tried different browsers and devices but the issue persists. Kindly look into this at the earliest.

Regards,
A learner",Billing & Subscriptions,Frustrated,High
"Dear Support Team,

This email is regarding refund promised but absent. The problem is preventing me from continuing my coursework. I would appreciate a prompt resolution.

Thank you.",Billing & Subscriptions,Confused,Critical
I noticed enterprise seat billed twice after today's update. Could you please investigate? ,Billing & Subscriptions,Angry,Critical
"pls help, corporate invoice incorrect, idk why this keeps happening.",Billing & Subscriptions,Angry,High
enterprise seat billed twice.,Billing & Subscriptions,Angry,Critical
"Hello LearnSphere Support,

I hope you are doing well. I am writing to report that receipt missing. I have already tried different browsers and devices but the issue persists. Kindly look into this at the earliest.

Regards,
A learner",Billing & Subscriptions,Urgent,Critical
"Dear Support Team,

This email is regarding enterprise seat billed twice. The problem is preventing me from continuing my coursework. I would appreciate a prompt resolution.

Thank you.",Billing & Subscriptions,Angry,High
I noticed enterprise seat billed twice after today's update. Could you please investigate? Please fix.,Billing & Subscriptions,Confused,High
"pls help, corporate invoice incorrect, idk why this keeps happening.",Billing & Subscriptions,Frustrated,Critical
enterprise seat billed twice.,Billing & Subscriptions,Urgent,Critical
"Hello LearnSphere Support,

I hope you are doing well. I am writing to report that corporate invoice incorrect. I have already tried different browsers and devices but the issue persists. Kindly look into this at the earliest.

Regards,
A learner",Billing & Subscriptions,Angry,Critical
"Dear Support Team,

This email is regarding tax amount incorrect. The problem is preventing me from continuing my coursework. I would appreciate a prompt resolution.

Thank you.",Billing & Subscriptions,Frustrated,High
I noticed trial converted unexpectedly after today's update. Could you please investigate? Awaiting your response.,Billing & Subscriptions,Angry,Critical
"pls help, wallet credit missing, idk why this keeps happening.",Billing & Subscriptions,Neutral,Critical
wallet credit missing.,Billing & Subscriptions,Frustrated,High
"Hello LearnSphere Support,

I hope you are doing well. I am writing to report that wallet credit missing. I have already tried different browsers and devices but the issue persists. Kindly look into this at the earliest.

Regards,
A learner",Billing & Subscriptions,Frustrated,Critical
"Dear Support Team,

This email is regarding trial converted unexpectedly. The problem is preventing me from continuing my coursework. I would appreciate a prompt resolution.

Thank you.",Billing & Subscriptions,Neutral,Critical
I noticed refund promised but absent after today's update. Could you please investigate? Kindly assist.,Billing & Subscriptions,Neutral,High
"pls help, refund promised but absent, idk why this keeps happening.",Billing & Subscriptions,Neutral,High
tax amount incorrect.,Billing & Subscriptions,Confused,High
"Hello LearnSphere Support,

I hope you are doing well. I am writing to report that wallet credit missing. I have already tried different browsers and devices but the issue persists. Kindly look into this at the earliest.

Regards,
A learner",Billing & Subscriptions,Urgent,High
"Dear Support Team,

This email is regarding corporate invoice incorrect. The problem is preventing me from continuing my coursework. I would appreciate a prompt resolution.

Thank you.",Billing & Subscriptions,Confused,High
I noticed student discount not applied after today's update. Could you please investigate? Thank you.,Billing & Subscriptions,Neutral,High
"pls help, corporate invoice incorrect, idk why this keeps happening.",Billing & Subscriptions,Confused,Critical
trial converted unexpectedly.,Billing & Subscriptions,Urgent,Critical
"Hello LearnSphere Support,

I hope you are doing well. I am writing to report that receipt missing. I have already tried different browsers and devices but the issue persists. Kindly look into this at the earliest.

Regards,
A learner",Billing & Subscriptions,Frustrated,Critical
"Dear Support Team,

This email is regarding receipt missing. The problem is preventing me from continuing my coursework. I would appreciate a prompt resolution.

Thank you.",Billing & Subscriptions,Confused,High
I noticed refund promised but absent after today's update. Could you please investigate? Kindly assist.,Billing & Subscriptions,Neutral,Critical
"pls help, refund promised but absent, idk why this keeps happening.",Billing & Subscriptions,Frustrated,High
tax amount incorrect.,Billing & Subscriptions,Neutral,Critical
"Hello LearnSphere Support,

I hope you are doing well. I am writing to report that corporate invoice incorrect. I have already tried different browsers and devices but the issue persists. Kindly look into this at the earliest.

Regards,
A learner",Billing & Subscriptions,Confused,High
"Dear Support Team,

This email is regarding tax amount incorrect. The problem is preventing me from continuing my coursework. I would appreciate a prompt resolution.

Thank you.",Billing & Subscriptions,Angry,Critical
I noticed refund promised but absent after today's update. Could you please investigate? Kindly assist.,Billing & Subscriptions,Frustrated,Critical
"pls help, corporate invoice incorrect, idk why this keeps happening.",Billing & Subscriptions,Frustrated,High
course filter resets.,Platform Bugs & UI,Frustrated,Medium
"Hello LearnSphere Support,

I hope you are doing well. I am writing to report that course filter resets. I have already tried different browsers and devices but the issue persists. Kindly look into this at the earliest.

Regards,
A learner",Platform Bugs & UI,Frustrated,Medium
"Dear Support Team,

This email is regarding theme switches randomly. The problem is preventing me from continuing my coursework. I would appreciate a prompt resolution.

Thank you.",Platform Bugs & UI,Urgent,High
I noticed keyboard shortcuts stop working after today's update. Could you please investigate? ,Platform Bugs & UI,Confused,High
"pls help, screen reader navigation fails, idk why this keeps happening.",Platform Bugs & UI,Urgent,Medium
theme switches randomly.,Platform Bugs & UI,Angry,Low
"Hello LearnSphere Support,

I hope you are doing well. I am writing to report that captions overlap controls. I have already tried different browsers and devices but the issue persists. Kindly look into this at the earliest.

Regards,
A learner",Platform Bugs & UI,Neutral,Low
"Dear Support Team,

This email is regarding calendar widget broken. The problem is preventing me from continuing my coursework. I would appreciate a prompt resolution.

Thank you.",Platform Bugs & UI,Confused,High
I noticed captions overlap controls after today's update. Could you please investigate? Please fix.,Platform Bugs & UI,Urgent,High
"pls help, calendar widget broken, idk why this keeps happening.",Platform Bugs & UI,Angry,Medium
keyboard shortcuts stop working.,Platform Bugs & UI,Angry,Low
"Hello LearnSphere Support,

I hope you are doing well. I am writing to report that calendar widget broken. I have already tried different browsers and devices but the issue persists. Kindly look into this at the earliest.

Regards,
A learner",Platform Bugs & UI,Confused,High
"Dear Support Team,

This email is regarding keyboard shortcuts stop working. The problem is preventing me from continuing my coursework. I would appreciate a prompt resolution.

Thank you.",Platform Bugs & UI,Angry,Low
I noticed calendar widget broken after today's update. Could you please investigate? This is urgent.,Platform Bugs & UI,Neutral,Medium
"pls help, theme switches randomly, idk why this keeps happening.",Platform Bugs & UI,Frustrated,Low
discussion page hangs.,Platform Bugs & UI,Angry,High
"Hello LearnSphere Support,

I hope you are doing well. I am writing to report that screen reader navigation fails. I have already tried different browsers and devices but the issue persists. Kindly look into this at the earliest.

Regards,
A learner",Platform Bugs & UI,Angry,Low
"Dear Support Team,

This email is regarding keyboard shortcuts stop working. The problem is preventing me from continuing my coursework. I would appreciate a prompt resolution.

Thank you.",Platform Bugs & UI,Urgent,High
I noticed keyboard shortcuts stop working after today's update. Could you please investigate? ,Platform Bugs & UI,Urgent,High
"pls help, keyboard shortcuts stop working, idk why this keeps happening.",Platform Bugs & UI,Urgent,Medium
calendar widget broken.,Platform Bugs & UI,Frustrated,Low
"Hello LearnSphere Support,

I hope you are doing well. I am writing to report that theme switches randomly. I have already tried different browsers and devices but the issue persists. Kindly look into this at the earliest.

Regards,
A learner",Platform Bugs & UI,Neutral,High
"Dear Support Team,

This email is regarding screen reader navigation fails. The problem is preventing me from continuing my coursework. I would appreciate a prompt resolution.

Thank you.",Platform Bugs & UI,Urgent,Low
I noticed calendar widget broken after today's update. Could you please investigate? Thank you.,Platform Bugs & UI,Urgent,Low
"pls help, theme switches randomly, idk why this keeps happening.",Platform Bugs & UI,Confused,High
calendar widget broken.,Platform Bugs & UI,Confused,Medium
"Hello LearnSphere Support,

I hope you are doing well. I am writing to report that theme switches randomly. I have already tried different browsers and devices but the issue persists. Kindly look into this at the earliest.

Regards,
A learner",Platform Bugs & UI,Angry,Medium
"Dear Support Team,

This email is regarding keyboard shortcuts stop working. The problem is preventing me from continuing my coursework. I would appreciate a prompt resolution.

Thank you.",Platform Bugs & UI,Angry,Medium
I noticed screen reader navigation fails after today's update. Could you please investigate? Kindly assist.,Platform Bugs & UI,Angry,High
"pls help, offline mode sync fails, idk why this keeps happening.",Platform Bugs & UI,Frustrated,Medium
keyboard shortcuts stop working.,Platform Bugs & UI,Urgent,Low
"Hello LearnSphere Support,

I hope you are doing well. I am writing to report that course filter resets. I have already tried different browsers and devices but the issue persists. Kindly look into this at the earliest.

Regards,
A learner",Platform Bugs & UI,Confused,Low
"Dear Support Team,

This email is regarding discussion page hangs. The problem is preventing me from continuing my coursework. I would appreciate a prompt resolution.

Thank you.",Platform Bugs & UI,Urgent,Low
I noticed screen reader navigation fails after today's update. Could you please investigate? This is urgent.,Platform Bugs & UI,Neutral,High
"pls help, captions overlap controls, idk why this keeps happening.",Platform Bugs & UI,Confused,High
screen reader navigation fails.,Platform Bugs & UI,Frustrated,High
"Hello LearnSphere Support,

I hope you are doing well. I am writing to report that calendar widget broken. I have already tried different browsers and devices but the issue persists. Kindly look into this at the earliest.

Regards,
A learner",Platform Bugs & UI,Neutral,Low
"Dear Support Team,

This email is regarding calendar widget broken. The problem is preventing me from continuing my coursework. I would appreciate a prompt resolution.

Thank you.",Platform Bugs & UI,Frustrated,High
I noticed offline mode sync fails after today's update. Could you please investigate? Awaiting your response.,Platform Bugs & UI,Frustrated,Medium
"pls help, calendar widget broken, idk why this keeps happening.",Platform Bugs & UI,Neutral,Medium
reading order confusing.,Content & Academic,Neutral,Medium
"Hello LearnSphere Support,

I hope you are doing well. I am writing to report that exam explanation missing. I have already tried different browsers and devices but the issue persists. Kindly look into this at the earliest.

Regards,
A learner",Content & Academic,Frustrated,Medium
"Dear Support Team,

This email is regarding reference links dead. The problem is preventing me from continuing my coursework. I would appreciate a prompt resolution.

Thank you.",Content & Academic,Frustrated,Medium
I noticed reference links dead after today's update. Could you please investigate? Thank you.,Content & Academic,Confused,Medium
"pls help, rubric inconsistent, idk why this keeps happening.",Content & Academic,Confused,Medium
reference links dead.,Content & Academic,Neutral,Low
"Hello LearnSphere Support,

I hope you are doing well. I am writing to report that lab instructions incomplete. I have already tried different browsers and devices but the issue persists. Kindly look into this at the earliest.

Regards,
A learner",Content & Academic,Urgent,Low
"Dear Support Team,

This email is regarding practice dataset unavailable. The problem is preventing me from continuing my coursework. I would appreciate a prompt resolution.

Thank you.",Content & Academic,Urgent,Low
I noticed practice dataset unavailable after today's update. Could you please investigate? Please fix.,Content & Academic,Frustrated,Medium
"pls help, reading order confusing, idk why this keeps happening.",Content & Academic,Frustrated,Medium
lab instructions incomplete.,Content & Academic,Confused,Low
"Hello LearnSphere Support,

I hope you are doing well. I am writing to report that lab instructions incomplete. I have already tried different browsers and devices but the issue persists. Kindly look into this at the earliest.

Regards,
A learner",Content & Academic,Angry,Low
"Dear Support Team,

This email is regarding reading order confusing. The problem is preventing me from continuing my coursework. I would appreciate a prompt resolution.

Thank you.",Content & Academic,Frustrated,Low
I noticed rubric inconsistent after today's update. Could you please investigate? This is urgent.,Content & Academic,Frustrated,Medium
"pls help, mentor notes outdated, idk why this keeps happening.",Content & Academic,Angry,Low
mentor notes outdated.,Content & Academic,Confused,Low
"Hello LearnSphere Support,

I hope you are doing well. I am writing to report that reference links dead. I have already tried different browsers and devices but the issue persists. Kindly look into this at the earliest.

Regards,
A learner",Content & Academic,Frustrated,Low
"Dear Support Team,

This email is regarding mentor notes outdated. The problem is preventing me from continuing my coursework. I would appreciate a prompt resolution.

Thank you.",Content & Academic,Confused,Low
I noticed translation inaccurate after today's update. Could you please investigate? Please fix.,Content & Academic,Confused,Low
"pls help, mentor notes outdated, idk why this keeps happening.",Content & Academic,Frustrated,Low
practice dataset unavailable.,Content & Academic,Urgent,Medium
"Hello LearnSphere Support,

I hope you are doing well. I am writing to report that translation inaccurate. I have already tried different browsers and devices but the issue persists. Kindly look into this at the earliest.

Regards,
A learner",Content & Academic,Urgent,Low
"Dear Support Team,

This email is regarding translation inaccurate. The problem is preventing me from continuing my coursework. I would appreciate a prompt resolution.

Thank you.",Content & Academic,Urgent,Low
I noticed translation inaccurate after today's update. Could you please investigate? Kindly assist.,Content & Academic,Angry,Low
"pls help, rubric inconsistent, idk why this keeps happening.",Content & Academic,Frustrated,Medium
rubric inconsistent.,Content & Academic,Confused,Low
"Hello LearnSphere Support,

I hope you are doing well. I am writing to report that reference links dead. I have already tried different browsers and devices but the issue persists. Kindly look into this at the earliest.

Regards,
A learner",Content & Academic,Angry,Medium
"Dear Support Team,

This email is regarding reading order confusing. The problem is preventing me from continuing my coursework. I would appreciate a prompt resolution.

Thank you.",Content & Academic,Frustrated,Low
I noticed reference links dead after today's update. Could you please investigate? Kindly assist.,Content & Academic,Urgent,Low
"pls help, reference links dead, idk why this keeps happening.",Content & Academic,Confused,Low
practice dataset unavailable.,Content & Academic,Urgent,Medium
"Hello LearnSphere Support,

I hope you are doing well. I am writing to report that exam explanation missing. I have already tried different browsers and devices but the issue persists. Kindly look into this at the earliest.

Regards,
A learner",Content & Academic,Confused,Medium
"Dear Support Team,

This email is regarding practice dataset unavailable. The problem is preventing me from continuing my coursework. I would appreciate a prompt resolution.

Thank you.",Content & Academic,Neutral,Medium
I noticed translation inaccurate after today's update. Could you please investigate? Kindly assist.,Content & Academic,Neutral,Low
"pls help, rubric inconsistent, idk why this keeps happening.",Content & Academic,Urgent,Low
mentor notes outdated.,Content & Academic,Frustrated,Medium
"Hello LearnSphere Support,

I hope you are doing well. I am writing to report that translation inaccurate. I have already tried different browsers and devices but the issue persists. Kindly look into this at the earliest.

Regards,
A learner",Content & Academic,Urgent,Low
"Dear Support Team,

This email is regarding reference links dead. The problem is preventing me from continuing my coursework. I would appreciate a prompt resolution.

Thank you.",Content & Academic,Angry,Medium
I noticed exam explanation missing after today's update. Could you please investigate? Thank you.,Content & Academic,Confused,Low
"pls help, translation inaccurate, idk why this keeps happening.",Content & Academic,Neutral,Low
gradebook incomplete.,Certificates & Progress,Urgent,Medium
"Hello LearnSphere Support,

I hope you are doing well. I am writing to report that gradebook incomplete. I have already tried different browsers and devices but the issue persists. Kindly look into this at the earliest.

Regards,
A learner",Certificates & Progress,Confused,Critical
"Dear Support Team,

This email is regarding digital badge unavailable. The problem is preventing me from continuing my coursework. I would appreciate a prompt resolution.

Thank you.",Certificates & Progress,Urgent,Medium
I noticed gradebook incomplete after today's update. Could you please investigate? Awaiting your response.,Certificates & Progress,Confused,High
"pls help, certificate QR invalid, idk why this keeps happening.",Certificates & Progress,Angry,High
course marked unfinished.,Certificates & Progress,Neutral,Medium
"Hello LearnSphere Support,

I hope you are doing well. I am writing to report that digital badge unavailable. I have already tried different browsers and devices but the issue persists. Kindly look into this at the earliest.

Regards,
A learner",Certificates & Progress,Urgent,High
"Dear Support Team,

This email is regarding transcript export failed. The problem is preventing me from continuing my coursework. I would appreciate a prompt resolution.

Thank you.",Certificates & Progress,Neutral,Medium
I noticed transcript export failed after today's update. Could you please investigate? ,Certificates & Progress,Frustrated,High
"pls help, gradebook incomplete, idk why this keeps happening.",Certificates & Progress,Confused,High
gradebook incomplete.,Certificates & Progress,Neutral,Critical
"Hello LearnSphere Support,

I hope you are doing well. I am writing to report that certificate QR invalid. I have already tried different browsers and devices but the issue persists. Kindly look into this at the earliest.

Regards,
A learner",Certificates & Progress,Neutral,Medium
"Dear Support Team,

This email is regarding certificate QR invalid. The problem is preventing me from continuing my coursework. I would appreciate a prompt resolution.

Thank you.",Certificates & Progress,Confused,Medium
I noticed certificate verification page unavailable after today's update. Could you please investigate? Please fix.,Certificates & Progress,Neutral,Medium
"pls help, certificate verification page unavailable, idk why this keeps happening.",Certificates & Progress,Neutral,High
learning streak reset.,Certificates & Progress,Confused,Medium
"Hello LearnSphere Support,

I hope you are doing well. I am writing to report that transcript export failed. I have already tried different browsers and devices but the issue persists. Kindly look into this at the earliest.

Regards,
A learner",Certificates & Progress,Neutral,High
"Dear Support Team,

This email is regarding certificate QR invalid. The problem is preventing me from continuing my coursework. I would appreciate a prompt resolution.

Thank you.",Certificates & Progress,Urgent,High
I noticed learning streak reset after today's update. Could you please investigate? Thank you.,Certificates & Progress,Angry,High
"pls help, digital badge unavailable, idk why this keeps happening.",Certificates & Progress,Neutral,Critical
course marked unfinished.,Certificates & Progress,Frustrated,High
"Hello LearnSphere Support,

I hope you are doing well. I am writing to report that certificate QR invalid. I have already tried different browsers and devices but the issue persists. Kindly look into this at the earliest.

Regards,
A learner",Certificates & Progress,Frustrated,High
"Dear Support Team,

This email is regarding transcript export failed. The problem is preventing me from continuing my coursework. I would appreciate a prompt resolution.

Thank you.",Certificates & Progress,Frustrated,High
I noticed gradebook incomplete after today's update. Could you please investigate? ,Certificates & Progress,Frustrated,High
"pls help, certificate verification page unavailable, idk why this keeps happening.",Certificates & Progress,Confused,Critical
gradebook incomplete.,Certificates & Progress,Confused,Critical
"Hello LearnSphere Support,

I hope you are doing well. I am writing to report that transcript export failed. I have already tried different browsers and devices but the issue persists. Kindly look into this at the earliest.

Regards,
A learner",Certificates & Progress,Frustrated,Medium
"Dear Support Team,

This email is regarding learning streak reset. The problem is preventing me from continuing my coursework. I would appreciate a prompt resolution.

Thank you.",Certificates & Progress,Neutral,Critical
I noticed course marked unfinished after today's update. Could you please investigate? Awaiting your response.,Certificates & Progress,Frustrated,Medium
"pls help, course marked unfinished, idk why this keeps happening.",Certificates & Progress,Confused,Critical
digital badge unavailable.,Certificates & Progress,Confused,High
"Hello LearnSphere Support,

I hope you are doing well. I am writing to report that certificate verification page unavailable. I have already tried different browsers and devices but the issue persists. Kindly look into this at the earliest.

Regards,
A learner",Certificates & Progress,Neutral,High
"Dear Support Team,

This email is regarding course marked unfinished. The problem is preventing me from continuing my coursework. I would appreciate a prompt resolution.

Thank you.",Certificates & Progress,Neutral,Critical
I noticed completion synced incorrectly after today's update. Could you please investigate? Thank you.,Certificates & Progress,Angry,Critical
"pls help, digital badge unavailable, idk why this keeps happening.",Certificates & Progress,Neutral,Medium
transcript export failed.,Certificates & Progress,Urgent,High
"Hello LearnSphere Support,

I hope you are doing well. I am writing to report that completion synced incorrectly. I have already tried different browsers and devices but the issue persists. Kindly look into this at the earliest.

Regards,
A learner",Certificates & Progress,Urgent,High
"Dear Support Team,

This email is regarding certificate verification page unavailable. The problem is preventing me from continuing my coursework. I would appreciate a prompt resolution.

Thank you.",Certificates & Progress,Neutral,Critical
I noticed gradebook incomplete after today's update. Could you please investigate? Thank you.,Certificates & Progress,Urgent,Critical
"pls help, course marked unfinished, idk why this keeps happening.",Certificates & Progress,Urgent,Critical
OTP never arrives.,Authentication & Access,Frustrated,Critical
"Good evening, verification keeps failing. Kindly resolve this soon.",Authentication & Access,Confused,Critical
"Hey team, I'm facing an issue where OTP never arrives. I tried another browser, but nothing changed. Please escalate if necessary.",Authentication & Access,Frustrated,Medium
"Dear LearnSphere Support,

I am writing to formally report that password reset link expired. This problem has persisted for the last few days and is preventing me from using the platform effectively. I reinstalled the app without success. I would appreciate it if your technical team could investigate this matter at the earliest.

Kind regards,
A Learner",Authentication & Access,Confused,Critical
"Hello,

I understand technical problems can happen, but profile inaccessible. I have an upcoming deadline, so I'd be grateful if this could be resolved soon.

Thank you.",Authentication & Access,Frustrated,Critical
"subscrption... SSO not working, plz fix. this keeps happening every time.",Authentication & Access,Confused,High
"This wasn't happening before. Since the latest update, browser sign-in mismatch. It's inconsistent�sometimes it works, sometimes it doesn't�which makes it difficult to continue my coursework.",Authentication & Access,Neutral,Medium
"I'm honestly disappointed. credentials rejected. I pay for this service because I rely on it every day, and repeated interruptions are affecting my assignments and preparation. Please provide a permanent solution rather than a temporary workaround.",Authentication & Access,Angry,High
verification keeps failing.,Authentication & Access,Confused,Medium
"Hello Support, Google sign-in broken. Thank you.",Authentication & Access,Angry,Medium
"I hope you're doing well. I'm facing an issue where Apple sign-in unavailable. I checked my email spam folder, but nothing changed. Please look into this.",Authentication & Access,Angry,Critical
"Dear LearnSphere Support,

I am writing to formally report that OTP never arrives. This problem has persisted for the last few days and is preventing me from using the platform effectively. I updated the application without success. I would appreciate it if your technical team could investigate this matter at the earliest.

Kind regards,
A Learner",Authentication & Access,Frustrated,Critical
"Hello,

I understand technical problems can happen, but session expires immediately. I have an upcoming deadline, so I'd be grateful if this could be resolved soon.

Thank you.",Authentication & Access,Urgent,High
"biling... browser sign-in mismatch, plz fix. this keeps happening every time.",Authentication & Access,Frustrated,Medium
"This wasn't happening before. Since the latest update, magic link invalid. It's inconsistent�sometimes it works, sometimes it doesn't�which makes it difficult to continue my coursework.",Authentication & Access,Neutral,Medium
"I'm honestly disappointed. magic link invalid. I pay for this service because I rely on it every day, and repeated interruptions are affecting my assignments and preparation. Please provide a permanent solution rather than a temporary workaround.",Authentication & Access,Frustrated,High
verification keeps failing.,Authentication & Access,Angry,Critical
"Dear Support Team, Apple sign-in unavailable. Looking forward to your response.",Authentication & Access,Neutral,Medium
"Hello Support, I'm facing an issue where verification keeps failing. I switched devices, but nothing changed. Kindly resolve this soon.",Authentication & Access,Confused,High
"Dear LearnSphere Support,

I am writing to formally report that unexpected security challenge. This problem has persisted for the last few days and is preventing me from using the platform effectively. I checked my email spam folder without success. I would appreciate it if your technical team could investigate this matter at the earliest.

Kind regards,
A Learner",Authentication & Access,Urgent,Medium
"Hello,

I understand technical problems can happen, but Google sign-in broken. I have an upcoming deadline, so I'd be grateful if this could be resolved soon.

Thank you.",Authentication & Access,Frustrated,Medium
"vid... login loop, plz fix. this keeps happening every time.",Authentication & Access,Angry,High
"This wasn't happening before. Since the latest update, password reset link expired. It's inconsistent�sometimes it works, sometimes it doesn't�which makes it difficult to continue my coursework.",Authentication & Access,Confused,Critical
"I'm honestly disappointed. Google sign-in broken. I pay for this service because I rely on it every day, and repeated interruptions are affecting my assignments and preparation. Please provide a permanent solution rather than a temporary workaround.",Authentication & Access,Confused,Critical
login redirects forever.,Authentication & Access,Angry,Critical
"Dear Support Team, email verification stuck. This is affecting my learning.",Authentication & Access,Confused,Medium
"Hey team, I'm facing an issue where 2FA code invalid. I checked my email spam folder, but nothing changed. Please escalate if necessary.",Authentication & Access,Urgent,High
"Dear LearnSphere Support,

I am writing to formally report that Apple sign-in unavailable. This problem has persisted for the last few days and is preventing me from using the platform effectively. I reinstalled the app without success. I would appreciate it if your technical team could investigate this matter at the earliest.

Kind regards,
A Learner",Authentication & Access,Confused,Critical
"Hello,

I understand technical problems can happen, but login redirects forever. I have an upcoming deadline, so I'd be grateful if this could be resolved soon.

Thank you.",Authentication & Access,Frustrated,Medium
"pasword... OTP never arrives, plz fix. this keeps happening every time.",Authentication & Access,Confused,Critical
"This wasn't happening before. Since the latest update, account disappeared. It's inconsistent�sometimes it works, sometimes it doesn't�which makes it difficult to continue my coursework.",Authentication & Access,Urgent,Medium
"I'm honestly disappointed. unexpected security challenge. I pay for this service because I rely on it every day, and repeated interruptions are affecting my assignments and preparation. Please provide a permanent solution rather than a temporary workaround.",Authentication & Access,Angry,Critical
email verification stuck.,Authentication & Access,Urgent,High
"Hi LearnSphere Team, 2FA code invalid. Thank you.",Authentication & Access,Urgent,High
"Hello Support, I'm facing an issue where Google sign-in broken. I checked my email spam folder, but nothing changed. Please escalate if necessary.",Authentication & Access,Confused,High
"Dear LearnSphere Support,

I am writing to formally report that can't log in. This problem has persisted for the last few days and is preventing me from using the platform effectively. I checked my email spam folder without success. I would appreciate it if your technical team could investigate this matter at the earliest.

Kind regards,
A Learner",Authentication & Access,Urgent,Medium
"Hello,

I understand technical problems can happen, but auth server timeout. I have an upcoming deadline, so I'd be grateful if this could be resolved soon.

Thank you.",Authentication & Access,Frustrated,Critical
"biling... session expires immediately, plz fix. this keeps happening every time.",Authentication & Access,Confused,High
"This wasn't happening before. Since the latest update, credentials rejected. It's inconsistent�sometimes it works, sometimes it doesn't�which makes it difficult to continue my coursework.",Authentication & Access,Urgent,Critical
"I'm honestly disappointed. can't log in. I pay for this service because I rely on it every day, and repeated interruptions are affecting my assignments and preparation. Please provide a permanent solution rather than a temporary workaround.",Authentication & Access,Urgent,High
login redirects forever.,Authentication & Access,Frustrated,Medium
 Apple sign-in unavailable. Kindly resolve this soon.,Authentication & Access,Frustrated,Medium
"Hello Support, I'm facing an issue where browser sign-in mismatch. I tried another browser, but nothing changed. ",Authentication & Access,Frustrated,Critical
"Dear LearnSphere Support,

I am writing to formally report that account locked. This problem has persisted for the last few days and is preventing me from using the platform effectively. I switched devices without success. I would appreciate it if your technical team could investigate this matter at the earliest.

Kind regards,
A Learner",Authentication & Access,Angry,Critical
"Hello,

I understand technical problems can happen, but credentials rejected. I have an upcoming deadline, so I'd be grateful if this could be resolved soon.

Thank you.",Authentication & Access,Neutral,Critical
"subscrption... profile inaccessible, plz fix. this keeps happening every time.",Authentication & Access,Confused,Critical
"This wasn't happening before. Since the latest update, SSO not working. It's inconsistent�sometimes it works, sometimes it doesn't�which makes it difficult to continue my coursework.",Authentication & Access,Neutral,High
"I'm honestly disappointed. Apple sign-in unavailable. I pay for this service because I rely on it every day, and repeated interruptions are affecting my assignments and preparation. Please provide a permanent solution rather than a temporary workaround.",Authentication & Access,Angry,Critical
email verification stuck.,Authentication & Access,Frustrated,Medium
"Hello Support, magic link invalid. Looking forward to your response.",Authentication & Access,Frustrated,Critical
"Good evening, I'm facing an issue where 2FA code invalid. I reinstalled the app, but nothing changed. Please look into this.",Authentication & Access,Frustrated,Critical
"Dear LearnSphere Support,

I am writing to formally report that login loop. This problem has persisted for the last few days and is preventing me from using the platform effectively. I reinstalled the app without success. I would appreciate it if your technical team could investigate this matter at the earliest.

Kind regards,
A Learner",Authentication & Access,Frustrated,Medium
"Hello,

I understand technical problems can happen, but Google sign-in broken. I have an upcoming deadline, so I'd be grateful if this could be resolved soon.

Thank you.",Authentication & Access,Frustrated,Critical
"cnt... magic link invalid, plz fix. this keeps happening every time.",Authentication & Access,Angry,Medium
"This wasn't happening before. Since the latest update, 2FA code invalid. It's inconsistent�sometimes it works, sometimes it doesn't�which makes it difficult to continue my coursework.",Authentication & Access,Confused,Critical
"I'm honestly disappointed. browser sign-in mismatch. I pay for this service because I rely on it every day, and repeated interruptions are affecting my assignments and preparation. Please provide a permanent solution rather than a temporary workaround.",Authentication & Access,Urgent,High
magic link invalid.,Authentication & Access,Angry,High
"Hello Support, SSO not working. Thank you.",Authentication & Access,Angry,High
"To whom it may concern, I'm facing an issue where account disappeared. I even asked a classmate to verify the issue, but nothing changed. Please look into this.",Authentication & Access,Frustrated,Medium
"Dear LearnSphere Support,

I am writing to formally report that unexpected security challenge. This problem has persisted for the last few days and is preventing me from using the platform effectively. I logged out and back in without success. I would appreciate it if your technical team could investigate this matter at the earliest.

Kind regards,
A Learner",Authentication & Access,Frustrated,Medium
"Hello,

I understand technical problems can happen, but SSO not working. I have an upcoming deadline, so I'd be grateful if this could be resolved soon.

Thank you.",Authentication & Access,Confused,Critical
"pasword... email verification stuck, plz fix. this keeps happening every time.",Authentication & Access,Angry,Medium
"This wasn't happening before. Since the latest update, verification keeps failing. It's inconsistent�sometimes it works, sometimes it doesn't�which makes it difficult to continue my coursework.",Authentication & Access,Angry,Medium
"I'm honestly disappointed. password reset link expired. I pay for this service because I rely on it every day, and repeated interruptions are affecting my assignments and preparation. Please provide a permanent solution rather than a temporary workaround.",Authentication & Access,Angry,Critical
OTP never arrives.,Authentication & Access,Frustrated,Critical
"Hi LearnSphere Team, 2FA code invalid. Thank you.",Authentication & Access,Confused,Medium
"Urgent: I'm facing an issue where account disappeared. I even asked a classmate to verify the issue, but nothing changed. Kindly resolve this soon.",Authentication & Access,Angry,Medium
"Dear LearnSphere Support,

I am writing to formally report that credentials rejected. This problem has persisted for the last few days and is preventing me from using the platform effectively. I updated the application without success. I would appreciate it if your technical team could investigate this matter at the earliest.

Kind regards,
A Learner",Authentication & Access,Frustrated,High
"Hello,

I understand technical problems can happen, but verification keeps failing. I have an upcoming deadline, so I'd be grateful if this could be resolved soon.

Thank you.",Authentication & Access,Angry,High
"asap... account disappeared, plz fix. this keeps happening every time.",Authentication & Access,Confused,Medium
"This wasn't happening before. Since the latest update, session expires immediately. It's inconsistent�sometimes it works, sometimes it doesn't�which makes it difficult to continue my coursework.",Authentication & Access,Confused,Medium
"I'm honestly disappointed. browser sign-in mismatch. I pay for this service because I rely on it every day, and repeated interruptions are affecting my assignments and preparation. Please provide a permanent solution rather than a temporary workaround.",Authentication & Access,Urgent,Medium
Google sign-in broken.,Authentication & Access,Frustrated,Medium
Urgent: browser sign-in mismatch. Regards.,Authentication & Access,Frustrated,Critical
"Dear Support Team, I'm facing an issue where password reset link expired. I tried another browser, but nothing changed. Thank you.",Authentication & Access,Confused,High
"Dear LearnSphere Support,

I am writing to formally report that OTP never arrives. This problem has persisted for the last few days and is preventing me from using the platform effectively. I reinstalled the app without success. I would appreciate it if your technical team could investigate this matter at the earliest.

Kind regards,
A Learner",Authentication & Access,Urgent,Critical
"Hello,

I understand technical problems can happen, but login loop. I have an upcoming deadline, so I'd be grateful if this could be resolved soon.

Thank you.",Authentication & Access,Urgent,Medium
"vid... account disappeared, plz fix. this keeps happening every time.",Authentication & Access,Neutral,Medium
"This wasn't happening before. Since the latest update, Google sign-in broken. It's inconsistent�sometimes it works, sometimes it doesn't�which makes it difficult to continue my coursework.",Authentication & Access,Confused,High
"I'm honestly disappointed. unexpected security challenge. I pay for this service because I rely on it every day, and repeated interruptions are affecting my assignments and preparation. Please provide a permanent solution rather than a temporary workaround.",Authentication & Access,Confused,Critical
session expires immediately.,Authentication & Access,Angry,High
"Hi LearnSphere Team, password reset link expired. ",Authentication & Access,Urgent,Critical
"Hello Support, I'm facing an issue where OTP never arrives. I reinstalled the app, but nothing changed. This is affecting my learning.",Authentication & Access,Confused,High
"Dear LearnSphere Support,

I am writing to formally report that password reset link expired. This problem has persisted for the last few days and is preventing me from using the platform effectively. I reinstalled the app without success. I would appreciate it if your technical team could investigate this matter at the earliest.

Kind regards,
A Learner",Authentication & Access,Neutral,High
"Hello,

I understand technical problems can happen, but credentials rejected. I have an upcoming deadline, so I'd be grateful if this could be resolved soon.

Thank you.",Authentication & Access,Angry,Critical
"plz... session expires immediately, plz fix. this keeps happening every time.",Authentication & Access,Urgent,High
"This wasn't happening before. Since the latest update, OTP never arrives. It's inconsistent�sometimes it works, sometimes it doesn't�which makes it difficult to continue my coursework.",Authentication & Access,Confused,High
"I'm honestly disappointed. OTP never arrives. I pay for this service because I rely on it every day, and repeated interruptions are affecting my assignments and preparation. Please provide a permanent solution rather than a temporary workaround.",Authentication & Access,Frustrated,Critical
2FA code invalid.,Authentication & Access,Confused,High
"Good evening, session expires immediately. Looking forward to your response.",Authentication & Access,Confused,Critical
"Hey team, I'm facing an issue where verification keeps failing. I even asked a classmate to verify the issue, but nothing changed. This is affecting my learning.",Authentication & Access,Frustrated,Medium
"Dear LearnSphere Support,

I am writing to formally report that account disappeared. This problem has persisted for the last few days and is preventing me from using the platform effectively. I checked my email spam folder without success. I would appreciate it if your technical team could investigate this matter at the earliest.

Kind regards,
A Learner",Authentication & Access,Frustrated,Medium
"Hello,

I understand technical problems can happen, but Google sign-in broken. I have an upcoming deadline, so I'd be grateful if this could be resolved soon.

Thank you.",Authentication & Access,Confused,Critical
"pasword... verification keeps failing, plz fix. this keeps happening every time.",Authentication & Access,Angry,Critical
"This wasn't happening before. Since the latest update, account disappeared. It's inconsistent�sometimes it works, sometimes it doesn't�which makes it difficult to continue my coursework.",Authentication & Access,Urgent,Medium
"I'm honestly disappointed. OTP never arrives. I pay for this service because I rely on it every day, and repeated interruptions are affecting my assignments and preparation. Please provide a permanent solution rather than a temporary workaround.",Authentication & Access,Frustrated,Critical
account locked.,Authentication & Access,Urgent,Medium
"Hey team, Apple sign-in unavailable. Regards.",Authentication & Access,Angry,Medium
" I'm facing an issue where login loop. I logged out and back in, but nothing changed. Please look into this.",Authentication & Access,Neutral,Medium
"Dear LearnSphere Support,

I am writing to formally report that magic link invalid. This problem has persisted for the last few days and is preventing me from using the platform effectively. I tried another browser without success. I would appreciate it if your technical team could investigate this matter at the earliest.

Kind regards,
A Learner",Authentication & Access,Neutral,Critical
"Hello,

I understand technical problems can happen, but account disappeared. I have an upcoming deadline, so I'd be grateful if this could be resolved soon.

Thank you.",Authentication & Access,Urgent,Critical
"biling... account locked, plz fix. this keeps happening every time.",Authentication & Access,Confused,Medium
"This wasn't happening before. Since the latest update, account disappeared. It's inconsistent�sometimes it works, sometimes it doesn't�which makes it difficult to continue my coursework.",Authentication & Access,Frustrated,Medium
"I'm honestly disappointed. Google sign-in broken. I pay for this service because I rely on it every day, and repeated interruptions are affecting my assignments and preparation. Please provide a permanent solution rather than a temporary workaround.",Authentication & Access,Angry,Critical
magic link invalid.,Authentication & Access,Neutral,Medium
"To whom it may concern, OTP never arrives. Please look into this.",Authentication & Access,Angry,Medium
"Urgent: I'm facing an issue where SSO not working. I logged out and back in, but nothing changed. This is affecting my learning.",Authentication & Access,Confused,Medium
"Dear LearnSphere Support,

I am writing to formally report that can't log in. This problem has persisted for the last few days and is preventing me from using the platform effectively. I reinstalled the app without success. I would appreciate it if your technical team could investigate this matter at the earliest.

Kind regards,
A Learner",Authentication & Access,Angry,High
"Hello,

I understand technical problems can happen, but verification keeps failing. I have an upcoming deadline, so I'd be grateful if this could be resolved soon.

Thank you.",Authentication & Access,Frustrated,High
"subscrption... Apple sign-in unavailable, plz fix. this keeps happening every time.",Authentication & Access,Urgent,High
"This wasn't happening before. Since the latest update, can't log in. It's inconsistent�sometimes it works, sometimes it doesn't�which makes it difficult to continue my coursework.",Authentication & Access,Frustrated,High
"I'm honestly disappointed. credentials rejected. I pay for this service because I rely on it every day, and repeated interruptions are affecting my assignments and preparation. Please provide a permanent solution rather than a temporary workaround.",Authentication & Access,Urgent,High
login loop.,Authentication & Access,Frustrated,Critical
I hope you're doing well. account disappeared. Looking forward to your response.,Authentication & Access,Angry,Critical
"Hello Support, I'm facing an issue where auth server timeout. I updated the application, but nothing changed. Kindly resolve this soon.",Authentication & Access,Neutral,Medium
"Dear LearnSphere Support,

I am writing to formally report that account disappeared. This problem has persisted for the last few days and is preventing me from using the platform effectively. I cleared cache without success. I would appreciate it if your technical team could investigate this matter at the earliest.

Kind regards,
A Learner",Authentication & Access,Urgent,Critical
"Hello,

I understand technical problems can happen, but SSO not working. I have an upcoming deadline, so I'd be grateful if this could be resolved soon.

Thank you.",Authentication & Access,Neutral,High
"vid... password reset link expired, plz fix. this keeps happening every time.",Authentication & Access,Urgent,High
"This wasn't happening before. Since the latest update, OTP never arrives. It's inconsistent�sometimes it works, sometimes it doesn't�which makes it difficult to continue my coursework.",Authentication & Access,Neutral,Critical
"I'm honestly disappointed. session expires immediately. I pay for this service because I rely on it every day, and repeated interruptions are affecting my assignments and preparation. Please provide a permanent solution rather than a temporary workaround.",Authentication & Access,Angry,High
unexpected security challenge.,Authentication & Access,Neutral,Critical
"Good evening, account locked. Please escalate if necessary.",Authentication & Access,Angry,Critical
" I'm facing an issue where credentials rejected. I updated the application, but nothing changed. Please look into this.",Authentication & Access,Neutral,High
"Dear LearnSphere Support,

I am writing to formally report that SSO not working. This problem has persisted for the last few days and is preventing me from using the platform effectively. I updated the application without success. I would appreciate it if your technical team could investigate this matter at the earliest.

Kind regards,
A Learner",Authentication & Access,Urgent,Critical
"Hello,

I understand technical problems can happen, but Google sign-in broken. I have an upcoming deadline, so I'd be grateful if this could be resolved soon.

Thank you.",Authentication & Access,Angry,High
"biling... email verification stuck, plz fix. this keeps happening every time.",Authentication & Access,Urgent,High
"This wasn't happening before. Since the latest update, credentials rejected. It's inconsistent�sometimes it works, sometimes it doesn't�which makes it difficult to continue my coursework.",Authentication & Access,Frustrated,High
"I'm honestly disappointed. auth server timeout. I pay for this service because I rely on it every day, and repeated interruptions are affecting my assignments and preparation. Please provide a permanent solution rather than a temporary workaround.",Authentication & Access,Urgent,High
password reset link expired.,Authentication & Access,Confused,Critical
"Good evening, session expires immediately. Kindly resolve this soon.",Authentication & Access,Confused,Medium
"Good evening, I'm facing an issue where login loop. I even asked a classmate to verify the issue, but nothing changed. Thank you.",Authentication & Access,Angry,High
"Dear LearnSphere Support,

I am writing to formally report that browser sign-in mismatch. This problem has persisted for the last few days and is preventing me from using the platform effectively. I reinstalled the app without success. I would appreciate it if your technical team could investigate this matter at the earliest.

Kind regards,
A Learner",Authentication & Access,Angry,High
"Hello,

I understand technical problems can happen, but unexpected security challenge. I have an upcoming deadline, so I'd be grateful if this could be resolved soon.

Thank you.",Authentication & Access,Confused,Medium
"idk... can't log in, plz fix. this keeps happening every time.",Authentication & Access,Angry,Medium
"This wasn't happening before. Since the latest update, credentials rejected. It's inconsistent�sometimes it works, sometimes it doesn't�which makes it difficult to continue my coursework.",Authentication & Access,Urgent,High
"I'm honestly disappointed. login loop. I pay for this service because I rely on it every day, and repeated interruptions are affecting my assignments and preparation. Please provide a permanent solution rather than a temporary workaround.",Authentication & Access,Urgent,Medium
OTP never arrives.,Authentication & Access,Angry,Medium
"Hey team, email verification stuck. Looking forward to your response.",Authentication & Access,Angry,Critical
"To whom it may concern, I'm facing an issue where auth server timeout. I even asked a classmate to verify the issue, but nothing changed. Regards.",Authentication & Access,Angry,High
"Dear LearnSphere Support,

I am writing to formally report that verification keeps failing. This problem has persisted for the last few days and is preventing me from using the platform effectively. I reinstalled the app without success. I would appreciate it if your technical team could investigate this matter at the earliest.

Kind regards,
A Learner",Authentication & Access,Neutral,Critical
"Hello,

I understand technical problems can happen, but login redirects forever. I have an upcoming deadline, so I'd be grateful if this could be resolved soon.

Thank you.",Authentication & Access,Confused,High
"idk... email verification stuck, plz fix. this keeps happening every time.",Authentication & Access,Neutral,Medium
"This wasn't happening before. Since the latest update, verification keeps failing. It's inconsistent�sometimes it works, sometimes it doesn't�which makes it difficult to continue my coursework.",Authentication & Access,Neutral,High
"I'm honestly disappointed. 2FA code invalid. I pay for this service because I rely on it every day, and repeated interruptions are affecting my assignments and preparation. Please provide a permanent solution rather than a temporary workaround.",Authentication & Access,Frustrated,Medium
account locked.,Authentication & Access,Confused,High
"Good evening, account locked. Thank you.",Authentication & Access,Angry,High
"Hey team, I'm facing an issue where Google sign-in broken. I even asked a classmate to verify the issue, but nothing changed. Please escalate if necessary.",Authentication & Access,Frustrated,Medium
"Dear LearnSphere Support,

I am writing to formally report that account disappeared. This problem has persisted for the last few days and is preventing me from using the platform effectively. I updated the application without success. I would appreciate it if your technical team could investigate this matter at the earliest.

Kind regards,
A Learner",Authentication & Access,Urgent,Critical
"Hello,

I understand technical problems can happen, but can't log in. I have an upcoming deadline, so I'd be grateful if this could be resolved soon.

Thank you.",Authentication & Access,Urgent,High
"plz... login redirects forever, plz fix. this keeps happening every time.",Authentication & Access,Neutral,High
"This wasn't happening before. Since the latest update, unexpected security challenge. It's inconsistent�sometimes it works, sometimes it doesn't�which makes it difficult to continue my coursework.",Authentication & Access,Angry,Critical
"I'm honestly disappointed. 2FA code invalid. I pay for this service because I rely on it every day, and repeated interruptions are affecting my assignments and preparation. Please provide a permanent solution rather than a temporary workaround.",Authentication & Access,Urgent,Medium
login redirects forever.,Authentication & Access,Confused,High
Urgent: account disappeared. Please look into this.,Authentication & Access,Angry,High
"Dear Support Team, I'm facing an issue where unexpected security challenge. I even asked a classmate to verify the issue, but nothing changed. Regards.",Authentication & Access,Urgent,Critical
"Dear LearnSphere Support,

I am writing to formally report that can't log in. This problem has persisted for the last few days and is preventing me from using the platform effectively. I updated the application without success. I would appreciate it if your technical team could investigate this matter at the earliest.

Kind regards,
A Learner",Authentication & Access,Urgent,Critical
"Hello,

I understand technical problems can happen, but can't log in. I have an upcoming deadline, so I'd be grateful if this could be resolved soon.

Thank you.",Authentication & Access,Frustrated,Critical
"pasword... account disappeared, plz fix. this keeps happening every time.",Authentication & Access,Angry,Medium
"This wasn't happening before. Since the latest update, login loop. It's inconsistent�sometimes it works, sometimes it doesn't�which makes it difficult to continue my coursework.",Authentication & Access,Neutral,High
"I'm honestly disappointed. Google sign-in broken. I pay for this service because I rely on it every day, and repeated interruptions are affecting my assignments and preparation. Please provide a permanent solution rather than a temporary workaround.",Authentication & Access,Confused,High
Google sign-in broken.,Authentication & Access,Neutral,High
"To whom it may concern, verification keeps failing. This is affecting my learning.",Authentication & Access,Frustrated,High
"Hey team, I'm facing an issue where can't log in. I cleared cache, but nothing changed. Looking forward to your response.",Authentication & Access,Confused,Critical
"Dear LearnSphere Support,

I am writing to formally report that password reset link expired. This problem has persisted for the last few days and is preventing me from using the platform effectively. I cleared cache without success. I would appreciate it if your technical team could investigate this matter at the earliest.

Kind regards,
A Learner",Authentication & Access,Frustrated,Medium
"Hello,

I understand technical problems can happen, but SSO not working. I have an upcoming deadline, so I'd be grateful if this could be resolved soon.

Thank you.",Authentication & Access,Frustrated,Critical
"biling... account locked, plz fix. this keeps happening every time.",Authentication & Access,Confused,High
"This wasn't happening before. Since the latest update, OTP never arrives. It's inconsistent�sometimes it works, sometimes it doesn't�which makes it difficult to continue my coursework.",Authentication & Access,Urgent,Medium
"I'm honestly disappointed. email verification stuck. I pay for this service because I rely on it every day, and repeated interruptions are affecting my assignments and preparation. Please provide a permanent solution rather than a temporary workaround.",Authentication & Access,Neutral,High
credentials rejected.,Authentication & Access,Urgent,Critical
"Dear Support Team, OTP never arrives. This is affecting my learning.",Authentication & Access,Frustrated,Critical
" I'm facing an issue where can't log in. I updated the application, but nothing changed. Please escalate if necessary.",Authentication & Access,Confused,Medium
"Dear LearnSphere Support,

I am writing to formally report that browser sign-in mismatch. This problem has persisted for the last few days and is preventing me from using the platform effectively. I reinstalled the app without success. I would appreciate it if your technical team could investigate this matter at the earliest.

Kind regards,
A Learner",Authentication & Access,Frustrated,Critical
"Hello,

I understand technical problems can happen, but session expires immediately. I have an upcoming deadline, so I'd be grateful if this could be resolved soon.

Thank you.",Authentication & Access,Urgent,Medium
"plz... browser sign-in mismatch, plz fix. this keeps happening every time.",Authentication & Access,Neutral,Critical
"This wasn't happening before. Since the latest update, account disappeared. It's inconsistent�sometimes it works, sometimes it doesn't�which makes it difficult to continue my coursework.",Authentication & Access,Neutral,Medium
"I'm honestly disappointed. auth server timeout. I pay for this service because I rely on it every day, and repeated interruptions are affecting my assignments and preparation. Please provide a permanent solution rather than a temporary workaround.",Authentication & Access,Neutral,Medium
account disappeared.,Authentication & Access,Angry,Medium
I hope you're doing well. account disappeared. ,Authentication & Access,Confused,High
"Hey team, I'm facing an issue where credentials rejected. I checked my email spam folder, but nothing changed. ",Authentication & Access,Angry,High
"Dear LearnSphere Support,

I am writing to formally report that browser sign-in mismatch. This problem has persisted for the last few days and is preventing me from using the platform effectively. I checked my email spam folder without success. I would appreciate it if your technical team could investigate this matter at the earliest.

Kind regards,
A Learner",Authentication & Access,Neutral,Medium
"Hello,

I understand technical problems can happen, but password reset link expired. I have an upcoming deadline, so I'd be grateful if this could be resolved soon.

Thank you.",Authentication & Access,Neutral,High
"asap... magic link invalid, plz fix. this keeps happening every time.",Authentication & Access,Urgent,Critical
"This wasn't happening before. Since the latest update, unexpected security challenge. It's inconsistent�sometimes it works, sometimes it doesn't�which makes it difficult to continue my coursework.",Authentication & Access,Neutral,Medium
"I'm honestly disappointed. login redirects forever. I pay for this service because I rely on it every day, and repeated interruptions are affecting my assignments and preparation. Please provide a permanent solution rather than a temporary workaround.",Authentication & Access,Neutral,Medium
login redirects forever.,Authentication & Access,Confused,High
I hope you're doing well. verification keeps failing. This is affecting my learning.,Authentication & Access,Urgent,Critical
"Hey team, I'm facing an issue where verification keeps failing. I cleared cache, but nothing changed. Kindly resolve this soon.",Authentication & Access,Frustrated,Medium
"Dear LearnSphere Support,

I am writing to formally report that account disappeared. This problem has persisted for the last few days and is preventing me from using the platform effectively. I even asked a classmate to verify the issue without success. I would appreciate it if your technical team could investigate this matter at the earliest.

Kind regards,
A Learner",Authentication & Access,Urgent,Medium
"Hello,

I understand technical problems can happen, but login redirects forever. I have an upcoming deadline, so I'd be grateful if this could be resolved soon.

Thank you.",Authentication & Access,Angry,High
"idk... can't log in, plz fix. this keeps happening every time.",Authentication & Access,Neutral,Medium
"This wasn't happening before. Since the latest update, unexpected security challenge. It's inconsistent�sometimes it works, sometimes it doesn't�which makes it difficult to continue my coursework.",Authentication & Access,Confused,High
"I'm honestly disappointed. browser sign-in mismatch. I pay for this service because I rely on it every day, and repeated interruptions are affecting my assignments and preparation. Please provide a permanent solution rather than a temporary workaround.",Authentication & Access,Neutral,High
2FA code invalid.,Authentication & Access,Urgent,High
"Hey team, account disappeared. Looking forward to your response.",Authentication & Access,Neutral,Critical
" I'm facing an issue where email verification stuck. I checked my email spam folder, but nothing changed. This is affecting my learning.",Authentication & Access,Confused,Medium
"Dear LearnSphere Support,

I am writing to formally report that SSO not working. This problem has persisted for the last few days and is preventing me from using the platform effectively. I logged out and back in without success. I would appreciate it if your technical team could investigate this matter at the earliest.

Kind regards,
A Learner",Authentication & Access,Frustrated,Critical
"Hello,

I understand technical problems can happen, but 2FA code invalid. I have an upcoming deadline, so I'd be grateful if this could be resolved soon.

Thank you.",Authentication & Access,Confused,Medium
"asap... SSO not working, plz fix. this keeps happening every time.",Authentication & Access,Neutral,Critical
"This wasn't happening before. Since the latest update, browser sign-in mismatch. It's inconsistent�sometimes it works, sometimes it doesn't�which makes it difficult to continue my coursework.",Authentication & Access,Urgent,Critical
"I'm honestly disappointed. session expires immediately. I pay for this service because I rely on it every day, and repeated interruptions are affecting my assignments and preparation. Please provide a permanent solution rather than a temporary workaround.",Authentication & Access,Frustrated,Medium
session expires immediately.,Authentication & Access,Confused,High
 credentials rejected. Please look into this.,Authentication & Access,Urgent,Medium
"Hi LearnSphere Team, I'm facing an issue where verification keeps failing. I cleared cache, but nothing changed. This is affecting my learning.",Authentication & Access,Confused,Critical
"Dear LearnSphere Support,

I am writing to formally report that login redirects forever. This problem has persisted for the last few days and is preventing me from using the platform effectively. I tried another browser without success. I would appreciate it if your technical team could investigate this matter at the earliest.

Kind regards,
A Learner",Authentication & Access,Frustrated,Critical
"Hello,

I understand technical problems can happen, but session expires immediately. I have an upcoming deadline, so I'd be grateful if this could be resolved soon.

Thank you.",Authentication & Access,Angry,High
"vid... email verification stuck, plz fix. this keeps happening every time.",Authentication & Access,Confused,Medium
"This wasn't happening before. Since the latest update, verification keeps failing. It's inconsistent�sometimes it works, sometimes it doesn't�which makes it difficult to continue my coursework.",Authentication & Access,Angry,Medium
"I'm honestly disappointed. password reset link expired. I pay for this service because I rely on it every day, and repeated interruptions are affecting my assignments and preparation. Please provide a permanent solution rather than a temporary workaround.",Authentication & Access,Angry,High
password reset link expired.,Authentication & Access,Urgent,Critical
"Dear Support Team, login loop. Regards.",Authentication & Access,Urgent,High
"Good evening, I'm facing an issue where password reset link expired. I tried another browser, but nothing changed. Please escalate if necessary.",Authentication & Access,Urgent,Critical
"Dear LearnSphere Support,

I am writing to formally report that profile inaccessible. This problem has persisted for the last few days and is preventing me from using the platform effectively. I reinstalled the app without success. I would appreciate it if your technical team could investigate this matter at the earliest.

Kind regards,
A Learner",Authentication & Access,Urgent,High
"Hello,

I understand technical problems can happen, but email verification stuck. I have an upcoming deadline, so I'd be grateful if this could be resolved soon.

Thank you.",Authentication & Access,Angry,High
"subscrption... browser sign-in mismatch, plz fix. this keeps happening every time.",Authentication & Access,Neutral,Critical
"This wasn't happening before. Since the latest update, profile inaccessible. It's inconsistent�sometimes it works, sometimes it doesn't�which makes it difficult to continue my coursework.",Authentication & Access,Frustrated,Critical
"I'm honestly disappointed. OTP never arrives. I pay for this service because I rely on it every day, and repeated interruptions are affecting my assignments and preparation. Please provide a permanent solution rather than a temporary workaround.",Authentication & Access,Confused,Critical
SSO not working.,Authentication & Access,Neutral,Critical
"Dear Support Team, password reset link expired. Kindly resolve this soon.",Authentication & Access,Confused,Critical
"Dear Support Team, I'm facing an issue where password reset link expired. I cleared cache, but nothing changed. Please escalate if necessary.",Authentication & Access,Angry,Critical
"Dear LearnSphere Support,

I am writing to formally report that profile inaccessible. This problem has persisted for the last few days and is preventing me from using the platform effectively. I even asked a classmate to verify the issue without success. I would appreciate it if your technical team could investigate this matter at the earliest.

Kind regards,
A Learner",Authentication & Access,Neutral,Medium
"Hello,

I understand technical problems can happen, but magic link invalid. I have an upcoming deadline, so I'd be grateful if this could be resolved soon.

Thank you.",Authentication & Access,Neutral,Critical
"asap... session expires immediately, plz fix. this keeps happening every time.",Authentication & Access,Frustrated,Critical
"This wasn't happening before. Since the latest update, magic link invalid. It's inconsistent�sometimes it works, sometimes it doesn't�which makes it difficult to continue my coursework.",Authentication & Access,Neutral,Critical
"I'm honestly disappointed. browser sign-in mismatch. I pay for this service because I rely on it every day, and repeated interruptions are affecting my assignments and preparation. Please provide a permanent solution rather than a temporary workaround.",Authentication & Access,Confused,High
OTP never arrives.,Authentication & Access,Urgent,Medium
 account locked. Regards.,Authentication & Access,Frustrated,Medium
" I'm facing an issue where credentials rejected. I checked my email spam folder, but nothing changed. ",Authentication & Access,Frustrated,High
"Dear LearnSphere Support,

I am writing to formally report that session expires immediately. This problem has persisted for the last few days and is preventing me from using the platform effectively. I updated the application without success. I would appreciate it if your technical team could investigate this matter at the earliest.

Kind regards,
A Learner",Authentication & Access,Neutral,Critical
"Hello,

I understand technical problems can happen, but 2FA code invalid. I have an upcoming deadline, so I'd be grateful if this could be resolved soon.

Thank you.",Authentication & Access,Angry,High
"plz... password reset link expired, plz fix. this keeps happening every time.",Authentication & Access,Angry,Critical
"This wasn't happening before. Since the latest update, Google sign-in broken. It's inconsistent�sometimes it works, sometimes it doesn't�which makes it difficult to continue my coursework.",Authentication & Access,Urgent,High
"I'm honestly disappointed. can't log in. I pay for this service because I rely on it every day, and repeated interruptions are affecting my assignments and preparation. Please provide a permanent solution rather than a temporary workaround.",Authentication & Access,Frustrated,Medium
browser sign-in mismatch.,Authentication & Access,Urgent,Medium
"Hi LearnSphere Team, verification keeps failing. Regards.",Authentication & Access,Angry,Critical
" I'm facing an issue where email verification stuck. I switched devices, but nothing changed. Please escalate if necessary.",Authentication & Access,Angry,Medium
"Dear LearnSphere Support,

I am writing to formally report that login redirects forever. This problem has persisted for the last few days and is preventing me from using the platform effectively. I logged out and back in without success. I would appreciate it if your technical team could investigate this matter at the earliest.

Kind regards,
A Learner",Authentication & Access,Angry,High
"Hello,

I understand technical problems can happen, but Google sign-in broken. I have an upcoming deadline, so I'd be grateful if this could be resolved soon.

Thank you.",Authentication & Access,Frustrated,Medium
"subscrption... Google sign-in broken, plz fix. this keeps happening every time.",Authentication & Access,Angry,High
"This wasn't happening before. Since the latest update, unexpected security challenge. It's inconsistent�sometimes it works, sometimes it doesn't�which makes it difficult to continue my coursework.",Authentication & Access,Urgent,Medium
"I'm honestly disappointed. email verification stuck. I pay for this service because I rely on it every day, and repeated interruptions are affecting my assignments and preparation. Please provide a permanent solution rather than a temporary workaround.",Authentication & Access,Frustrated,High
verification keeps failing.,Authentication & Access,Neutral,Medium
"Hey team, unexpected security challenge. Please look into this.",Authentication & Access,Urgent,High
"Hi LearnSphere Team, I'm facing an issue where account disappeared. I reinstalled the app, but nothing changed. Looking forward to your response.",Authentication & Access,Urgent,High
"Dear LearnSphere Support,

I am writing to formally report that email verification stuck. This problem has persisted for the last few days and is preventing me from using the platform effectively. I cleared cache without success. I would appreciate it if your technical team could investigate this matter at the earliest.

Kind regards,
A Learner",Authentication & Access,Confused,High
"Hello,

I understand technical problems can happen, but 2FA code invalid. I have an upcoming deadline, so I'd be grateful if this could be resolved soon.

Thank you.",Authentication & Access,Confused,High
"asap... email verification stuck, plz fix. this keeps happening every time.",Authentication & Access,Frustrated,Medium
"This wasn't happening before. Since the latest update, profile inaccessible. It's inconsistent�sometimes it works, sometimes it doesn't�which makes it difficult to continue my coursework.",Authentication & Access,Confused,Critical
"I'm honestly disappointed. credentials rejected. I pay for this service because I rely on it every day, and repeated interruptions are affecting my assignments and preparation. Please provide a permanent solution rather than a temporary workaround.",Authentication & Access,Neutral,Critical
can't log in.,Authentication & Access,Urgent,High
"Good evening, password reset link expired. Thank you.",Authentication & Access,Angry,Medium
"Urgent: I'm facing an issue where account locked. I checked my email spam folder, but nothing changed. This is affecting my learning.",Authentication & Access,Angry,High
"Dear LearnSphere Support,

I am writing to formally report that login redirects forever. This problem has persisted for the last few days and is preventing me from using the platform effectively. I reinstalled the app without success. I would appreciate it if your technical team could investigate this matter at the earliest.

Kind regards,
A Learner",Authentication & Access,Angry,Critical
"Hello,

I understand technical problems can happen, but account locked. I have an upcoming deadline, so I'd be grateful if this could be resolved soon.

Thank you.",Authentication & Access,Angry,Medium
"pasword... profile inaccessible, plz fix. this keeps happening every time.",Authentication & Access,Frustrated,High
"This wasn't happening before. Since the latest update, account disappeared. It's inconsistent�sometimes it works, sometimes it doesn't�which makes it difficult to continue my coursework.",Authentication & Access,Neutral,Critical
"I'm honestly disappointed. verification keeps failing. I pay for this service because I rely on it every day, and repeated interruptions are affecting my assignments and preparation. Please provide a permanent solution rather than a temporary workaround.",Authentication & Access,Frustrated,High
session expires immediately.,Authentication & Access,Urgent,Critical
"Dear Support Team, login redirects forever. ",Authentication & Access,Urgent,High
"I hope you're doing well. I'm facing an issue where Apple sign-in unavailable. I updated the application, but nothing changed. ",Authentication & Access,Neutral,Medium
"Dear LearnSphere Support,

I am writing to formally report that magic link invalid. This problem has persisted for the last few days and is preventing me from using the platform effectively. I updated the application without success. I would appreciate it if your technical team could investigate this matter at the earliest.

Kind regards,
A Learner",Authentication & Access,Confused,High
"Hello,

I understand technical problems can happen, but login loop. I have an upcoming deadline, so I'd be grateful if this could be resolved soon.

Thank you.",Authentication & Access,Neutral,Critical
"subscrption... login redirects forever, plz fix. this keeps happening every time.",Authentication & Access,Angry,Critical
"This wasn't happening before. Since the latest update, account locked. It's inconsistent�sometimes it works, sometimes it doesn't�which makes it difficult to continue my coursework.",Authentication & Access,Angry,Medium
"I'm honestly disappointed. account locked. I pay for this service because I rely on it every day, and repeated interruptions are affecting my assignments and preparation. Please provide a permanent solution rather than a temporary workaround.",Authentication & Access,Urgent,Critical
Google sign-in broken.,Authentication & Access,Frustrated,High
"Hey team, OTP never arrives. ",Authentication & Access,Frustrated,Critical
"To whom it may concern, I'm facing an issue where account locked. I switched devices, but nothing changed. Thank you.",Authentication & Access,Angry,High
"Dear LearnSphere Support,

I am writing to formally report that Google sign-in broken. This problem has persisted for the last few days and is preventing me from using the platform effectively. I updated the application without success. I would appreciate it if your technical team could investigate this matter at the earliest.

Kind regards,
A Learner",Authentication & Access,Frustrated,High
"Hello,

I understand technical problems can happen, but 2FA code invalid. I have an upcoming deadline, so I'd be grateful if this could be resolved soon.

Thank you.",Authentication & Access,Angry,High
"plz... login redirects forever, plz fix. this keeps happening every time.",Authentication & Access,Urgent,Medium
"This wasn't happening before. Since the latest update, magic link invalid. It's inconsistent�sometimes it works, sometimes it doesn't�which makes it difficult to continue my coursework.",Authentication & Access,Neutral,Medium
"I'm honestly disappointed. password reset link expired. I pay for this service because I rely on it every day, and repeated interruptions are affecting my assignments and preparation. Please provide a permanent solution rather than a temporary workaround.",Authentication & Access,Angry,Medium
OTP never arrives.,Authentication & Access,Angry,Medium
"Hi LearnSphere Team, session expires immediately. Please look into this.",Authentication & Access,Neutral,Medium
"I hope you're doing well. I'm facing an issue where session expires immediately. I logged out and back in, but nothing changed. Please escalate if necessary.",Authentication & Access,Confused,Medium
"Dear LearnSphere Support,

I am writing to formally report that auth server timeout. This problem has persisted for the last few days and is preventing me from using the platform effectively. I updated the application without success. I would appreciate it if your technical team could investigate this matter at the earliest.

Kind regards,
A Learner",Authentication & Access,Urgent,Critical
"Hello,

I understand technical problems can happen, but credentials rejected. I have an upcoming deadline, so I'd be grateful if this could be resolved soon.

Thank you.",Authentication & Access,Confused,Medium
"subscrption... password reset link expired, plz fix. this keeps happening every time.",Authentication & Access,Urgent,Critical
"This wasn't happening before. Since the latest update, magic link invalid. It's inconsistent�sometimes it works, sometimes it doesn't�which makes it difficult to continue my coursework.",Authentication & Access,Angry,Critical
"I'm honestly disappointed. account locked. I pay for this service because I rely on it every day, and repeated interruptions are affecting my assignments and preparation. Please provide a permanent solution rather than a temporary workaround.",Authentication & Access,Confused,High
verification keeps failing.,Authentication & Access,Angry,High
Urgent: can't log in. This is affecting my learning.,Authentication & Access,Urgent,Medium
"Urgent: I'm facing an issue where password reset link expired. I logged out and back in, but nothing changed. This is affecting my learning.",Authentication & Access,Angry,Critical
"Dear LearnSphere Support,

I am writing to formally report that verification keeps failing. This problem has persisted for the last few days and is preventing me from using the platform effectively. I even asked a classmate to verify the issue without success. I would appreciate it if your technical team could investigate this matter at the earliest.

Kind regards,
A Learner",Authentication & Access,Neutral,Medium
"Hello,

I understand technical problems can happen, but unexpected security challenge. I have an upcoming deadline, so I'd be grateful if this could be resolved soon.

Thank you.",Authentication & Access,Angry,Medium
"subscrption... magic link invalid, plz fix. this keeps happening every time.",Authentication & Access,Urgent,High
"This wasn't happening before. Since the latest update, browser sign-in mismatch. It's inconsistent�sometimes it works, sometimes it doesn't�which makes it difficult to continue my coursework.",Authentication & Access,Neutral,Critical
"I'm honestly disappointed. session expires immediately. I pay for this service because I rely on it every day, and repeated interruptions are affecting my assignments and preparation. Please provide a permanent solution rather than a temporary workaround.",Authentication & Access,Frustrated,Critical
unexpected security challenge.,Authentication & Access,Neutral,Medium
"Hi LearnSphere Team, browser sign-in mismatch. ",Authentication & Access,Neutral,Medium
"I hope you're doing well. I'm facing an issue where profile inaccessible. I reinstalled the app, but nothing changed. Kindly resolve this soon.",Authentication & Access,Urgent,High
"Dear LearnSphere Support,

I am writing to formally report that account locked. This problem has persisted for the last few days and is preventing me from using the platform effectively. I tried another browser without success. I would appreciate it if your technical team could investigate this matter at the earliest.

Kind regards,
A Learner",Authentication & Access,Frustrated,High
"Hello,

I understand technical problems can happen, but email verification stuck. I have an upcoming deadline, so I'd be grateful if this could be resolved soon.

Thank you.",Authentication & Access,Frustrated,Critical
"pasword... Apple sign-in unavailable, plz fix. this keeps happening every time.",Authentication & Access,Frustrated,High
"This wasn't happening before. Since the latest update, Google sign-in broken. It's inconsistent�sometimes it works, sometimes it doesn't�which makes it difficult to continue my coursework.",Authentication & Access,Angry,Medium
"I'm honestly disappointed. SSO not working. I pay for this service because I rely on it every day, and repeated interruptions are affecting my assignments and preparation. Please provide a permanent solution rather than a temporary workaround.",Authentication & Access,Confused,Critical
Apple sign-in unavailable.,Authentication & Access,Urgent,Critical
"Dear Support Team, verification keeps failing. This is affecting my learning.",Authentication & Access,Angry,High
"Hello Support, I'm facing an issue where Google sign-in broken. I even asked a classmate to verify the issue, but nothing changed. Thank you.",Authentication & Access,Confused,Medium
"Dear LearnSphere Support,

I am writing to formally report that unexpected security challenge. This problem has persisted for the last few days and is preventing me from using the platform effectively. I logged out and back in without success. I would appreciate it if your technical team could investigate this matter at the earliest.

Kind regards,
A Learner",Authentication & Access,Frustrated,High
"Hello,

I understand technical problems can happen, but can't log in. I have an upcoming deadline, so I'd be grateful if this could be resolved soon.

Thank you.",Authentication & Access,Neutral,Critical
"asap... OTP never arrives, plz fix. this keeps happening every time.",Authentication & Access,Neutral,Critical
"This wasn't happening before. Since the latest update, verification keeps failing. It's inconsistent�sometimes it works, sometimes it doesn't�which makes it difficult to continue my coursework.",Authentication & Access,Urgent,High
"I'm honestly disappointed. Apple sign-in unavailable. I pay for this service because I rely on it every day, and repeated interruptions are affecting my assignments and preparation. Please provide a permanent solution rather than a temporary workaround.",Authentication & Access,Frustrated,Critical
magic link invalid.,Authentication & Access,Angry,Medium
"Hey team, profile inaccessible. Looking forward to your response.",Authentication & Access,Urgent,Medium
"Urgent: I'm facing an issue where password reset link expired. I checked my email spam folder, but nothing changed. Please escalate if necessary.",Authentication & Access,Frustrated,Medium
"Dear LearnSphere Support,

I am writing to formally report that login loop. This problem has persisted for the last few days and is preventing me from using the platform effectively. I cleared cache without success. I would appreciate it if your technical team could investigate this matter at the earliest.

Kind regards,
A Learner",Authentication & Access,Neutral,High
"Hello,

I understand technical problems can happen, but OTP never arrives. I have an upcoming deadline, so I'd be grateful if this could be resolved soon.

Thank you.",Authentication & Access,Frustrated,Medium
"pasword... 2FA code invalid, plz fix. this keeps happening every time.",Authentication & Access,Angry,High
"This wasn't happening before. Since the latest update, Apple sign-in unavailable. It's inconsistent�sometimes it works, sometimes it doesn't�which makes it difficult to continue my coursework.",Authentication & Access,Urgent,High
"I'm honestly disappointed. browser sign-in mismatch. I pay for this service because I rely on it every day, and repeated interruptions are affecting my assignments and preparation. Please provide a permanent solution rather than a temporary workaround.",Authentication & Access,Confused,High
OTP never arrives.,Authentication & Access,Angry,Critical
 account disappeared. Please look into this.,Authentication & Access,Neutral,Medium
"Urgent: I'm facing an issue where email verification stuck. I reinstalled the app, but nothing changed. Looking forward to your response.",Authentication & Access,Frustrated,Critical
"Dear LearnSphere Support,

I am writing to formally report that Apple sign-in unavailable. This problem has persisted for the last few days and is preventing me from using the platform effectively. I logged out and back in without success. I would appreciate it if your technical team could investigate this matter at the earliest.

Kind regards,
A Learner",Authentication & Access,Frustrated,High
"Hello,

I understand technical problems can happen, but verification keeps failing. I have an upcoming deadline, so I'd be grateful if this could be resolved soon.

Thank you.",Authentication & Access,Confused,Medium
"idk... email verification stuck, plz fix. this keeps happening every time.",Authentication & Access,Confused,Critical
"This wasn't happening before. Since the latest update, profile inaccessible. It's inconsistent�sometimes it works, sometimes it doesn't�which makes it difficult to continue my coursework.",Authentication & Access,Frustrated,Medium
"I'm honestly disappointed. Google sign-in broken. I pay for this service because I rely on it every day, and repeated interruptions are affecting my assignments and preparation. Please provide a permanent solution rather than a temporary workaround.",Authentication & Access,Confused,Medium
browser sign-in mismatch.,Authentication & Access,Confused,Medium
"Good evening, 2FA code invalid. Kindly resolve this soon.",Authentication & Access,Confused,High
"Hi LearnSphere Team, I'm facing an issue where account locked. I checked my email spam folder, but nothing changed. Regards.",Authentication & Access,Confused,Critical
"Dear LearnSphere Support,

I am writing to formally report that verification keeps failing. This problem has persisted for the last few days and is preventing me from using the platform effectively. I switched devices without success. I would appreciate it if your technical team could investigate this matter at the earliest.

Kind regards,
A Learner",Authentication & Access,Frustrated,Critical
"Hello,

I understand technical problems can happen, but can't log in. I have an upcoming deadline, so I'd be grateful if this could be resolved soon.

Thank you.",Authentication & Access,Confused,Medium
"biling... Apple sign-in unavailable, plz fix. this keeps happening every time.",Authentication & Access,Urgent,High
"This wasn't happening before. Since the latest update, can't log in. It's inconsistent�sometimes it works, sometimes it doesn't�which makes it difficult to continue my coursework.",Authentication & Access,Confused,High
"I'm honestly disappointed. login loop. I pay for this service because I rely on it every day, and repeated interruptions are affecting my assignments and preparation. Please provide a permanent solution rather than a temporary workaround.",Authentication & Access,Confused,Critical
account disappeared.,Authentication & Access,Urgent,Medium
Urgent: password reset link expired. ,Authentication & Access,Neutral,Critical
"Hello Support, I'm facing an issue where browser sign-in mismatch. I even asked a classmate to verify the issue, but nothing changed. Kindly resolve this soon.",Authentication & Access,Urgent,Medium
"Dear LearnSphere Support,

I am writing to formally report that auth server timeout. This problem has persisted for the last few days and is preventing me from using the platform effectively. I checked my email spam folder without success. I would appreciate it if your technical team could investigate this matter at the earliest.

Kind regards,
A Learner",Authentication & Access,Angry,Critical
"Hello,

I understand technical problems can happen, but can't log in. I have an upcoming deadline, so I'd be grateful if this could be resolved soon.

Thank you.",Authentication & Access,Frustrated,High
"subscrption... unexpected security challenge, plz fix. this keeps happening every time.",Authentication & Access,Frustrated,High
"This wasn't happening before. Since the latest update, email verification stuck. It's inconsistent�sometimes it works, sometimes it doesn't�which makes it difficult to continue my coursework.",Authentication & Access,Frustrated,Medium
"I'm honestly disappointed. Google sign-in broken. I pay for this service because I rely on it every day, and repeated interruptions are affecting my assignments and preparation. Please provide a permanent solution rather than a temporary workaround.",Authentication & Access,Urgent,Medium
password reset link expired.,Authentication & Access,Confused,High
"Hey team, profile inaccessible. Looking forward to your response.",Authentication & Access,Angry,Critical
" I'm facing an issue where auth server timeout. I even asked a classmate to verify the issue, but nothing changed. Please escalate if necessary.",Authentication & Access,Frustrated,Critical
"Dear LearnSphere Support,

I am writing to formally report that OTP never arrives. This problem has persisted for the last few days and is preventing me from using the platform effectively. I reinstalled the app without success. I would appreciate it if your technical team could investigate this matter at the earliest.

Kind regards,
A Learner",Authentication & Access,Angry,High
"Hello,

I understand technical problems can happen, but magic link invalid. I have an upcoming deadline, so I'd be grateful if this could be resolved soon.

Thank you.",Authentication & Access,Angry,High
"subscrption... email verification stuck, plz fix. this keeps happening every time.",Authentication & Access,Angry,Critical
"This wasn't happening before. Since the latest update, OTP never arrives. It's inconsistent�sometimes it works, sometimes it doesn't�which makes it difficult to continue my coursework.",Authentication & Access,Neutral,High
"I'm honestly disappointed. Google sign-in broken. I pay for this service because I rely on it every day, and repeated interruptions are affecting my assignments and preparation. Please provide a permanent solution rather than a temporary workaround.",Authentication & Access,Neutral,High
account locked.,Authentication & Access,Angry,Medium
"Hello Support, password reset link expired. Thank you.",Authentication & Access,Angry,Medium
"Dear Support Team, I'm facing an issue where Apple sign-in unavailable. I cleared cache, but nothing changed. Looking forward to your response.",Authentication & Access,Frustrated,High
"Dear LearnSphere Support,

I am writing to formally report that Apple sign-in unavailable. This problem has persisted for the last few days and is preventing me from using the platform effectively. I updated the application without success. I would appreciate it if your technical team could investigate this matter at the earliest.

Kind regards,
A Learner",Authentication & Access,Frustrated,High
"Hello,

I understand technical problems can happen, but profile inaccessible. I have an upcoming deadline, so I'd be grateful if this could be resolved soon.

Thank you.",Authentication & Access,Neutral,High
"biling... OTP never arrives, plz fix. this keeps happening every time.",Authentication & Access,Confused,Critical
"This wasn't happening before. Since the latest update, login redirects forever. It's inconsistent�sometimes it works, sometimes it doesn't�which makes it difficult to continue my coursework.",Authentication & Access,Confused,Medium
"I'm honestly disappointed. Apple sign-in unavailable. I pay for this service because I rely on it every day, and repeated interruptions are affecting my assignments and preparation. Please provide a permanent solution rather than a temporary workaround.",Authentication & Access,Urgent,High
OTP never arrives.,Authentication & Access,Neutral,Critical
"To whom it may concern, magic link invalid. Please look into this.",Authentication & Access,Urgent,Critical
"Hi LearnSphere Team, I'm facing an issue where verification keeps failing. I switched devices, but nothing changed. This is affecting my learning.",Authentication & Access,Neutral,High
"Dear LearnSphere Support,

I am writing to formally report that Apple sign-in unavailable. This problem has persisted for the last few days and is preventing me from using the platform effectively. I cleared cache without success. I would appreciate it if your technical team could investigate this matter at the earliest.

Kind regards,
A Learner",Authentication & Access,Confused,Medium
"Hello,

I understand technical problems can happen, but browser sign-in mismatch. I have an upcoming deadline, so I'd be grateful if this could be resolved soon.

Thank you.",Authentication & Access,Angry,Medium
"plz... account locked, plz fix. this keeps happening every time.",Authentication & Access,Frustrated,Critical
"This wasn't happening before. Since the latest update, auth server timeout. It's inconsistent�sometimes it works, sometimes it doesn't�which makes it difficult to continue my coursework.",Authentication & Access,Confused,High
"I'm honestly disappointed. account disappeared. I pay for this service because I rely on it every day, and repeated interruptions are affecting my assignments and preparation. Please provide a permanent solution rather than a temporary workaround.",Authentication & Access,Angry,High
credentials rejected.,Authentication & Access,Neutral,High
"Hello Support, Google sign-in broken. Please look into this.",Authentication & Access,Confused,Medium
"Hi LearnSphere Team, I'm facing an issue where profile inaccessible. I tried another browser, but nothing changed. This is affecting my learning.",Authentication & Access,Angry,Critical
"Dear LearnSphere Support,

I am writing to formally report that account disappeared. This problem has persisted for the last few days and is preventing me from using the platform effectively. I even asked a classmate to verify the issue without success. I would appreciate it if your technical team could investigate this matter at the earliest.

Kind regards,
A Learner",Authentication & Access,Urgent,High
"Hello,

I understand technical problems can happen, but account disappeared. I have an upcoming deadline, so I'd be grateful if this could be resolved soon.

Thank you.",Authentication & Access,Neutral,Medium
"idk... auth server timeout, plz fix. this keeps happening every time.",Authentication & Access,Neutral,High
"This wasn't happening before. Since the latest update, OTP never arrives. It's inconsistent�sometimes it works, sometimes it doesn't�which makes it difficult to continue my coursework.",Authentication & Access,Neutral,Critical
"I'm honestly disappointed. browser sign-in mismatch. I pay for this service because I rely on it every day, and repeated interruptions are affecting my assignments and preparation. Please provide a permanent solution rather than a temporary workaround.",Authentication & Access,Angry,Critical
session expires immediately.,Authentication & Access,Frustrated,Medium
"Hi LearnSphere Team, unexpected security challenge. Please look into this.",Authentication & Access,Confused,High
"Dear Support Team, I'm facing an issue where SSO not working. I checked my email spam folder, but nothing changed. This is affecting my learning.",Authentication & Access,Neutral,Medium
"Dear LearnSphere Support,

I am writing to formally report that can't log in. This problem has persisted for the last few days and is preventing me from using the platform effectively. I even asked a classmate to verify the issue without success. I would appreciate it if your technical team could investigate this matter at the earliest.

Kind regards,
A Learner",Authentication & Access,Angry,Medium
"Hello,

I understand technical problems can happen, but account locked. I have an upcoming deadline, so I'd be grateful if this could be resolved soon.

Thank you.",Authentication & Access,Angry,Critical
"vid... magic link invalid, plz fix. this keeps happening every time.",Authentication & Access,Frustrated,High
"This wasn't happening before. Since the latest update, login loop. It's inconsistent�sometimes it works, sometimes it doesn't�which makes it difficult to continue my coursework.",Authentication & Access,Angry,Medium
"I'm honestly disappointed. email verification stuck. I pay for this service because I rely on it every day, and repeated interruptions are affecting my assignments and preparation. Please provide a permanent solution rather than a temporary workaround.",Authentication & Access,Frustrated,High
browser sign-in mismatch.,Authentication & Access,Angry,Critical
"To whom it may concern, unexpected security challenge. This is affecting my learning.",Authentication & Access,Frustrated,High
"I hope you're doing well. I'm facing an issue where can't log in. I switched devices, but nothing changed. ",Authentication & Access,Neutral,Medium
"Dear LearnSphere Support,

I am writing to formally report that account disappeared. This problem has persisted for the last few days and is preventing me from using the platform effectively. I tried another browser without success. I would appreciate it if your technical team could investigate this matter at the earliest.

Kind regards,
A Learner",Authentication & Access,Confused,High
"Hello,

I understand technical problems can happen, but browser sign-in mismatch. I have an upcoming deadline, so I'd be grateful if this could be resolved soon.

Thank you.",Authentication & Access,Angry,Critical
"subscrption... password reset link expired, plz fix. this keeps happening every time.",Authentication & Access,Neutral,Critical
"This wasn't happening before. Since the latest update, Google sign-in broken. It's inconsistent�sometimes it works, sometimes it doesn't�which makes it difficult to continue my coursework.",Authentication & Access,Confused,High
"I'm honestly disappointed. credentials rejected. I pay for this service because I rely on it every day, and repeated interruptions are affecting my assignments and preparation. Please provide a permanent solution rather than a temporary workaround.",Authentication & Access,Frustrated,Critical
OTP never arrives.,Authentication & Access,Urgent,Critical
I hope you're doing well. SSO not working. Looking forward to your response.,Authentication & Access,Confused,Medium
"Dear Support Team, I'm facing an issue where OTP never arrives. I checked my email spam folder, but nothing changed. Kindly resolve this soon.",Authentication & Access,Confused,Critical
"Dear LearnSphere Support,

I am writing to formally report that account locked. This problem has persisted for the last few days and is preventing me from using the platform effectively. I tried another browser without success. I would appreciate it if your technical team could investigate this matter at the earliest.

Kind regards,
A Learner",Authentication & Access,Confused,Critical
"Hello,

I understand technical problems can happen, but login redirects forever. I have an upcoming deadline, so I'd be grateful if this could be resolved soon.

Thank you.",Authentication & Access,Angry,Critical
"asap... browser sign-in mismatch, plz fix. this keeps happening every time.",Authentication & Access,Urgent,Critical
"This wasn't happening before. Since the latest update, profile inaccessible. It's inconsistent�sometimes it works, sometimes it doesn't�which makes it difficult to continue my coursework.",Authentication & Access,Neutral,Critical
"I'm honestly disappointed. Google sign-in broken. I pay for this service because I rely on it every day, and repeated interruptions are affecting my assignments and preparation. Please provide a permanent solution rather than a temporary workaround.",Authentication & Access,Confused,High
password reset link expired.,Authentication & Access,Angry,High
 session expires immediately. Please look into this.,Authentication & Access,Neutral,Critical
" I'm facing an issue where password reset link expired. I even asked a classmate to verify the issue, but nothing changed. ",Authentication & Access,Frustrated,Medium
"Dear LearnSphere Support,

I am writing to formally report that Apple sign-in unavailable. This problem has persisted for the last few days and is preventing me from using the platform effectively. I checked my email spam folder without success. I would appreciate it if your technical team could investigate this matter at the earliest.

Kind regards,
A Learner",Authentication & Access,Frustrated,Critical
"Hello,

I understand technical problems can happen, but password reset link expired. I have an upcoming deadline, so I'd be grateful if this could be resolved soon.

Thank you.",Authentication & Access,Urgent,Critical
"subscrption... auth server timeout, plz fix. this keeps happening every time.",Authentication & Access,Angry,Critical
"This wasn't happening before. Since the latest update, 2FA code invalid. It's inconsistent�sometimes it works, sometimes it doesn't�which makes it difficult to continue my coursework.",Authentication & Access,Frustrated,High
"I'm honestly disappointed. browser sign-in mismatch. I pay for this service because I rely on it every day, and repeated interruptions are affecting my assignments and preparation. Please provide a permanent solution rather than a temporary workaround.",Authentication & Access,Confused,High
profile inaccessible.,Authentication & Access,Angry,Critical
"Hi LearnSphere Team, account locked. ",Authentication & Access,Frustrated,High
"Hey team, I'm facing an issue where password reset link expired. I switched devices, but nothing changed. Please look into this.",Authentication & Access,Confused,Critical
"Dear LearnSphere Support,

I am writing to formally report that email verification stuck. This problem has persisted for the last few days and is preventing me from using the platform effectively. I even asked a classmate to verify the issue without success. I would appreciate it if your technical team could investigate this matter at the earliest.

Kind regards,
A Learner",Authentication & Access,Urgent,Critical
"Hello,

I understand technical problems can happen, but profile inaccessible. I have an upcoming deadline, so I'd be grateful if this could be resolved soon.

Thank you.",Authentication & Access,Confused,High
"cnt... Apple sign-in unavailable, plz fix. this keeps happening every time.",Authentication & Access,Angry,High
"This wasn't happening before. Since the latest update, Google sign-in broken. It's inconsistent�sometimes it works, sometimes it doesn't�which makes it difficult to continue my coursework.",Authentication & Access,Urgent,Medium
"I'm honestly disappointed. Google sign-in broken. I pay for this service because I rely on it every day, and repeated interruptions are affecting my assignments and preparation. Please provide a permanent solution rather than a temporary workaround.",Authentication & Access,Frustrated,High
OTP never arrives.,Authentication & Access,Urgent,Critical
 unexpected security challenge. This is affecting my learning.,Authentication & Access,Urgent,Medium
"Hello Support, I'm facing an issue where Google sign-in broken. I switched devices, but nothing changed. Looking forward to your response.",Authentication & Access,Neutral,Critical
"Dear LearnSphere Support,

I am writing to formally report that unexpected security challenge. This problem has persisted for the last few days and is preventing me from using the platform effectively. I switched devices without success. I would appreciate it if your technical team could investigate this matter at the earliest.

Kind regards,
A Learner",Authentication & Access,Urgent,Critical
"Hello,

I understand technical problems can happen, but password reset link expired. I have an upcoming deadline, so I'd be grateful if this could be resolved soon.

Thank you.",Authentication & Access,Neutral,Critical
"vid... unexpected security challenge, plz fix. this keeps happening every time.",Authentication & Access,Confused,Critical
"This wasn't happening before. Since the latest update, auth server timeout. It's inconsistent�sometimes it works, sometimes it doesn't�which makes it difficult to continue my coursework.",Authentication & Access,Frustrated,Critical
"I'm honestly disappointed. account disappeared. I pay for this service because I rely on it every day, and repeated interruptions are affecting my assignments and preparation. Please provide a permanent solution rather than a temporary workaround.",Authentication & Access,Urgent,High
can't log in.,Authentication & Access,Neutral,High
"Good evening, credentials rejected. Looking forward to your response.",Authentication & Access,Angry,Medium
"Dear Support Team, I'm facing an issue where magic link invalid. I switched devices, but nothing changed. Thank you.",Authentication & Access,Neutral,Medium
"Dear LearnSphere Support,

I am writing to formally report that auth server timeout. This problem has persisted for the last few days and is preventing me from using the platform effectively. I cleared cache without success. I would appreciate it if your technical team could investigate this matter at the earliest.

Kind regards,
A Learner",Authentication & Access,Neutral,Critical
"Hello,

I understand technical problems can happen, but account locked. I have an upcoming deadline, so I'd be grateful if this could be resolved soon.

Thank you.",Authentication & Access,Urgent,High
"pasword... account locked, plz fix. this keeps happening every time.",Authentication & Access,Confused,Critical
"This wasn't happening before. Since the latest update, profile inaccessible. It's inconsistent�sometimes it works, sometimes it doesn't�which makes it difficult to continue my coursework.",Authentication & Access,Confused,Critical
"I'm honestly disappointed. email verification stuck. I pay for this service because I rely on it every day, and repeated interruptions are affecting my assignments and preparation. Please provide a permanent solution rather than a temporary workaround.",Authentication & Access,Frustrated,High
Apple sign-in unavailable.,Authentication & Access,Confused,High
 profile inaccessible. ,Authentication & Access,Confused,Critical
" I'm facing an issue where magic link invalid. I even asked a classmate to verify the issue, but nothing changed. Kindly resolve this soon.",Authentication & Access,Neutral,Critical
"Dear LearnSphere Support,

I am writing to formally report that browser sign-in mismatch. This problem has persisted for the last few days and is preventing me from using the platform effectively. I even asked a classmate to verify the issue without success. I would appreciate it if your technical team could investigate this matter at the earliest.

Kind regards,
A Learner",Authentication & Access,Angry,High
"Hello,

I understand technical problems can happen, but unexpected security challenge. I have an upcoming deadline, so I'd be grateful if this could be resolved soon.

Thank you.",Authentication & Access,Urgent,Critical
"pasword... account disappeared, plz fix. this keeps happening every time.",Authentication & Access,Confused,Critical
"This wasn't happening before. Since the latest update, account locked. It's inconsistent�sometimes it works, sometimes it doesn't�which makes it difficult to continue my coursework.",Authentication & Access,Neutral,Medium
"I'm honestly disappointed. login redirects forever. I pay for this service because I rely on it every day, and repeated interruptions are affecting my assignments and preparation. Please provide a permanent solution rather than a temporary workaround.",Authentication & Access,Neutral,Critical
OTP never arrives.,Authentication & Access,Urgent,Medium
"Hello Support, session expires immediately. Regards.",Authentication & Access,Neutral,High
"Dear Support Team, I'm facing an issue where auth server timeout. I updated the application, but nothing changed. Thank you.",Authentication & Access,Confused,High
"Dear LearnSphere Support,

I am writing to formally report that Apple sign-in unavailable. This problem has persisted for the last few days and is preventing me from using the platform effectively. I cleared cache without success. I would appreciate it if your technical team could investigate this matter at the earliest.

Kind regards,
A Learner",Authentication & Access,Angry,Medium
"Hello,

I understand technical problems can happen, but unexpected security challenge. I have an upcoming deadline, so I'd be grateful if this could be resolved soon.

Thank you.",Authentication & Access,Urgent,High
"subscrption... magic link invalid, plz fix. this keeps happening every time.",Authentication & Access,Frustrated,High
"This wasn't happening before. Since the latest update, magic link invalid. It's inconsistent�sometimes it works, sometimes it doesn't�which makes it difficult to continue my coursework.",Authentication & Access,Frustrated,High
"I'm honestly disappointed. OTP never arrives. I pay for this service because I rely on it every day, and repeated interruptions are affecting my assignments and preparation. Please provide a permanent solution rather than a temporary workaround.",Authentication & Access,Neutral,Medium
account locked.,Authentication & Access,Frustrated,High
"Dear Support Team, login redirects forever. ",Authentication & Access,Angry,Critical
"Hello Support, I'm facing an issue where can't log in. I cleared cache, but nothing changed. This is affecting my learning.",Authentication & Access,Confused,Medium
"Dear LearnSphere Support,

I am writing to formally report that 2FA code invalid. This problem has persisted for the last few days and is preventing me from using the platform effectively. I updated the application without success. I would appreciate it if your technical team could investigate this matter at the earliest.

Kind regards,
A Learner",Authentication & Access,Frustrated,High
"Hello,

I understand technical problems can happen, but magic link invalid. I have an upcoming deadline, so I'd be grateful if this could be resolved soon.

Thank you.",Authentication & Access,Neutral,Medium
"biling... login loop, plz fix. this keeps happening every time.",Authentication & Access,Angry,Critical
"This wasn't happening before. Since the latest update, profile inaccessible. It's inconsistent�sometimes it works, sometimes it doesn't�which makes it difficult to continue my coursework.",Authentication & Access,Angry,Medium
"I'm honestly disappointed. OTP never arrives. I pay for this service because I rely on it every day, and repeated interruptions are affecting my assignments and preparation. Please provide a permanent solution rather than a temporary workaround.",Authentication & Access,Angry,Critical
2FA code invalid.,Authentication & Access,Frustrated,Critical
"Good evening, auth server timeout. Regards.",Authentication & Access,Neutral,High
"I hope you're doing well. I'm facing an issue where can't log in. I reinstalled the app, but nothing changed. Please escalate if necessary.",Authentication & Access,Confused,Critical
"Dear LearnSphere Support,

I am writing to formally report that password reset link expired. This problem has persisted for the last few days and is preventing me from using the platform effectively. I logged out and back in without success. I would appreciate it if your technical team could investigate this matter at the earliest.

Kind regards,
A Learner",Authentication & Access,Frustrated,Critical
"Hello,

I understand technical problems can happen, but 2FA code invalid. I have an upcoming deadline, so I'd be grateful if this could be resolved soon.

Thank you.",Authentication & Access,Urgent,Critical
"plz... 2FA code invalid, plz fix. this keeps happening every time.",Authentication & Access,Angry,High
"This wasn't happening before. Since the latest update, login loop. It's inconsistent�sometimes it works, sometimes it doesn't�which makes it difficult to continue my coursework.",Authentication & Access,Angry,High
"I'm honestly disappointed. verification keeps failing. I pay for this service because I rely on it every day, and repeated interruptions are affecting my assignments and preparation. Please provide a permanent solution rather than a temporary workaround.",Authentication & Access,Frustrated,High
password reset link expired.,Authentication & Access,Neutral,Medium
I hope you're doing well. OTP never arrives. Regards.,Authentication & Access,Frustrated,High
"I hope you're doing well. I'm facing an issue where 2FA code invalid. I switched devices, but nothing changed. ",Authentication & Access,Angry,Critical
"Dear LearnSphere Support,

I am writing to formally report that credentials rejected. This problem has persisted for the last few days and is preventing me from using the platform effectively. I switched devices without success. I would appreciate it if your technical team could investigate this matter at the earliest.

Kind regards,
A Learner",Authentication & Access,Frustrated,Critical
"Hello,

I understand technical problems can happen, but email verification stuck. I have an upcoming deadline, so I'd be grateful if this could be resolved soon.

Thank you.",Authentication & Access,Frustrated,High
"plz... SSO not working, plz fix. this keeps happening every time.",Authentication & Access,Confused,Medium
"This wasn't happening before. Since the latest update, Google sign-in broken. It's inconsistent�sometimes it works, sometimes it doesn't�which makes it difficult to continue my coursework.",Authentication & Access,Neutral,Critical
"I'm honestly disappointed. unexpected security challenge. I pay for this service because I rely on it every day, and repeated interruptions are affecting my assignments and preparation. Please provide a permanent solution rather than a temporary workaround.",Authentication & Access,Urgent,High
verification keeps failing.,Authentication & Access,Frustrated,Critical
 SSO not working. Looking forward to your response.,Authentication & Access,Frustrated,Critical
" I'm facing an issue where Google sign-in broken. I tried another browser, but nothing changed. Looking forward to your response.",Authentication & Access,Angry,High
"Dear LearnSphere Support,

I am writing to formally report that email verification stuck. This problem has persisted for the last few days and is preventing me from using the platform effectively. I updated the application without success. I would appreciate it if your technical team could investigate this matter at the earliest.

Kind regards,
A Learner",Authentication & Access,Neutral,Medium
"Hello,

I understand technical problems can happen, but login redirects forever. I have an upcoming deadline, so I'd be grateful if this could be resolved soon.

Thank you.",Authentication & Access,Angry,High
"cnt... auth server timeout, plz fix. this keeps happening every time.",Authentication & Access,Frustrated,Critical
"This wasn't happening before. Since the latest update, account disappeared. It's inconsistent�sometimes it works, sometimes it doesn't�which makes it difficult to continue my coursework.",Authentication & Access,Frustrated,High
"I'm honestly disappointed. profile inaccessible. I pay for this service because I rely on it every day, and repeated interruptions are affecting my assignments and preparation. Please provide a permanent solution rather than a temporary workaround.",Authentication & Access,Confused,Critical
session expires immediately.,Authentication & Access,Neutral,Medium
I hope you're doing well. password reset link expired. This is affecting my learning.,Authentication & Access,Neutral,High
"To whom it may concern, I'm facing an issue where profile inaccessible. I switched devices, but nothing changed. ",Authentication & Access,Neutral,High
"Dear LearnSphere Support,

I am writing to formally report that login loop. This problem has persisted for the last few days and is preventing me from using the platform effectively. I logged out and back in without success. I would appreciate it if your technical team could investigate this matter at the earliest.

Kind regards,
A Learner",Authentication & Access,Urgent,High
"Hello,

I understand technical problems can happen, but verification keeps failing. I have an upcoming deadline, so I'd be grateful if this could be resolved soon.

Thank you.",Authentication & Access,Frustrated,Medium
"vid... unexpected security challenge, plz fix. this keeps happening every time.",Authentication & Access,Urgent,Critical
"This wasn't happening before. Since the latest update, credentials rejected. It's inconsistent�sometimes it works, sometimes it doesn't�which makes it difficult to continue my coursework.",Authentication & Access,Frustrated,Medium
"I'm honestly disappointed. profile inaccessible. I pay for this service because I rely on it every day, and repeated interruptions are affecting my assignments and preparation. Please provide a permanent solution rather than a temporary workaround.",Authentication & Access,Angry,Medium
account locked.,Authentication & Access,Frustrated,Medium
I hope you're doing well. Apple sign-in unavailable. Please escalate if necessary.,Authentication & Access,Urgent,Medium
"Dear Support Team, I'm facing an issue where profile inaccessible. I even asked a classmate to verify the issue, but nothing changed. Looking forward to your response.",Authentication & Access,Neutral,High
"Dear LearnSphere Support,

I am writing to formally report that password reset link expired. This problem has persisted for the last few days and is preventing me from using the platform effectively. I switched devices without success. I would appreciate it if your technical team could investigate this matter at the earliest.

Kind regards,
A Learner",Authentication & Access,Urgent,High
"Hello,

I understand technical problems can happen, but unexpected security challenge. I have an upcoming deadline, so I'd be grateful if this could be resolved soon.

Thank you.",Authentication & Access,Neutral,Critical
"biling... verification keeps failing, plz fix. this keeps happening every time.",Authentication & Access,Frustrated,Medium
"This wasn't happening before. Since the latest update, credentials rejected. It's inconsistent�sometimes it works, sometimes it doesn't�which makes it difficult to continue my coursework.",Authentication & Access,Angry,Critical
"I'm honestly disappointed. unexpected security challenge. I pay for this service because I rely on it every day, and repeated interruptions are affecting my assignments and preparation. Please provide a permanent solution rather than a temporary workaround.",Authentication & Access,Urgent,Medium
verification keeps failing.,Authentication & Access,Neutral,Critical
"Good evening, email verification stuck. This is affecting my learning.",Authentication & Access,Angry,Medium
"Dear Support Team, I'm facing an issue where OTP never arrives. I tried another browser, but nothing changed. ",Authentication & Access,Confused,Critical
"Dear LearnSphere Support,

I am writing to formally report that email verification stuck. This problem has persisted for the last few days and is preventing me from using the platform effectively. I tried another browser without success. I would appreciate it if your technical team could investigate this matter at the earliest.

Kind regards,
A Learner",Authentication & Access,Neutral,Critical
"Hello,

I understand technical problems can happen, but Apple sign-in unavailable. I have an upcoming deadline, so I'd be grateful if this could be resolved soon.

Thank you.",Authentication & Access,Frustrated,Critical
"cnt... 2FA code invalid, plz fix. this keeps happening every time.",Authentication & Access,Neutral,Medium
"This wasn't happening before. Since the latest update, credentials rejected. It's inconsistent�sometimes it works, sometimes it doesn't�which makes it difficult to continue my coursework.",Authentication & Access,Neutral,Critical
"I'm honestly disappointed. magic link invalid. I pay for this service because I rely on it every day, and repeated interruptions are affecting my assignments and preparation. Please provide a permanent solution rather than a temporary workaround.",Authentication & Access,Frustrated,Medium
account locked.,Authentication & Access,Confused,High
I hope you're doing well. can't log in. Looking forward to your response.,Authentication & Access,Angry,Critical
"Hello Support, I'm facing an issue where account locked. I tried another browser, but nothing changed. This is affecting my learning.",Authentication & Access,Angry,Critical
"Dear LearnSphere Support,

I am writing to formally report that login redirects forever. This problem has persisted for the last few days and is preventing me from using the platform effectively. I updated the application without success. I would appreciate it if your technical team could investigate this matter at the earliest.

Kind regards,
A Learner",Authentication & Access,Angry,Critical
"Hello,

I understand technical problems can happen, but password reset link expired. I have an upcoming deadline, so I'd be grateful if this could be resolved soon.

Thank you.",Authentication & Access,Confused,High
"asap... password reset link expired, plz fix. this keeps happening every time.",Authentication & Access,Angry,Critical
"This wasn't happening before. Since the latest update, auth server timeout. It's inconsistent�sometimes it works, sometimes it doesn't�which makes it difficult to continue my coursework.",Authentication & Access,Neutral,Medium
"I'm honestly disappointed. 2FA code invalid. I pay for this service because I rely on it every day, and repeated interruptions are affecting my assignments and preparation. Please provide a permanent solution rather than a temporary workaround.",Authentication & Access,Urgent,Medium
account locked.,Authentication & Access,Angry,Critical
"Hello Support, login loop. Regards.",Authentication & Access,Neutral,Medium
"I hope you're doing well. I'm facing an issue where credentials rejected. I reinstalled the app, but nothing changed. Looking forward to your response.",Authentication & Access,Urgent,High
"Dear LearnSphere Support,

I am writing to formally report that password reset link expired. This problem has persisted for the last few days and is preventing me from using the platform effectively. I checked my email spam folder without success. I would appreciate it if your technical team could investigate this matter at the earliest.

Kind regards,
A Learner",Authentication & Access,Confused,Critical
"Hello,

I understand technical problems can happen, but 2FA code invalid. I have an upcoming deadline, so I'd be grateful if this could be resolved soon.

Thank you.",Authentication & Access,Neutral,Medium
"idk... session expires immediately, plz fix. this keeps happening every time.",Authentication & Access,Urgent,Critical
"This wasn't happening before. Since the latest update, credentials rejected. It's inconsistent�sometimes it works, sometimes it doesn't�which makes it difficult to continue my coursework.",Authentication & Access,Urgent,Critical
"I'm honestly disappointed. account locked. I pay for this service because I rely on it every day, and repeated interruptions are affecting my assignments and preparation. Please provide a permanent solution rather than a temporary workaround.",Authentication & Access,Confused,Critical
profile inaccessible.,Authentication & Access,Urgent,High
"Hi LearnSphere Team, browser sign-in mismatch. Please look into this.",Authentication & Access,Frustrated,Medium
" I'm facing an issue where browser sign-in mismatch. I reinstalled the app, but nothing changed. Please escalate if necessary.",Authentication & Access,Urgent,Critical
"Dear LearnSphere Support,

I am writing to formally report that can't log in. This problem has persisted for the last few days and is preventing me from using the platform effectively. I even asked a classmate to verify the issue without success. I would appreciate it if your technical team could investigate this matter at the earliest.

Kind regards,
A Learner",Authentication & Access,Urgent,High
"Hello,

I understand technical problems can happen, but session expires immediately. I have an upcoming deadline, so I'd be grateful if this could be resolved soon.

Thank you.",Authentication & Access,Angry,Medium
"cnt... unexpected security challenge, plz fix. this keeps happening every time.",Authentication & Access,Angry,Medium
"This wasn't happening before. Since the latest update, login loop. It's inconsistent�sometimes it works, sometimes it doesn't�which makes it difficult to continue my coursework.",Authentication & Access,Confused,High
"I'm honestly disappointed. account disappeared. I pay for this service because I rely on it every day, and repeated interruptions are affecting my assignments and preparation. Please provide a permanent solution rather than a temporary workaround.",Authentication & Access,Angry,High
SSO not working.,Authentication & Access,Neutral,Critical
I hope you're doing well. account locked. Looking forward to your response.,Authentication & Access,Neutral,High
"I hope you're doing well. I'm facing an issue where account locked. I tried another browser, but nothing changed. Looking forward to your response.",Authentication & Access,Confused,High
"Dear LearnSphere Support,

I am writing to formally report that OTP never arrives. This problem has persisted for the last few days and is preventing me from using the platform effectively. I checked my email spam folder without success. I would appreciate it if your technical team could investigate this matter at the earliest.

Kind regards,
A Learner",Authentication & Access,Angry,Medium
"Hello,

I understand technical problems can happen, but account locked. I have an upcoming deadline, so I'd be grateful if this could be resolved soon.

Thank you.",Authentication & Access,Frustrated,Medium
"subscrption... session expires immediately, plz fix. this keeps happening every time.",Authentication & Access,Urgent,High
"This wasn't happening before. Since the latest update, magic link invalid. It's inconsistent�sometimes it works, sometimes it doesn't�which makes it difficult to continue my coursework.",Authentication & Access,Confused,High
"I'm honestly disappointed. browser sign-in mismatch. I pay for this service because I rely on it every day, and repeated interruptions are affecting my assignments and preparation. Please provide a permanent solution rather than a temporary workaround.",Authentication & Access,Neutral,Medium
credentials rejected.,Authentication & Access,Angry,Critical
Urgent: email verification stuck. This is affecting my learning.,Authentication & Access,Angry,Medium
"To whom it may concern, I'm facing an issue where password reset link expired. I even asked a classmate to verify the issue, but nothing changed. Kindly resolve this soon.",Authentication & Access,Confused,Critical
"Dear LearnSphere Support,

I am writing to formally report that Apple sign-in unavailable. This problem has persisted for the last few days and is preventing me from using the platform effectively. I cleared cache without success. I would appreciate it if your technical team could investigate this matter at the earliest.

Kind regards,
A Learner",Authentication & Access,Frustrated,High
"Hello,

I understand technical problems can happen, but login redirects forever. I have an upcoming deadline, so I'd be grateful if this could be resolved soon.

Thank you.",Authentication & Access,Urgent,Critical
"cnt... login redirects forever, plz fix. this keeps happening every time.",Authentication & Access,Urgent,Medium
"This wasn't happening before. Since the latest update, OTP never arrives. It's inconsistent�sometimes it works, sometimes it doesn't�which makes it difficult to continue my coursework.",Authentication & Access,Angry,Medium
"I'm honestly disappointed. verification keeps failing. I pay for this service because I rely on it every day, and repeated interruptions are affecting my assignments and preparation. Please provide a permanent solution rather than a temporary workaround.",Authentication & Access,Neutral,High
Apple sign-in unavailable.,Authentication & Access,Frustrated,High
"Hey team, login loop. Kindly resolve this soon.",Authentication & Access,Neutral,Critical
"Hello Support, I'm facing an issue where session expires immediately. I updated the application, but nothing changed. ",Authentication & Access,Urgent,High
"Dear LearnSphere Support,

I am writing to formally report that profile inaccessible. This problem has persisted for the last few days and is preventing me from using the platform effectively. I tried another browser without success. I would appreciate it if your technical team could investigate this matter at the earliest.

Kind regards,
A Learner",Authentication & Access,Confused,Medium
"Hello,

I understand technical problems can happen, but unexpected security challenge. I have an upcoming deadline, so I'd be grateful if this could be resolved soon.

Thank you.",Authentication & Access,Neutral,High
"vid... 2FA code invalid, plz fix. this keeps happening every time.",Authentication & Access,Confused,Medium
"This wasn't happening before. Since the latest update, profile inaccessible. It's inconsistent�sometimes it works, sometimes it doesn't�which makes it difficult to continue my coursework.",Authentication & Access,Urgent,High
"I'm honestly disappointed. auth server timeout. I pay for this service because I rely on it every day, and repeated interruptions are affecting my assignments and preparation. Please provide a permanent solution rather than a temporary workaround.",Authentication & Access,Frustrated,Medium
login loop.,Authentication & Access,Confused,Critical
Urgent: Google sign-in broken. ,Authentication & Access,Confused,Critical
"Dear Support Team, I'm facing an issue where auth server timeout. I logged out and back in, but nothing changed. Looking forward to your response.",Authentication & Access,Confused,High
"Dear LearnSphere Support,

I am writing to formally report that profile inaccessible. This problem has persisted for the last few days and is preventing me from using the platform effectively. I checked my email spam folder without success. I would appreciate it if your technical team could investigate this matter at the earliest.

Kind regards,
A Learner",Authentication & Access,Urgent,High
"Hello,

I understand technical problems can happen, but auth server timeout. I have an upcoming deadline, so I'd be grateful if this could be resolved soon.

Thank you.",Authentication & Access,Urgent,Critical
"cnt... login redirects forever, plz fix. this keeps happening every time.",Authentication & Access,Angry,Medium
"This wasn't happening before. Since the latest update, Apple sign-in unavailable. It's inconsistent�sometimes it works, sometimes it doesn't�which makes it difficult to continue my coursework.",Authentication & Access,Neutral,Critical
"I'm honestly disappointed. OTP never arrives. I pay for this service because I rely on it every day, and repeated interruptions are affecting my assignments and preparation. Please provide a permanent solution rather than a temporary workaround.",Authentication & Access,Angry,Critical
session expires immediately.,Authentication & Access,Frustrated,Critical
 login redirects forever. Kindly resolve this soon.,Authentication & Access,Frustrated,Critical
"Dear Support Team, I'm facing an issue where login redirects forever. I updated the application, but nothing changed. Regards.",Authentication & Access,Confused,Medium
"Dear LearnSphere Support,

I am writing to formally report that browser sign-in mismatch. This problem has persisted for the last few days and is preventing me from using the platform effectively. I tried another browser without success. I would appreciate it if your technical team could investigate this matter at the earliest.

Kind regards,
A Learner",Authentication & Access,Confused,Medium
"Hello,

I understand technical problems can happen, but email verification stuck. I have an upcoming deadline, so I'd be grateful if this could be resolved soon.

Thank you.",Authentication & Access,Neutral,High
"subscrption... account locked, plz fix. this keeps happening every time.",Authentication & Access,Confused,High
"This wasn't happening before. Since the latest update, auth server timeout. It's inconsistent�sometimes it works, sometimes it doesn't�which makes it difficult to continue my coursework.",Authentication & Access,Urgent,High
"I'm honestly disappointed. login loop. I pay for this service because I rely on it every day, and repeated interruptions are affecting my assignments and preparation. Please provide a permanent solution rather than a temporary workaround.",Authentication & Access,Confused,Critical
SSO not working.,Authentication & Access,Urgent,High
"Hey team, login redirects forever. Please escalate if necessary.",Authentication & Access,Neutral,Medium
"Hey team, I'm facing an issue where email verification stuck. I logged out and back in, but nothing changed. Looking forward to your response.",Authentication & Access,Neutral,Critical
"Dear LearnSphere Support,

I am writing to formally report that login redirects forever. This problem has persisted for the last few days and is preventing me from using the platform effectively. I reinstalled the app without success. I would appreciate it if your technical team could investigate this matter at the earliest.

Kind regards,
A Learner",Authentication & Access,Confused,High
"Hello,

I understand technical problems can happen, but 2FA code invalid. I have an upcoming deadline, so I'd be grateful if this could be resolved soon.

Thank you.",Authentication & Access,Neutral,Medium
"cnt... session expires immediately, plz fix. this keeps happening every time.",Authentication & Access,Confused,Critical
"This wasn't happening before. Since the latest update, login redirects forever. It's inconsistent�sometimes it works, sometimes it doesn't�which makes it difficult to continue my coursework.",Authentication & Access,Neutral,High
"I'm honestly disappointed. Apple sign-in unavailable. I pay for this service because I rely on it every day, and repeated interruptions are affecting my assignments and preparation. Please provide a permanent solution rather than a temporary workaround.",Authentication & Access,Urgent,Critical
verification keeps failing.,Authentication & Access,Neutral,Medium
"Hey team, browser sign-in mismatch. Please escalate if necessary.",Authentication & Access,Angry,High
" I'm facing an issue where account locked. I cleared cache, but nothing changed. This is affecting my learning.",Authentication & Access,Frustrated,High
"Dear LearnSphere Support,

I am writing to formally report that email verification stuck. This problem has persisted for the last few days and is preventing me from using the platform effectively. I checked my email spam folder without success. I would appreciate it if your technical team could investigate this matter at the earliest.

Kind regards,
A Learner",Authentication & Access,Angry,Medium
"Hello,

I understand technical problems can happen, but SSO not working. I have an upcoming deadline, so I'd be grateful if this could be resolved soon.

Thank you.",Authentication & Access,Urgent,High
"cnt... 2FA code invalid, plz fix. this keeps happening every time.",Authentication & Access,Confused,Medium
"This wasn't happening before. Since the latest update, profile inaccessible. It's inconsistent�sometimes it works, sometimes it doesn't�which makes it difficult to continue my coursework.",Authentication & Access,Urgent,Medium
"I'm honestly disappointed. magic link invalid. I pay for this service because I rely on it every day, and repeated interruptions are affecting my assignments and preparation. Please provide a permanent solution rather than a temporary workaround.",Authentication & Access,Frustrated,Critical
auth server timeout.,Authentication & Access,Confused,Critical
"Hi LearnSphere Team, magic link invalid. Thank you.",Authentication & Access,Angry,High
"Hello Support, I'm facing an issue where login redirects forever. I switched devices, but nothing changed. Please look into this.",Authentication & Access,Urgent,Medium
"Dear LearnSphere Support,

I am writing to formally report that account disappeared. This problem has persisted for the last few days and is preventing me from using the platform effectively. I even asked a classmate to verify the issue without success. I would appreciate it if your technical team could investigate this matter at the earliest.

Kind regards,
A Learner",Authentication & Access,Angry,Critical
"Hello,

I understand technical problems can happen, but SSO not working. I have an upcoming deadline, so I'd be grateful if this could be resolved soon.

Thank you.",Authentication & Access,Neutral,High
"plz... session expires immediately, plz fix. this keeps happening every time.",Authentication & Access,Frustrated,Critical
"This wasn't happening before. Since the latest update, browser sign-in mismatch. It's inconsistent�sometimes it works, sometimes it doesn't�which makes it difficult to continue my coursework.",Authentication & Access,Confused,Critical
"I'm honestly disappointed. login loop. I pay for this service because I rely on it every day, and repeated interruptions are affecting my assignments and preparation. Please provide a permanent solution rather than a temporary workaround.",Authentication & Access,Confused,High
credentials rejected.,Authentication & Access,Frustrated,High
"Dear Support Team, login redirects forever. This is affecting my learning.",Authentication & Access,Frustrated,Medium
"Hello Support, I'm facing an issue where session expires immediately. I logged out and back in, but nothing changed. This is affecting my learning.",Authentication & Access,Angry,Critical
"Dear LearnSphere Support,

I am writing to formally report that 2FA code invalid. This problem has persisted for the last few days and is preventing me from using the platform effectively. I even asked a classmate to verify the issue without success. I would appreciate it if your technical team could investigate this matter at the earliest.

Kind regards,
A Learner",Authentication & Access,Confused,Critical
"Hello,

I understand technical problems can happen, but email verification stuck. I have an upcoming deadline, so I'd be grateful if this could be resolved soon.

Thank you.",Authentication & Access,Neutral,Medium
"vid... OTP never arrives, plz fix. this keeps happening every time.",Authentication & Access,Confused,Critical
"This wasn't happening before. Since the latest update, email verification stuck. It's inconsistent�sometimes it works, sometimes it doesn't�which makes it difficult to continue my coursework.",Authentication & Access,Neutral,Critical
"I'm honestly disappointed. credentials rejected. I pay for this service because I rely on it every day, and repeated interruptions are affecting my assignments and preparation. Please provide a permanent solution rather than a temporary workaround.",Authentication & Access,Frustrated,Critical
Google sign-in broken.,Authentication & Access,Neutral,Critical
"Dear Support Team, SSO not working. Please escalate if necessary.",Authentication & Access,Angry,Critical
"Hello Support, I'm facing an issue where Google sign-in broken. I updated the application, but nothing changed. Thank you.",Authentication & Access,Confused,Medium
"Dear LearnSphere Support,

I am writing to formally report that login redirects forever. This problem has persisted for the last few days and is preventing me from using the platform effectively. I logged out and back in without success. I would appreciate it if your technical team could investigate this matter at the earliest.

Kind regards,
A Learner",Authentication & Access,Confused,Medium
"Hello,

I understand technical problems can happen, but verification keeps failing. I have an upcoming deadline, so I'd be grateful if this could be resolved soon.

Thank you.",Authentication & Access,Angry,Medium
"cnt... email verification stuck, plz fix. this keeps happening every time.",Authentication & Access,Neutral,High
"This wasn't happening before. Since the latest update, browser sign-in mismatch. It's inconsistent�sometimes it works, sometimes it doesn't�which makes it difficult to continue my coursework.",Authentication & Access,Urgent,Medium
"I'm honestly disappointed. verification keeps failing. I pay for this service because I rely on it every day, and repeated interruptions are affecting my assignments and preparation. Please provide a permanent solution rather than a temporary workaround.",Authentication & Access,Neutral,Critical
magic link invalid.,Authentication & Access,Frustrated,Critical
Urgent: OTP never arrives. This is affecting my learning.,Authentication & Access,Confused,High
" I'm facing an issue where auth server timeout. I tried another browser, but nothing changed. This is affecting my learning.",Authentication & Access,Neutral,Critical
"Dear LearnSphere Support,

I am writing to formally report that magic link invalid. This problem has persisted for the last few days and is preventing me from using the platform effectively. I reinstalled the app without success. I would appreciate it if your technical team could investigate this matter at the earliest.

Kind regards,
A Learner",Authentication & Access,Confused,High
"Hello,

I understand technical problems can happen, but account locked. I have an upcoming deadline, so I'd be grateful if this could be resolved soon.

Thank you.",Authentication & Access,Angry,Critical
"vid... profile inaccessible, plz fix. this keeps happening every time.",Authentication & Access,Angry,Critical
"This wasn't happening before. Since the latest update, 2FA code invalid. It's inconsistent�sometimes it works, sometimes it doesn't�which makes it difficult to continue my coursework.",Authentication & Access,Angry,Critical
"I'm honestly disappointed. SSO not working. I pay for this service because I rely on it every day, and repeated interruptions are affecting my assignments and preparation. Please provide a permanent solution rather than a temporary workaround.",Authentication & Access,Confused,Critical
profile inaccessible.,Authentication & Access,Frustrated,Critical
"Hey team, email verification stuck. Looking forward to your response.",Authentication & Access,Frustrated,Critical
"Hi LearnSphere Team, I'm facing an issue where OTP never arrives. I reinstalled the app, but nothing changed. Regards.",Authentication & Access,Confused,High
"Dear LearnSphere Support,

I am writing to formally report that auth server timeout. This problem has persisted for the last few days and is preventing me from using the platform effectively. I even asked a classmate to verify the issue without success. I would appreciate it if your technical team could investigate this matter at the earliest.

Kind regards,
A Learner",Authentication & Access,Frustrated,Critical
"Hello,

I understand technical problems can happen, but SSO not working. I have an upcoming deadline, so I'd be grateful if this could be resolved soon.

Thank you.",Authentication & Access,Urgent,High
"asap... password reset link expired, plz fix. this keeps happening every time.",Authentication & Access,Frustrated,High
"This wasn't happening before. Since the latest update, account locked. It's inconsistent�sometimes it works, sometimes it doesn't�which makes it difficult to continue my coursework.",Authentication & Access,Urgent,High
"I'm honestly disappointed. email verification stuck. I pay for this service because I rely on it every day, and repeated interruptions are affecting my assignments and preparation. Please provide a permanent solution rather than a temporary workaround.",Authentication & Access,Urgent,Medium
2FA code invalid.,Authentication & Access,Angry,Critical
"Hi LearnSphere Team, session expires immediately. Please escalate if necessary.",Authentication & Access,Neutral,Medium
"Hello Support, I'm facing an issue where SSO not working. I cleared cache, but nothing changed. Please escalate if necessary.",Authentication & Access,Neutral,Critical
"Dear LearnSphere Support,

I am writing to formally report that password reset link expired. This problem has persisted for the last few days and is preventing me from using the platform effectively. I cleared cache without success. I would appreciate it if your technical team could investigate this matter at the earliest.

Kind regards,
A Learner",Authentication & Access,Frustrated,High
"Hello,

I understand technical problems can happen, but login loop. I have an upcoming deadline, so I'd be grateful if this could be resolved soon.

Thank you.",Authentication & Access,Neutral,High
"pasword... credentials rejected, plz fix. this keeps happening every time.",Authentication & Access,Angry,High
"This wasn't happening before. Since the latest update, unexpected security challenge. It's inconsistent�sometimes it works, sometimes it doesn't�which makes it difficult to continue my coursework.",Authentication & Access,Angry,High
"I'm honestly disappointed. unexpected security challenge. I pay for this service because I rely on it every day, and repeated interruptions are affecting my assignments and preparation. Please provide a permanent solution rather than a temporary workaround.",Authentication & Access,Frustrated,Critical
2FA code invalid.,Authentication & Access,Confused,Critical
"Hello Support, Apple sign-in unavailable. Regards.",Authentication & Access,Urgent,High
"Dear Support Team, I'm facing an issue where auth server timeout. I reinstalled the app, but nothing changed. Please look into this.",Authentication & Access,Frustrated,High
"Dear LearnSphere Support,

I am writing to formally report that email verification stuck. This problem has persisted for the last few days and is preventing me from using the platform effectively. I updated the application without success. I would appreciate it if your technical team could investigate this matter at the earliest.

Kind regards,
A Learner",Authentication & Access,Urgent,High
"Hello,

I understand technical problems can happen, but magic link invalid. I have an upcoming deadline, so I'd be grateful if this could be resolved soon.

Thank you.",Authentication & Access,Confused,High
"pasword... Apple sign-in unavailable, plz fix. this keeps happening every time.",Authentication & Access,Neutral,Medium
"This wasn't happening before. Since the latest update, OTP never arrives. It's inconsistent�sometimes it works, sometimes it doesn't�which makes it difficult to continue my coursework.",Authentication & Access,Frustrated,Critical
"I'm honestly disappointed. account disappeared. I pay for this service because I rely on it every day, and repeated interruptions are affecting my assignments and preparation. Please provide a permanent solution rather than a temporary workaround.",Authentication & Access,Urgent,Medium
magic link invalid.,Authentication & Access,Confused,Medium
"Hi LearnSphere Team, OTP never arrives. ",Authentication & Access,Urgent,Critical
"Good evening, I'm facing an issue where login loop. I cleared cache, but nothing changed. Please escalate if necessary.",Authentication & Access,Angry,Medium
"Dear LearnSphere Support,

I am writing to formally report that 2FA code invalid. This problem has persisted for the last few days and is preventing me from using the platform effectively. I reinstalled the app without success. I would appreciate it if your technical team could investigate this matter at the earliest.

Kind regards,
A Learner",Authentication & Access,Frustrated,Medium
"Hello,

I understand technical problems can happen, but auth server timeout. I have an upcoming deadline, so I'd be grateful if this could be resolved soon.

Thank you.",Authentication & Access,Neutral,Medium
"vid... browser sign-in mismatch, plz fix. this keeps happening every time.",Authentication & Access,Urgent,Critical
"This wasn't happening before. Since the latest update, Google sign-in broken. It's inconsistent�sometimes it works, sometimes it doesn't�which makes it difficult to continue my coursework.",Authentication & Access,Confused,High
"I'm honestly disappointed. account locked. I pay for this service because I rely on it every day, and repeated interruptions are affecting my assignments and preparation. Please provide a permanent solution rather than a temporary workaround.",Authentication & Access,Urgent,Medium
account disappeared.,Authentication & Access,Neutral,High
"Hey team, login loop. Regards.",Authentication & Access,Angry,Critical
"Hi LearnSphere Team, I'm facing an issue where login redirects forever. I logged out and back in, but nothing changed. Please escalate if necessary.",Authentication & Access,Urgent,High
"Dear LearnSphere Support,

I am writing to formally report that account disappeared. This problem has persisted for the last few days and is preventing me from using the platform effectively. I updated the application without success. I would appreciate it if your technical team could investigate this matter at the earliest.

Kind regards,
A Learner",Authentication & Access,Confused,High
"Hello,

I understand technical problems can happen, but unexpected security challenge. I have an upcoming deadline, so I'd be grateful if this could be resolved soon.

Thank you.",Authentication & Access,Confused,Critical
"biling... login redirects forever, plz fix. this keeps happening every time.",Authentication & Access,Confused,High
"This wasn't happening before. Since the latest update, account locked. It's inconsistent�sometimes it works, sometimes it doesn't�which makes it difficult to continue my coursework.",Authentication & Access,Angry,Medium
"I'm honestly disappointed. 2FA code invalid. I pay for this service because I rely on it every day, and repeated interruptions are affecting my assignments and preparation. Please provide a permanent solution rather than a temporary workaround.",Authentication & Access,Angry,High
2FA code invalid.,Authentication & Access,Urgent,Medium
"Good evening, unexpected security challenge. This is affecting my learning.",Authentication & Access,Confused,High
"Urgent: I'm facing an issue where password reset link expired. I logged out and back in, but nothing changed. Thank you.",Authentication & Access,Urgent,Critical
"Dear LearnSphere Support,

I am writing to formally report that SSO not working. This problem has persisted for the last few days and is preventing me from using the platform effectively. I cleared cache without success. I would appreciate it if your technical team could investigate this matter at the earliest.

Kind regards,
A Learner",Authentication & Access,Neutral,High
"Hello,

I understand technical problems can happen, but profile inaccessible. I have an upcoming deadline, so I'd be grateful if this could be resolved soon.

Thank you.",Authentication & Access,Urgent,Medium
"biling... password reset link expired, plz fix. this keeps happening every time.",Authentication & Access,Urgent,Critical
"This wasn't happening before. Since the latest update, 2FA code invalid. It's inconsistent�sometimes it works, sometimes it doesn't�which makes it difficult to continue my coursework.",Authentication & Access,Confused,High
"I'm honestly disappointed. SSO not working. I pay for this service because I rely on it every day, and repeated interruptions are affecting my assignments and preparation. Please provide a permanent solution rather than a temporary workaround.",Authentication & Access,Neutral,High
can't log in.,Authentication & Access,Confused,Medium
Urgent: OTP never arrives. Kindly resolve this soon.,Authentication & Access,Urgent,Critical
"To whom it may concern, I'm facing an issue where SSO not working. I reinstalled the app, but nothing changed. Looking forward to your response.",Authentication & Access,Neutral,High
"Dear LearnSphere Support,

I am writing to formally report that email verification stuck. This problem has persisted for the last few days and is preventing me from using the platform effectively. I logged out and back in without success. I would appreciate it if your technical team could investigate this matter at the earliest.

Kind regards,
A Learner",Authentication & Access,Neutral,High
"Hello,

I understand technical problems can happen, but Apple sign-in unavailable. I have an upcoming deadline, so I'd be grateful if this could be resolved soon.

Thank you.",Authentication & Access,Urgent,High
"idk... email verification stuck, plz fix. this keeps happening every time.",Authentication & Access,Angry,High
"This wasn't happening before. Since the latest update, SSO not working. It's inconsistent�sometimes it works, sometimes it doesn't�which makes it difficult to continue my coursework.",Authentication & Access,Neutral,High
"I'm honestly disappointed. account disappeared. I pay for this service because I rely on it every day, and repeated interruptions are affecting my assignments and preparation. Please provide a permanent solution rather than a temporary workaround.",Authentication & Access,Frustrated,Critical
magic link invalid.,Authentication & Access,Confused,Medium
"Hey team, verification keeps failing. Please escalate if necessary.",Authentication & Access,Neutral,Medium
"I hope you're doing well. I'm facing an issue where SSO not working. I reinstalled the app, but nothing changed. Please escalate if necessary.",Authentication & Access,Urgent,Medium
"Dear LearnSphere Support,

I am writing to formally report that login redirects forever. This problem has persisted for the last few days and is preventing me from using the platform effectively. I logged out and back in without success. I would appreciate it if your technical team could investigate this matter at the earliest.

Kind regards,
A Learner",Authentication & Access,Neutral,High
"Hello,

I understand technical problems can happen, but login redirects forever. I have an upcoming deadline, so I'd be grateful if this could be resolved soon.

Thank you.",Authentication & Access,Angry,Medium
"pasword... Apple sign-in unavailable, plz fix. this keeps happening every time.",Authentication & Access,Confused,Critical
"This wasn't happening before. Since the latest update, 2FA code invalid. It's inconsistent�sometimes it works, sometimes it doesn't�which makes it difficult to continue my coursework.",Authentication & Access,Angry,Medium
"I'm honestly disappointed. 2FA code invalid. I pay for this service because I rely on it every day, and repeated interruptions are affecting my assignments and preparation. Please provide a permanent solution rather than a temporary workaround.",Authentication & Access,Frustrated,Critical
login loop.,Authentication & Access,Frustrated,Critical
"Hi LearnSphere Team, login loop. Please escalate if necessary.",Authentication & Access,Confused,Critical
"Hello Support, I'm facing an issue where magic link invalid. I switched devices, but nothing changed. Please look into this.",Authentication & Access,Confused,Critical
"Dear LearnSphere Support,

I am writing to formally report that email verification stuck. This problem has persisted for the last few days and is preventing me from using the platform effectively. I logged out and back in without success. I would appreciate it if your technical team could investigate this matter at the earliest.

Kind regards,
A Learner",Authentication & Access,Frustrated,Critical
"Hello,

I understand technical problems can happen, but profile inaccessible. I have an upcoming deadline, so I'd be grateful if this could be resolved soon.

Thank you.",Authentication & Access,Angry,Critical
"plz... login redirects forever, plz fix. this keeps happening every time.",Authentication & Access,Frustrated,Critical
"This wasn't happening before. Since the latest update, 2FA code invalid. It's inconsistent�sometimes it works, sometimes it doesn't�which makes it difficult to continue my coursework.",Authentication & Access,Angry,Medium
"I'm honestly disappointed. can't log in. I pay for this service because I rely on it every day, and repeated interruptions are affecting my assignments and preparation. Please provide a permanent solution rather than a temporary workaround.",Authentication & Access,Urgent,Critical
verification keeps failing.,Authentication & Access,Urgent,High
"Hey team, can't log in. Please escalate if necessary.",Authentication & Access,Confused,Medium
"Hey team, I'm facing an issue where OTP never arrives. I switched devices, but nothing changed. Kindly resolve this soon.",Authentication & Access,Confused,Critical
"Dear LearnSphere Support,

I am writing to formally report that auth server timeout. This problem has persisted for the last few days and is preventing me from using the platform effectively. I checked my email spam folder without success. I would appreciate it if your technical team could investigate this matter at the earliest.

Kind regards,
A Learner",Authentication & Access,Neutral,High
"Hello,

I understand technical problems can happen, but unexpected security challenge. I have an upcoming deadline, so I'd be grateful if this could be resolved soon.

Thank you.",Authentication & Access,Frustrated,High
"asap... unexpected security challenge, plz fix. this keeps happening every time.",Authentication & Access,Urgent,Medium
"This wasn't happening before. Since the latest update, magic link invalid. It's inconsistent�sometimes it works, sometimes it doesn't�which makes it difficult to continue my coursework.",Authentication & Access,Neutral,Critical
"I'm honestly disappointed. password reset link expired. I pay for this service because I rely on it every day, and repeated interruptions are affecting my assignments and preparation. Please provide a permanent solution rather than a temporary workaround.",Authentication & Access,Frustrated,Medium
unexpected security challenge.,Authentication & Access,Angry,High
Urgent: 2FA code invalid. Please look into this.,Authentication & Access,Frustrated,Critical
"Hello Support, I'm facing an issue where credentials rejected. I even asked a classmate to verify the issue, but nothing changed. Please escalate if necessary.",Authentication & Access,Neutral,Critical
"Dear LearnSphere Support,

I am writing to formally report that OTP never arrives. This problem has persisted for the last few days and is preventing me from using the platform effectively. I cleared cache without success. I would appreciate it if your technical team could investigate this matter at the earliest.

Kind regards,
A Learner",Authentication & Access,Confused,Medium
"Hello,

I understand technical problems can happen, but browser sign-in mismatch. I have an upcoming deadline, so I'd be grateful if this could be resolved soon.

Thank you.",Authentication & Access,Angry,High
"idk... login loop, plz fix. this keeps happening every time.",Authentication & Access,Neutral,Critical
"This wasn't happening before. Since the latest update, browser sign-in mismatch. It's inconsistent�sometimes it works, sometimes it doesn't�which makes it difficult to continue my coursework.",Authentication & Access,Frustrated,Medium
"I'm honestly disappointed. Google sign-in broken. I pay for this service because I rely on it every day, and repeated interruptions are affecting my assignments and preparation. Please provide a permanent solution rather than a temporary workaround.",Authentication & Access,Frustrated,Medium
browser sign-in mismatch.,Authentication & Access,Confused,Critical
"Hello Support, unexpected security challenge. This is affecting my learning.",Authentication & Access,Confused,Critical
"To whom it may concern, I'm facing an issue where magic link invalid. I logged out and back in, but nothing changed. Please escalate if necessary.",Authentication & Access,Confused,Critical
"Dear LearnSphere Support,

I am writing to formally report that password reset link expired. This problem has persisted for the last few days and is preventing me from using the platform effectively. I logged out and back in without success. I would appreciate it if your technical team could investigate this matter at the earliest.

Kind regards,
A Learner",Authentication & Access,Frustrated,Medium
"Hello,

I understand technical problems can happen, but account disappeared. I have an upcoming deadline, so I'd be grateful if this could be resolved soon.

Thank you.",Authentication & Access,Confused,Medium
"subscrption... Google sign-in broken, plz fix. this keeps happening every time.",Authentication & Access,Neutral,Medium
"This wasn't happening before. Since the latest update, verification keeps failing. It's inconsistent�sometimes it works, sometimes it doesn't�which makes it difficult to continue my coursework.",Authentication & Access,Angry,High
"I'm honestly disappointed. magic link invalid. I pay for this service because I rely on it every day, and repeated interruptions are affecting my assignments and preparation. Please provide a permanent solution rather than a temporary workaround.",Authentication & Access,Neutral,Critical
unexpected security challenge.,Authentication & Access,Angry,Medium
"To whom it may concern, browser sign-in mismatch. Thank you.",Authentication & Access,Urgent,High
"Hello Support, I'm facing an issue where magic link invalid. I tried another browser, but nothing changed. This is affecting my learning.",Authentication & Access,Confused,High
"Dear LearnSphere Support,

I am writing to formally report that account locked. This problem has persisted for the last few days and is preventing me from using the platform effectively. I updated the application without success. I would appreciate it if your technical team could investigate this matter at the earliest.

Kind regards,
A Learner",Authentication & Access,Neutral,High
"Hello,

I understand technical problems can happen, but OTP never arrives. I have an upcoming deadline, so I'd be grateful if this could be resolved soon.

Thank you.",Authentication & Access,Frustrated,Medium
"asap... session expires immediately, plz fix. this keeps happening every time.",Authentication & Access,Neutral,High
"This wasn't happening before. Since the latest update, OTP never arrives. It's inconsistent�sometimes it works, sometimes it doesn't�which makes it difficult to continue my coursework.",Authentication & Access,Confused,Medium
"I'm honestly disappointed. credentials rejected. I pay for this service because I rely on it every day, and repeated interruptions are affecting my assignments and preparation. Please provide a permanent solution rather than a temporary workaround.",Authentication & Access,Angry,High
2FA code invalid.,Authentication & Access,Urgent,Critical
"Hello Support, account disappeared. Please look into this.",Authentication & Access,Frustrated,High
"Hello Support, I'm facing an issue where 2FA code invalid. I logged out and back in, but nothing changed. Please escalate if necessary.",Authentication & Access,Frustrated,High
"Dear LearnSphere Support,

I am writing to formally report that account disappeared. This problem has persisted for the last few days and is preventing me from using the platform effectively. I updated the application without success. I would appreciate it if your technical team could investigate this matter at the earliest.

Kind regards,
A Learner",Authentication & Access,Frustrated,Critical
"Hello,

I understand technical problems can happen, but 2FA code invalid. I have an upcoming deadline, so I'd be grateful if this could be resolved soon.

Thank you.",Authentication & Access,Confused,Critical
"pasword... auth server timeout, plz fix. this keeps happening every time.",Authentication & Access,Angry,Medium
"This wasn't happening before. Since the latest update, account locked. It's inconsistent�sometimes it works, sometimes it doesn't�which makes it difficult to continue my coursework.",Authentication & Access,Neutral,High
"I'm honestly disappointed. verification keeps failing. I pay for this service because I rely on it every day, and repeated interruptions are affecting my assignments and preparation. Please provide a permanent solution rather than a temporary workaround.",Authentication & Access,Angry,Medium
password reset link expired.,Authentication & Access,Confused,High
"To whom it may concern, verification keeps failing. This is affecting my learning.",Authentication & Access,Angry,Medium
" I'm facing an issue where Apple sign-in unavailable. I reinstalled the app, but nothing changed. ",Authentication & Access,Urgent,Critical
"Dear LearnSphere Support,

I am writing to formally report that SSO not working. This problem has persisted for the last few days and is preventing me from using the platform effectively. I even asked a classmate to verify the issue without success. I would appreciate it if your technical team could investigate this matter at the earliest.

Kind regards,
A Learner",Authentication & Access,Frustrated,Medium
"Hello,

I understand technical problems can happen, but session expires immediately. I have an upcoming deadline, so I'd be grateful if this could be resolved soon.

Thank you.",Authentication & Access,Frustrated,High
"subscrption... Google sign-in broken, plz fix. this keeps happening every time.",Authentication & Access,Neutral,High
"This wasn't happening before. Since the latest update, Google sign-in broken. It's inconsistent�sometimes it works, sometimes it doesn't�which makes it difficult to continue my coursework.",Authentication & Access,Angry,Critical
"I'm honestly disappointed. profile inaccessible. I pay for this service because I rely on it every day, and repeated interruptions are affecting my assignments and preparation. Please provide a permanent solution rather than a temporary workaround.",Authentication & Access,Confused,High
Google sign-in broken.,Authentication & Access,Urgent,Critical
Urgent: SSO not working. Looking forward to your response.,Authentication & Access,Confused,High
" I'm facing an issue where Google sign-in broken. I even asked a classmate to verify the issue, but nothing changed. Kindly resolve this soon.",Authentication & Access,Neutral,High
"Dear LearnSphere Support,

I am writing to formally report that verification keeps failing. This problem has persisted for the last few days and is preventing me from using the platform effectively. I updated the application without success. I would appreciate it if your technical team could investigate this matter at the earliest.

Kind regards,
A Learner",Authentication & Access,Neutral,Medium
"Hello,

I understand technical problems can happen, but browser sign-in mismatch. I have an upcoming deadline, so I'd be grateful if this could be resolved soon.

Thank you.",Authentication & Access,Confused,Critical
"pasword... 2FA code invalid, plz fix. this keeps happening every time.",Authentication & Access,Urgent,Medium
"This wasn't happening before. Since the latest update, email verification stuck. It's inconsistent�sometimes it works, sometimes it doesn't�which makes it difficult to continue my coursework.",Authentication & Access,Confused,High
"I'm honestly disappointed. session expires immediately. I pay for this service because I rely on it every day, and repeated interruptions are affecting my assignments and preparation. Please provide a permanent solution rather than a temporary workaround.",Authentication & Access,Frustrated,High
login redirects forever.,Authentication & Access,Confused,Critical
"Good evening, session expires immediately. This is affecting my learning.",Authentication & Access,Confused,Critical
"To whom it may concern, I'm facing an issue where account disappeared. I tried another browser, but nothing changed. ",Authentication & Access,Urgent,High
"Dear LearnSphere Support,

I am writing to formally report that browser sign-in mismatch. This problem has persisted for the last few days and is preventing me from using the platform effectively. I updated the application without success. I would appreciate it if your technical team could investigate this matter at the earliest.

Kind regards,
A Learner",Authentication & Access,Urgent,Critical
"Hello,

I understand technical problems can happen, but account disappeared. I have an upcoming deadline, so I'd be grateful if this could be resolved soon.

Thank you.",Authentication & Access,Urgent,Medium
"idk... Apple sign-in unavailable, plz fix. this keeps happening every time.",Authentication & Access,Frustrated,Medium
"This wasn't happening before. Since the latest update, Apple sign-in unavailable. It's inconsistent�sometimes it works, sometimes it doesn't�which makes it difficult to continue my coursework.",Authentication & Access,Confused,Critical
"I'm honestly disappointed. profile inaccessible. I pay for this service because I rely on it every day, and repeated interruptions are affecting my assignments and preparation. Please provide a permanent solution rather than a temporary workaround.",Authentication & Access,Frustrated,Critical
unexpected security challenge.,Authentication & Access,Neutral,High
"Hi LearnSphere Team, OTP never arrives. Thank you.",Authentication & Access,Neutral,Medium
"Hey team, I'm facing an issue where auth server timeout. I reinstalled the app, but nothing changed. ",Authentication & Access,Neutral,High
"Dear LearnSphere Support,

I am writing to formally report that email verification stuck. This problem has persisted for the last few days and is preventing me from using the platform effectively. I switched devices without success. I would appreciate it if your technical team could investigate this matter at the earliest.

Kind regards,
A Learner",Authentication & Access,Neutral,Medium
"Hello,

I understand technical problems can happen, but login redirects forever. I have an upcoming deadline, so I'd be grateful if this could be resolved soon.

Thank you.",Authentication & Access,Frustrated,High
"idk... account disappeared, plz fix. this keeps happening every time.",Authentication & Access,Frustrated,Critical
"This wasn't happening before. Since the latest update, account locked. It's inconsistent�sometimes it works, sometimes it doesn't�which makes it difficult to continue my coursework.",Authentication & Access,Neutral,High
"I'm honestly disappointed. Google sign-in broken. I pay for this service because I rely on it every day, and repeated interruptions are affecting my assignments and preparation. Please provide a permanent solution rather than a temporary workaround.",Authentication & Access,Angry,Medium
auth server timeout.,Authentication & Access,Angry,High
"Hello Support, login redirects forever. ",Authentication & Access,Angry,High
" I'm facing an issue where password reset link expired. I cleared cache, but nothing changed. Thank you.",Authentication & Access,Frustrated,High
"Dear LearnSphere Support,

I am writing to formally report that OTP never arrives. This problem has persisted for the last few days and is preventing me from using the platform effectively. I switched devices without success. I would appreciate it if your technical team could investigate this matter at the earliest.

Kind regards,
A Learner",Authentication & Access,Confused,Critical
"Hello,

I understand technical problems can happen, but credentials rejected. I have an upcoming deadline, so I'd be grateful if this could be resolved soon.

Thank you.",Authentication & Access,Urgent,Medium
"subscrption... Google sign-in broken, plz fix. this keeps happening every time.",Authentication & Access,Angry,Medium
"This wasn't happening before. Since the latest update, unexpected security challenge. It's inconsistent�sometimes it works, sometimes it doesn't�which makes it difficult to continue my coursework.",Authentication & Access,Confused,Medium
"I'm honestly disappointed. account disappeared. I pay for this service because I rely on it every day, and repeated interruptions are affecting my assignments and preparation. Please provide a permanent solution rather than a temporary workaround.",Authentication & Access,Angry,Medium
profile inaccessible.,Authentication & Access,Confused,High
"To whom it may concern, browser sign-in mismatch. Please escalate if necessary.",Authentication & Access,Frustrated,Critical
"Good evening, I'm facing an issue where SSO not working. I checked my email spam folder, but nothing changed. Thank you.",Authentication & Access,Urgent,Medium
"Dear LearnSphere Support,

I am writing to formally report that 2FA code invalid. This problem has persisted for the last few days and is preventing me from using the platform effectively. I switched devices without success. I would appreciate it if your technical team could investigate this matter at the earliest.

Kind regards,
A Learner",Authentication & Access,Neutral,High
"Hello,

I understand technical problems can happen, but SSO not working. I have an upcoming deadline, so I'd be grateful if this could be resolved soon.

Thank you.",Authentication & Access,Angry,Medium
"asap... verification keeps failing, plz fix. this keeps happening every time.",Authentication & Access,Urgent,Critical
"This wasn't happening before. Since the latest update, Google sign-in broken. It's inconsistent�sometimes it works, sometimes it doesn't�which makes it difficult to continue my coursework.",Authentication & Access,Urgent,High
"I'm honestly disappointed. profile inaccessible. I pay for this service because I rely on it every day, and repeated interruptions are affecting my assignments and preparation. Please provide a permanent solution rather than a temporary workaround.",Authentication & Access,Angry,Critical
OTP never arrives.,Authentication & Access,Neutral,High
"Dear Support Team, email verification stuck. This is affecting my learning.",Authentication & Access,Urgent,Critical
"Dear Support Team, I'm facing an issue where password reset link expired. I logged out and back in, but nothing changed. Thank you.",Authentication & Access,Confused,High
"Dear LearnSphere Support,

I am writing to formally report that OTP never arrives. This problem has persisted for the last few days and is preventing me from using the platform effectively. I switched devices without success. I would appreciate it if your technical team could investigate this matter at the earliest.

Kind regards,
A Learner",Authentication & Access,Neutral,Critical
"Hello,

I understand technical problems can happen, but account locked. I have an upcoming deadline, so I'd be grateful if this could be resolved soon.

Thank you.",Authentication & Access,Urgent,High
"pasword... account disappeared, plz fix. this keeps happening every time.",Authentication & Access,Urgent,High
"This wasn't happening before. Since the latest update, account disappeared. It's inconsistent�sometimes it works, sometimes it doesn't�which makes it difficult to continue my coursework.",Authentication & Access,Confused,High
"I'm honestly disappointed. 2FA code invalid. I pay for this service because I rely on it every day, and repeated interruptions are affecting my assignments and preparation. Please provide a permanent solution rather than a temporary workaround.",Authentication & Access,Confused,Critical
credentials rejected.,Authentication & Access,Angry,High
"Dear Support Team, account locked. Looking forward to your response.",Authentication & Access,Angry,Critical
"I hope you're doing well. I'm facing an issue where login loop. I cleared cache, but nothing changed. ",Authentication & Access,Confused,Medium
"Dear LearnSphere Support,

I am writing to formally report that unexpected security challenge. This problem has persisted for the last few days and is preventing me from using the platform effectively. I even asked a classmate to verify the issue without success. I would appreciate it if your technical team could investigate this matter at the earliest.

Kind regards,
A Learner",Authentication & Access,Angry,Critical
"Hello,

I understand technical problems can happen, but login redirects forever. I have an upcoming deadline, so I'd be grateful if this could be resolved soon.

Thank you.",Authentication & Access,Angry,Critical
"asap... email verification stuck, plz fix. this keeps happening every time.",Authentication & Access,Confused,Medium
"This wasn't happening before. Since the latest update, browser sign-in mismatch. It's inconsistent�sometimes it works, sometimes it doesn't�which makes it difficult to continue my coursework.",Authentication & Access,Frustrated,Medium
"I'm honestly disappointed. session expires immediately. I pay for this service because I rely on it every day, and repeated interruptions are affecting my assignments and preparation. Please provide a permanent solution rather than a temporary workaround.",Authentication & Access,Frustrated,High
magic link invalid.,Authentication & Access,Urgent,High
Urgent: credentials rejected. ,Authentication & Access,Urgent,Critical
"Hello Support, I'm facing an issue where OTP never arrives. I checked my email spam folder, but nothing changed. Looking forward to your response.",Authentication & Access,Urgent,Medium
"Dear LearnSphere Support,

I am writing to formally report that email verification stuck. This problem has persisted for the last few days and is preventing me from using the platform effectively. I reinstalled the app without success. I would appreciate it if your technical team could investigate this matter at the earliest.

Kind regards,
A Learner",Authentication & Access,Angry,Medium
"Hello,

I understand technical problems can happen, but magic link invalid. I have an upcoming deadline, so I'd be grateful if this could be resolved soon.

Thank you.",Authentication & Access,Neutral,Medium
"cnt... email verification stuck, plz fix. this keeps happening every time.",Authentication & Access,Neutral,Medium
"This wasn't happening before. Since the latest update, email verification stuck. It's inconsistent�sometimes it works, sometimes it doesn't�which makes it difficult to continue my coursework.",Authentication & Access,Frustrated,Medium
"I'm honestly disappointed. SSO not working. I pay for this service because I rely on it every day, and repeated interruptions are affecting my assignments and preparation. Please provide a permanent solution rather than a temporary workaround.",Authentication & Access,Urgent,Critical
Apple sign-in unavailable.,Authentication & Access,Urgent,Critical
"Dear Support Team, account disappeared. Regards.",Authentication & Access,Confused,Medium
"I hope you're doing well. I'm facing an issue where login loop. I checked my email spam folder, but nothing changed. Regards.",Authentication & Access,Neutral,Critical
"Dear LearnSphere Support,

I am writing to formally report that session expires immediately. This problem has persisted for the last few days and is preventing me from using the platform effectively. I checked my email spam folder without success. I would appreciate it if your technical team could investigate this matter at the earliest.

Kind regards,
A Learner",Authentication & Access,Urgent,High
"Hello,

I understand technical problems can happen, but auth server timeout. I have an upcoming deadline, so I'd be grateful if this could be resolved soon.

Thank you.",Authentication & Access,Frustrated,Medium
"plz... account disappeared, plz fix. this keeps happening every time.",Authentication & Access,Neutral,Critical
"This wasn't happening before. Since the latest update, account locked. It's inconsistent�sometimes it works, sometimes it doesn't�which makes it difficult to continue my coursework.",Authentication & Access,Confused,Medium
"I'm honestly disappointed. account locked. I pay for this service because I rely on it every day, and repeated interruptions are affecting my assignments and preparation. Please provide a permanent solution rather than a temporary workaround.",Authentication & Access,Neutral,Medium
family plan inactive.,Billing & Subscriptions,Angry,High
 auto-renew disabled but billed. Please escalate if necessary.,Billing & Subscriptions,Angry,Critical
"Hello Support, I'm facing an issue where subscription renewed unexpectedly. I updated the application, but nothing changed. This is affecting my learning.",Billing & Subscriptions,Neutral,Critical
"Dear LearnSphere Support,

I am writing to formally report that billing history inaccurate. This problem has persisted for the last few days and is preventing me from using the platform effectively. I logged out and back in without success. I would appreciate it if your technical team could investigate this matter at the earliest.

Kind regards,
A Learner",Billing & Subscriptions,Urgent,High
"Hello,

I understand technical problems can happen, but subscription renewed unexpectedly. I have an upcoming deadline, so I'd be grateful if this could be resolved soon.

Thank you.",Billing & Subscriptions,Angry,Critical
"subscrption... subscription renewed unexpectedly, plz fix. this keeps happening every time.",Billing & Subscriptions,Confused,Critical
"This wasn't happening before. Since the latest update, tax amount looks incorrect. It's inconsistent�sometimes it works, sometimes it doesn't�which makes it difficult to continue my coursework.",Billing & Subscriptions,Angry,Critical
"I'm honestly disappointed. plan not upgraded. I pay for this service because I rely on it every day, and repeated interruptions are affecting my assignments and preparation. Please provide a permanent solution rather than a temporary workaround.",Billing & Subscriptions,Neutral,Critical
payment gateway error.,Billing & Subscriptions,Urgent,High
Urgent: auto-renew disabled but billed. Looking forward to your response.,Billing & Subscriptions,Frustrated,High
"Urgent: I'm facing an issue where student discount missing. I cleared cache, but nothing changed. Thank you.",Billing & Subscriptions,Confused,Critical
"Dear LearnSphere Support,

I am writing to formally report that wrong currency charged. This problem has persisted for the last few days and is preventing me from using the platform effectively. I cleared cache without success. I would appreciate it if your technical team could investigate this matter at the earliest.

Kind regards,
A Learner",Billing & Subscriptions,Angry,High
"Hello,

I understand technical problems can happen, but invoice unavailable. I have an upcoming deadline, so I'd be grateful if this could be resolved soon.

Thank you.",Billing & Subscriptions,Neutral,High
"idk... enterprise plan billed twice, plz fix. this keeps happening every time.",Billing & Subscriptions,Neutral,Critical
"This wasn't happening before. Since the latest update, subscription renewed unexpectedly. It's inconsistent�sometimes it works, sometimes it doesn't�which makes it difficult to continue my coursework.",Billing & Subscriptions,Neutral,High
"I'm honestly disappointed. refund still pending. I pay for this service because I rely on it every day, and repeated interruptions are affecting my assignments and preparation. Please provide a permanent solution rather than a temporary workaround.",Billing & Subscriptions,Angry,Critical
wallet credit missing.,Billing & Subscriptions,Angry,High
"Hi LearnSphere Team, student discount missing. Kindly resolve this soon.",Billing & Subscriptions,Angry,High
"Good evening, I'm facing an issue where invoice unavailable. I even asked a classmate to verify the issue, but nothing changed. Please look into this.",Billing & Subscriptions,Frustrated,Critical
"Dear LearnSphere Support,

I am writing to formally report that student discount missing. This problem has persisted for the last few days and is preventing me from using the platform effectively. I updated the application without success. I would appreciate it if your technical team could investigate this matter at the earliest.

Kind regards,
A Learner",Billing & Subscriptions,Confused,Critical
"Hello,

I understand technical problems can happen, but subscription renewed unexpectedly. I have an upcoming deadline, so I'd be grateful if this could be resolved soon.

Thank you.",Billing & Subscriptions,Confused,Critical
"idk... subscription renewed unexpectedly, plz fix. this keeps happening every time.",Billing & Subscriptions,Frustrated,Critical
"This wasn't happening before. Since the latest update, coupon ignored. It's inconsistent�sometimes it works, sometimes it doesn't�which makes it difficult to continue my coursework.",Billing & Subscriptions,Neutral,High
"I'm honestly disappointed. family plan inactive. I pay for this service because I rely on it every day, and repeated interruptions are affecting my assignments and preparation. Please provide a permanent solution rather than a temporary workaround.",Billing & Subscriptions,Confused,High
subscription renewed unexpectedly.,Billing & Subscriptions,Urgent,High
"Dear Support Team, trial converted unexpectedly. ",Billing & Subscriptions,Neutral,High
"To whom it may concern, I'm facing an issue where invoice unavailable. I even asked a classmate to verify the issue, but nothing changed. Kindly resolve this soon.",Billing & Subscriptions,Frustrated,High
"Dear LearnSphere Support,

I am writing to formally report that invoice unavailable. This problem has persisted for the last few days and is preventing me from using the platform effectively. I tried another browser without success. I would appreciate it if your technical team could investigate this matter at the earliest.

Kind regards,
A Learner",Billing & Subscriptions,Urgent,Critical
"Hello,

I understand technical problems can happen, but coupon ignored. I have an upcoming deadline, so I'd be grateful if this could be resolved soon.

Thank you.",Billing & Subscriptions,Angry,Critical
"biling... invoice unavailable, plz fix. this keeps happening every time.",Billing & Subscriptions,Neutral,High
"This wasn't happening before. Since the latest update, wallet credit missing. It's inconsistent�sometimes it works, sometimes it doesn't�which makes it difficult to continue my coursework.",Billing & Subscriptions,Urgent,Critical
"I'm honestly disappointed. charged twice. I pay for this service because I rely on it every day, and repeated interruptions are affecting my assignments and preparation. Please provide a permanent solution rather than a temporary workaround.",Billing & Subscriptions,Neutral,High
duplicate transaction.,Billing & Subscriptions,Urgent,High
 family plan inactive. Please look into this.,Billing & Subscriptions,Confused,Critical
"Hello Support, I'm facing an issue where family plan inactive. I reinstalled the app, but nothing changed. ",Billing & Subscriptions,Urgent,High
"Dear LearnSphere Support,

I am writing to formally report that duplicate transaction. This problem has persisted for the last few days and is preventing me from using the platform effectively. I cleared cache without success. I would appreciate it if your technical team could investigate this matter at the earliest.

Kind regards,
A Learner",Billing & Subscriptions,Neutral,Critical
"Hello,

I understand technical problems can happen, but invoice unavailable. I have an upcoming deadline, so I'd be grateful if this could be resolved soon.

Thank you.",Billing & Subscriptions,Angry,Critical
"pasword... coupon ignored, plz fix. this keeps happening every time.",Billing & Subscriptions,Angry,High
"This wasn't happening before. Since the latest update, charged twice. It's inconsistent�sometimes it works, sometimes it doesn't�which makes it difficult to continue my coursework.",Billing & Subscriptions,Urgent,High
"I'm honestly disappointed. charged twice. I pay for this service because I rely on it every day, and repeated interruptions are affecting my assignments and preparation. Please provide a permanent solution rather than a temporary workaround.",Billing & Subscriptions,Neutral,High
refund still pending.,Billing & Subscriptions,Frustrated,Critical
 duplicate transaction. Please escalate if necessary.,Billing & Subscriptions,Angry,Critical
"Hey team, I'm facing an issue where subscription renewed unexpectedly. I switched devices, but nothing changed. This is affecting my learning.",Billing & Subscriptions,Frustrated,Critical
"Dear LearnSphere Support,

I am writing to formally report that subscription renewed unexpectedly. This problem has persisted for the last few days and is preventing me from using the platform effectively. I reinstalled the app without success. I would appreciate it if your technical team could investigate this matter at the earliest.

Kind regards,
A Learner",Billing & Subscriptions,Confused,Critical
"Hello,

I understand technical problems can happen, but family plan inactive. I have an upcoming deadline, so I'd be grateful if this could be resolved soon.

Thank you.",Billing & Subscriptions,Urgent,High
"subscrption... receipt not generated, plz fix. this keeps happening every time.",Billing & Subscriptions,Confused,High
"This wasn't happening before. Since the latest update, wallet credit missing. It's inconsistent�sometimes it works, sometimes it doesn't�which makes it difficult to continue my coursework.",Billing & Subscriptions,Frustrated,Critical
"I'm honestly disappointed. student discount missing. I pay for this service because I rely on it every day, and repeated interruptions are affecting my assignments and preparation. Please provide a permanent solution rather than a temporary workaround.",Billing & Subscriptions,Angry,High
receipt not generated.,Billing & Subscriptions,Confused,High
"Dear Support Team, charged twice. Please look into this.",Billing & Subscriptions,Confused,Critical
"Hey team, I'm facing an issue where coupon ignored. I checked my email spam folder, but nothing changed. Regards.",Billing & Subscriptions,Neutral,High
"Dear LearnSphere Support,

I am writing to formally report that enterprise plan billed twice. This problem has persisted for the last few days and is preventing me from using the platform effectively. I tried another browser without success. I would appreciate it if your technical team could investigate this matter at the earliest.

Kind regards,
A Learner",Billing & Subscriptions,Frustrated,Critical
"Hello,

I understand technical problems can happen, but unexpected renewal. I have an upcoming deadline, so I'd be grateful if this could be resolved soon.

Thank you.",Billing & Subscriptions,Neutral,High
"idk... enterprise plan billed twice, plz fix. this keeps happening every time.",Billing & Subscriptions,Angry,Critical
"This wasn't happening before. Since the latest update, duplicate transaction. It's inconsistent�sometimes it works, sometimes it doesn't�which makes it difficult to continue my coursework.",Billing & Subscriptions,Neutral,High
"I'm honestly disappointed. billing history inaccurate. I pay for this service because I rely on it every day, and repeated interruptions are affecting my assignments and preparation. Please provide a permanent solution rather than a temporary workaround.",Billing & Subscriptions,Urgent,High
coupon ignored.,Billing & Subscriptions,Confused,Critical
"Hello Support, student discount missing. Kindly resolve this soon.",Billing & Subscriptions,Urgent,High
"Hi LearnSphere Team, I'm facing an issue where refund still pending. I reinstalled the app, but nothing changed. Please look into this.",Billing & Subscriptions,Angry,Critical
"Dear LearnSphere Support,

I am writing to formally report that family plan inactive. This problem has persisted for the last few days and is preventing me from using the platform effectively. I switched devices without success. I would appreciate it if your technical team could investigate this matter at the earliest.

Kind regards,
A Learner",Billing & Subscriptions,Confused,High
"Hello,

I understand technical problems can happen, but payment gateway error. I have an upcoming deadline, so I'd be grateful if this could be resolved soon.

Thank you.",Billing & Subscriptions,Angry,High
"biling... plan not upgraded, plz fix. this keeps happening every time.",Billing & Subscriptions,Angry,Critical
"This wasn't happening before. Since the latest update, enterprise plan billed twice. It's inconsistent�sometimes it works, sometimes it doesn't�which makes it difficult to continue my coursework.",Billing & Subscriptions,Frustrated,Critical
"I'm honestly disappointed. student discount missing. I pay for this service because I rely on it every day, and repeated interruptions are affecting my assignments and preparation. Please provide a permanent solution rather than a temporary workaround.",Billing & Subscriptions,Urgent,High
payment deducted but failed.,Billing & Subscriptions,Confused,High
"Hello Support, family plan inactive. ",Billing & Subscriptions,Neutral,Critical
"Hello Support, I'm facing an issue where plan not upgraded. I even asked a classmate to verify the issue, but nothing changed. Please look into this.",Billing & Subscriptions,Neutral,High
"Dear LearnSphere Support,

I am writing to formally report that receipt not generated. This problem has persisted for the last few days and is preventing me from using the platform effectively. I checked my email spam folder without success. I would appreciate it if your technical team could investigate this matter at the earliest.

Kind regards,
A Learner",Billing & Subscriptions,Urgent,High
"Hello,

I understand technical problems can happen, but wrong currency charged. I have an upcoming deadline, so I'd be grateful if this could be resolved soon.

Thank you.",Billing & Subscriptions,Neutral,Critical
"biling... tax amount looks incorrect, plz fix. this keeps happening every time.",Billing & Subscriptions,Confused,High
"This wasn't happening before. Since the latest update, unexpected renewal. It's inconsistent�sometimes it works, sometimes it doesn't�which makes it difficult to continue my coursework.",Billing & Subscriptions,Frustrated,High
"I'm honestly disappointed. payment gateway error. I pay for this service because I rely on it every day, and repeated interruptions are affecting my assignments and preparation. Please provide a permanent solution rather than a temporary workaround.",Billing & Subscriptions,Neutral,High
plan not upgraded.,Billing & Subscriptions,Frustrated,Critical
"Hello Support, receipt not generated. Kindly resolve this soon.",Billing & Subscriptions,Urgent,High
"Urgent: I'm facing an issue where unexpected renewal. I cleared cache, but nothing changed. Regards.",Billing & Subscriptions,Neutral,High
"Dear LearnSphere Support,

I am writing to formally report that refund still pending. This problem has persisted for the last few days and is preventing me from using the platform effectively. I reinstalled the app without success. I would appreciate it if your technical team could investigate this matter at the earliest.

Kind regards,
A Learner",Billing & Subscriptions,Urgent,Critical
"Hello,

I understand technical problems can happen, but coupon ignored. I have an upcoming deadline, so I'd be grateful if this could be resolved soon.

Thank you.",Billing & Subscriptions,Angry,High
"idk... auto-renew disabled but billed, plz fix. this keeps happening every time.",Billing & Subscriptions,Urgent,High
"This wasn't happening before. Since the latest update, family plan inactive. It's inconsistent�sometimes it works, sometimes it doesn't�which makes it difficult to continue my coursework.",Billing & Subscriptions,Frustrated,High
"I'm honestly disappointed. unexpected renewal. I pay for this service because I rely on it every day, and repeated interruptions are affecting my assignments and preparation. Please provide a permanent solution rather than a temporary workaround.",Billing & Subscriptions,Confused,High
receipt not generated.,Billing & Subscriptions,Neutral,Critical
I hope you're doing well. family plan inactive. Looking forward to your response.,Billing & Subscriptions,Angry,Critical
"Hello Support, I'm facing an issue where wallet credit missing. I reinstalled the app, but nothing changed. Regards.",Billing & Subscriptions,Urgent,High
"Dear LearnSphere Support,

I am writing to formally report that invoice unavailable. This problem has persisted for the last few days and is preventing me from using the platform effectively. I tried another browser without success. I would appreciate it if your technical team could investigate this matter at the earliest.

Kind regards,
A Learner",Billing & Subscriptions,Confused,Critical
"Hello,

I understand technical problems can happen, but wrong currency charged. I have an upcoming deadline, so I'd be grateful if this could be resolved soon.

Thank you.",Billing & Subscriptions,Neutral,Critical
"vid... student discount missing, plz fix. this keeps happening every time.",Billing & Subscriptions,Confused,Critical
"This wasn't happening before. Since the latest update, receipt not generated. It's inconsistent�sometimes it works, sometimes it doesn't�which makes it difficult to continue my coursework.",Billing & Subscriptions,Angry,Critical
"I'm honestly disappointed. student discount missing. I pay for this service because I rely on it every day, and repeated interruptions are affecting my assignments and preparation. Please provide a permanent solution rather than a temporary workaround.",Billing & Subscriptions,Frustrated,High
receipt not generated.,Billing & Subscriptions,Urgent,High
I hope you're doing well. tax amount looks incorrect. Regards.,Billing & Subscriptions,Frustrated,High
"To whom it may concern, I'm facing an issue where coupon ignored. I cleared cache, but nothing changed. This is affecting my learning.",Billing & Subscriptions,Neutral,High
"Dear LearnSphere Support,

I am writing to formally report that charged twice. This problem has persisted for the last few days and is preventing me from using the platform effectively. I updated the application without success. I would appreciate it if your technical team could investigate this matter at the earliest.

Kind regards,
A Learner",Billing & Subscriptions,Angry,High
"Hello,

I understand technical problems can happen, but student discount missing. I have an upcoming deadline, so I'd be grateful if this could be resolved soon.

Thank you.",Billing & Subscriptions,Angry,High
"idk... invoice unavailable, plz fix. this keeps happening every time.",Billing & Subscriptions,Frustrated,High
"This wasn't happening before. Since the latest update, wallet credit missing. It's inconsistent�sometimes it works, sometimes it doesn't�which makes it difficult to continue my coursework.",Billing & Subscriptions,Confused,High
"I'm honestly disappointed. family plan inactive. I pay for this service because I rely on it every day, and repeated interruptions are affecting my assignments and preparation. Please provide a permanent solution rather than a temporary workaround.",Billing & Subscriptions,Neutral,High
auto-renew disabled but billed.,Billing & Subscriptions,Urgent,Critical
"Hi LearnSphere Team, subscription renewed unexpectedly. Thank you.",Billing & Subscriptions,Confused,Critical
"Hello Support, I'm facing an issue where invoice unavailable. I logged out and back in, but nothing changed. Thank you.",Billing & Subscriptions,Frustrated,Critical
"Dear LearnSphere Support,

I am writing to formally report that refund still pending. This problem has persisted for the last few days and is preventing me from using the platform effectively. I switched devices without success. I would appreciate it if your technical team could investigate this matter at the earliest.

Kind regards,
A Learner",Billing & Subscriptions,Urgent,Critical
"Hello,

I understand technical problems can happen, but family plan inactive. I have an upcoming deadline, so I'd be grateful if this could be resolved soon.

Thank you.",Billing & Subscriptions,Angry,High
"subscrption... family plan inactive, plz fix. this keeps happening every time.",Billing & Subscriptions,Confused,Critical
"This wasn't happening before. Since the latest update, tax amount looks incorrect. It's inconsistent�sometimes it works, sometimes it doesn't�which makes it difficult to continue my coursework.",Billing & Subscriptions,Confused,Critical
"I'm honestly disappointed. enterprise plan billed twice. I pay for this service because I rely on it every day, and repeated interruptions are affecting my assignments and preparation. Please provide a permanent solution rather than a temporary workaround.",Billing & Subscriptions,Angry,High
refund still pending.,Billing & Subscriptions,Urgent,High
Urgent: receipt not generated. Please escalate if necessary.,Billing & Subscriptions,Urgent,Critical
"Hello Support, I'm facing an issue where refund still pending. I checked my email spam folder, but nothing changed. Please escalate if necessary.",Billing & Subscriptions,Confused,Critical
"Dear LearnSphere Support,

I am writing to formally report that tax amount looks incorrect. This problem has persisted for the last few days and is preventing me from using the platform effectively. I reinstalled the app without success. I would appreciate it if your technical team could investigate this matter at the earliest.

Kind regards,
A Learner",Billing & Subscriptions,Urgent,High
"Hello,

I understand technical problems can happen, but family plan inactive. I have an upcoming deadline, so I'd be grateful if this could be resolved soon.

Thank you.",Billing & Subscriptions,Neutral,Critical
"asap... payment gateway error, plz fix. this keeps happening every time.",Billing & Subscriptions,Neutral,Critical
"This wasn't happening before. Since the latest update, family plan inactive. It's inconsistent�sometimes it works, sometimes it doesn't�which makes it difficult to continue my coursework.",Billing & Subscriptions,Neutral,High
"I'm honestly disappointed. charged twice. I pay for this service because I rely on it every day, and repeated interruptions are affecting my assignments and preparation. Please provide a permanent solution rather than a temporary workaround.",Billing & Subscriptions,Neutral,High
charged twice.,Billing & Subscriptions,Neutral,High
"Hey team, billing history inaccurate. Looking forward to your response.",Billing & Subscriptions,Urgent,High
"Hello Support, I'm facing an issue where payment deducted but failed. I reinstalled the app, but nothing changed. Kindly resolve this soon.",Billing & Subscriptions,Neutral,High
"Dear LearnSphere Support,

I am writing to formally report that wallet credit missing. This problem has persisted for the last few days and is preventing me from using the platform effectively. I updated the application without success. I would appreciate it if your technical team could investigate this matter at the earliest.

Kind regards,
A Learner",Billing & Subscriptions,Neutral,High
"Hello,

I understand technical problems can happen, but payment deducted but failed. I have an upcoming deadline, so I'd be grateful if this could be resolved soon.

Thank you.",Billing & Subscriptions,Confused,Critical
"plz... coupon ignored, plz fix. this keeps happening every time.",Billing & Subscriptions,Neutral,High
"This wasn't happening before. Since the latest update, auto-renew disabled but billed. It's inconsistent�sometimes it works, sometimes it doesn't�which makes it difficult to continue my coursework.",Billing & Subscriptions,Confused,Critical
"I'm honestly disappointed. payment gateway error. I pay for this service because I rely on it every day, and repeated interruptions are affecting my assignments and preparation. Please provide a permanent solution rather than a temporary workaround.",Billing & Subscriptions,Neutral,High
billing history inaccurate.,Billing & Subscriptions,Frustrated,High
"Good evening, refund still pending. Kindly resolve this soon.",Billing & Subscriptions,Frustrated,Critical
"I hope you're doing well. I'm facing an issue where charged twice. I reinstalled the app, but nothing changed. Regards.",Billing & Subscriptions,Neutral,High
"Dear LearnSphere Support,

I am writing to formally report that plan not upgraded. This problem has persisted for the last few days and is preventing me from using the platform effectively. I cleared cache without success. I would appreciate it if your technical team could investigate this matter at the earliest.

Kind regards,
A Learner",Billing & Subscriptions,Frustrated,High
"Hello,

I understand technical problems can happen, but auto-renew disabled but billed. I have an upcoming deadline, so I'd be grateful if this could be resolved soon.

Thank you.",Billing & Subscriptions,Confused,High
"vid... duplicate transaction, plz fix. this keeps happening every time.",Billing & Subscriptions,Frustrated,Critical
"This wasn't happening before. Since the latest update, family plan inactive. It's inconsistent�sometimes it works, sometimes it doesn't�which makes it difficult to continue my coursework.",Billing & Subscriptions,Urgent,High
"I'm honestly disappointed. plan not upgraded. I pay for this service because I rely on it every day, and repeated interruptions are affecting my assignments and preparation. Please provide a permanent solution rather than a temporary workaround.",Billing & Subscriptions,Neutral,Critical
invoice unavailable.,Billing & Subscriptions,Confused,Critical
I hope you're doing well. billing history inaccurate. Regards.,Billing & Subscriptions,Urgent,Critical
"Dear Support Team, I'm facing an issue where wallet credit missing. I updated the application, but nothing changed. This is affecting my learning.",Billing & Subscriptions,Neutral,High
"Dear LearnSphere Support,

I am writing to formally report that payment deducted but failed. This problem has persisted for the last few days and is preventing me from using the platform effectively. I cleared cache without success. I would appreciate it if your technical team could investigate this matter at the earliest.

Kind regards,
A Learner",Billing & Subscriptions,Urgent,Critical
"Hello,

I understand technical problems can happen, but auto-renew disabled but billed. I have an upcoming deadline, so I'd be grateful if this could be resolved soon.

Thank you.",Billing & Subscriptions,Frustrated,High
"vid... trial converted unexpectedly, plz fix. this keeps happening every time.",Billing & Subscriptions,Urgent,High
"This wasn't happening before. Since the latest update, auto-renew disabled but billed. It's inconsistent�sometimes it works, sometimes it doesn't�which makes it difficult to continue my coursework.",Billing & Subscriptions,Frustrated,Critical
"I'm honestly disappointed. invoice unavailable. I pay for this service because I rely on it every day, and repeated interruptions are affecting my assignments and preparation. Please provide a permanent solution rather than a temporary workaround.",Billing & Subscriptions,Neutral,High
wallet credit missing.,Billing & Subscriptions,Neutral,Critical
"Hello Support, payment deducted but failed. Looking forward to your response.",Billing & Subscriptions,Angry,High
"Good evening, I'm facing an issue where enterprise plan billed twice. I reinstalled the app, but nothing changed. Thank you.",Billing & Subscriptions,Neutral,Critical
"Dear LearnSphere Support,

I am writing to formally report that student discount missing. This problem has persisted for the last few days and is preventing me from using the platform effectively. I cleared cache without success. I would appreciate it if your technical team could investigate this matter at the earliest.

Kind regards,
A Learner",Billing & Subscriptions,Frustrated,Critical
"Hello,

I understand technical problems can happen, but wrong currency charged. I have an upcoming deadline, so I'd be grateful if this could be resolved soon.

Thank you.",Billing & Subscriptions,Angry,High
"asap... unexpected renewal, plz fix. this keeps happening every time.",Billing & Subscriptions,Angry,Critical
"This wasn't happening before. Since the latest update, payment gateway error. It's inconsistent�sometimes it works, sometimes it doesn't�which makes it difficult to continue my coursework.",Billing & Subscriptions,Angry,High
"I'm honestly disappointed. billing history inaccurate. I pay for this service because I rely on it every day, and repeated interruptions are affecting my assignments and preparation. Please provide a permanent solution rather than a temporary workaround.",Billing & Subscriptions,Urgent,High
payment deducted but failed.,Billing & Subscriptions,Angry,High
 refund still pending. Please look into this.,Billing & Subscriptions,Neutral,Critical
"Hello Support, I'm facing an issue where student discount missing. I logged out and back in, but nothing changed. Regards.",Billing & Subscriptions,Angry,High
"Dear LearnSphere Support,

I am writing to formally report that subscription renewed unexpectedly. This problem has persisted for the last few days and is preventing me from using the platform effectively. I tried another browser without success. I would appreciate it if your technical team could investigate this matter at the earliest.

Kind regards,
A Learner",Billing & Subscriptions,Neutral,Critical
"Hello,

I understand technical problems can happen, but charged twice. I have an upcoming deadline, so I'd be grateful if this could be resolved soon.

Thank you.",Billing & Subscriptions,Angry,High
"subscrption... trial converted unexpectedly, plz fix. this keeps happening every time.",Billing & Subscriptions,Confused,High
"This wasn't happening before. Since the latest update, student discount missing. It's inconsistent�sometimes it works, sometimes it doesn't�which makes it difficult to continue my coursework.",Billing & Subscriptions,Neutral,High
"I'm honestly disappointed. tax amount looks incorrect. I pay for this service because I rely on it every day, and repeated interruptions are affecting my assignments and preparation. Please provide a permanent solution rather than a temporary workaround.",Billing & Subscriptions,Angry,Critical
receipt not generated.,Billing & Subscriptions,Neutral,High
"Hi LearnSphere Team, student discount missing. Please escalate if necessary.",Billing & Subscriptions,Urgent,Critical
"Hi LearnSphere Team, I'm facing an issue where invoice unavailable. I logged out and back in, but nothing changed. Please look into this.",Billing & Subscriptions,Angry,High
"Dear LearnSphere Support,

I am writing to formally report that receipt not generated. This problem has persisted for the last few days and is preventing me from using the platform effectively. I even asked a classmate to verify the issue without success. I would appreciate it if your technical team could investigate this matter at the earliest.

Kind regards,
A Learner",Billing & Subscriptions,Confused,High
"Hello,

I understand technical problems can happen, but charged twice. I have an upcoming deadline, so I'd be grateful if this could be resolved soon.

Thank you.",Billing & Subscriptions,Confused,High
"idk... receipt not generated, plz fix. this keeps happening every time.",Billing & Subscriptions,Angry,High
"This wasn't happening before. Since the latest update, receipt not generated. It's inconsistent�sometimes it works, sometimes it doesn't�which makes it difficult to continue my coursework.",Billing & Subscriptions,Angry,Critical
"I'm honestly disappointed. billing history inaccurate. I pay for this service because I rely on it every day, and repeated interruptions are affecting my assignments and preparation. Please provide a permanent solution rather than a temporary workaround.",Billing & Subscriptions,Neutral,High
payment gateway error.,Billing & Subscriptions,Angry,High
"To whom it may concern, coupon ignored. Looking forward to your response.",Billing & Subscriptions,Confused,Critical
" I'm facing an issue where refund still pending. I even asked a classmate to verify the issue, but nothing changed. ",Billing & Subscriptions,Neutral,High
"Dear LearnSphere Support,

I am writing to formally report that enterprise plan billed twice. This problem has persisted for the last few days and is preventing me from using the platform effectively. I cleared cache without success. I would appreciate it if your technical team could investigate this matter at the earliest.

Kind regards,
A Learner",Billing & Subscriptions,Confused,High
"Hello,

I understand technical problems can happen, but subscription renewed unexpectedly. I have an upcoming deadline, so I'd be grateful if this could be resolved soon.

Thank you.",Billing & Subscriptions,Neutral,Critical
"biling... auto-renew disabled but billed, plz fix. this keeps happening every time.",Billing & Subscriptions,Urgent,High
"This wasn't happening before. Since the latest update, family plan inactive. It's inconsistent�sometimes it works, sometimes it doesn't�which makes it difficult to continue my coursework.",Billing & Subscriptions,Urgent,Critical
"I'm honestly disappointed. payment gateway error. I pay for this service because I rely on it every day, and repeated interruptions are affecting my assignments and preparation. Please provide a permanent solution rather than a temporary workaround.",Billing & Subscriptions,Angry,High
billing history inaccurate.,Billing & Subscriptions,Neutral,High
"Hi LearnSphere Team, family plan inactive. Regards.",Billing & Subscriptions,Frustrated,Critical
"Dear Support Team, I'm facing an issue where payment deducted but failed. I reinstalled the app, but nothing changed. Kindly resolve this soon.",Billing & Subscriptions,Confused,High
"Dear LearnSphere Support,

I am writing to formally report that unexpected renewal. This problem has persisted for the last few days and is preventing me from using the platform effectively. I tried another browser without success. I would appreciate it if your technical team could investigate this matter at the earliest.

Kind regards,
A Learner",Billing & Subscriptions,Angry,High
"Hello,

I understand technical problems can happen, but invoice unavailable. I have an upcoming deadline, so I'd be grateful if this could be resolved soon.

Thank you.",Billing & Subscriptions,Urgent,Critical
"idk... plan not upgraded, plz fix. this keeps happening every time.",Billing & Subscriptions,Frustrated,Critical
"This wasn't happening before. Since the latest update, payment gateway error. It's inconsistent�sometimes it works, sometimes it doesn't�which makes it difficult to continue my coursework.",Billing & Subscriptions,Angry,Critical
"I'm honestly disappointed. enterprise plan billed twice. I pay for this service because I rely on it every day, and repeated interruptions are affecting my assignments and preparation. Please provide a permanent solution rather than a temporary workaround.",Billing & Subscriptions,Urgent,Critical
charged twice.,Billing & Subscriptions,Urgent,Critical
"To whom it may concern, student discount missing. Regards.",Billing & Subscriptions,Confused,High
"Hello Support, I'm facing an issue where student discount missing. I checked my email spam folder, but nothing changed. Looking forward to your response.",Billing & Subscriptions,Angry,Critical
"Dear LearnSphere Support,

I am writing to formally report that family plan inactive. This problem has persisted for the last few days and is preventing me from using the platform effectively. I even asked a classmate to verify the issue without success. I would appreciate it if your technical team could investigate this matter at the earliest.

Kind regards,
A Learner",Billing & Subscriptions,Urgent,Critical
"Hello,

I understand technical problems can happen, but refund still pending. I have an upcoming deadline, so I'd be grateful if this could be resolved soon.

Thank you.",Billing & Subscriptions,Confused,Critical
"pasword... family plan inactive, plz fix. this keeps happening every time.",Billing & Subscriptions,Urgent,Critical
"This wasn't happening before. Since the latest update, refund still pending. It's inconsistent�sometimes it works, sometimes it doesn't�which makes it difficult to continue my coursework.",Billing & Subscriptions,Angry,Critical
"I'm honestly disappointed. wallet credit missing. I pay for this service because I rely on it every day, and repeated interruptions are affecting my assignments and preparation. Please provide a permanent solution rather than a temporary workaround.",Billing & Subscriptions,Frustrated,Critical
enterprise plan billed twice.,Billing & Subscriptions,Neutral,High
 plan not upgraded. This is affecting my learning.,Billing & Subscriptions,Neutral,Critical
"Good evening, I'm facing an issue where student discount missing. I switched devices, but nothing changed. This is affecting my learning.",Billing & Subscriptions,Angry,Critical
"Dear LearnSphere Support,

I am writing to formally report that enterprise plan billed twice. This problem has persisted for the last few days and is preventing me from using the platform effectively. I updated the application without success. I would appreciate it if your technical team could investigate this matter at the earliest.

Kind regards,
A Learner",Billing & Subscriptions,Urgent,High
"Hello,

I understand technical problems can happen, but tax amount looks incorrect. I have an upcoming deadline, so I'd be grateful if this could be resolved soon.

Thank you.",Billing & Subscriptions,Angry,High
"asap... unexpected renewal, plz fix. this keeps happening every time.",Billing & Subscriptions,Urgent,Critical
"This wasn't happening before. Since the latest update, refund still pending. It's inconsistent�sometimes it works, sometimes it doesn't�which makes it difficult to continue my coursework.",Billing & Subscriptions,Urgent,High
"I'm honestly disappointed. subscription renewed unexpectedly. I pay for this service because I rely on it every day, and repeated interruptions are affecting my assignments and preparation. Please provide a permanent solution rather than a temporary workaround.",Billing & Subscriptions,Neutral,Critical
invoice unavailable.,Billing & Subscriptions,Urgent,High
"Good evening, payment deducted but failed. Kindly resolve this soon.",Billing & Subscriptions,Frustrated,High
"Urgent: I'm facing an issue where refund still pending. I cleared cache, but nothing changed. Looking forward to your response.",Billing & Subscriptions,Confused,Critical
"Dear LearnSphere Support,

I am writing to formally report that coupon ignored. This problem has persisted for the last few days and is preventing me from using the platform effectively. I even asked a classmate to verify the issue without success. I would appreciate it if your technical team could investigate this matter at the earliest.

Kind regards,
A Learner",Billing & Subscriptions,Urgent,Critical
"Hello,

I understand technical problems can happen, but student discount missing. I have an upcoming deadline, so I'd be grateful if this could be resolved soon.

Thank you.",Billing & Subscriptions,Frustrated,High
"asap... coupon ignored, plz fix. this keeps happening every time.",Billing & Subscriptions,Urgent,Critical
"This wasn't happening before. Since the latest update, payment deducted but failed. It's inconsistent�sometimes it works, sometimes it doesn't�which makes it difficult to continue my coursework.",Billing & Subscriptions,Angry,Critical
"I'm honestly disappointed. coupon ignored. I pay for this service because I rely on it every day, and repeated interruptions are affecting my assignments and preparation. Please provide a permanent solution rather than a temporary workaround.",Billing & Subscriptions,Confused,Critical
subscription renewed unexpectedly.,Billing & Subscriptions,Neutral,High
"Hi LearnSphere Team, family plan inactive. Regards.",Billing & Subscriptions,Urgent,High
"Good evening, I'm facing an issue where wallet credit missing. I reinstalled the app, but nothing changed. This is affecting my learning.",Billing & Subscriptions,Angry,High
"Dear LearnSphere Support,

I am writing to formally report that charged twice. This problem has persisted for the last few days and is preventing me from using the platform effectively. I even asked a classmate to verify the issue without success. I would appreciate it if your technical team could investigate this matter at the earliest.

Kind regards,
A Learner",Billing & Subscriptions,Confused,High
"Hello,

I understand technical problems can happen, but trial converted unexpectedly. I have an upcoming deadline, so I'd be grateful if this could be resolved soon.

Thank you.",Billing & Subscriptions,Frustrated,High
"cnt... enterprise plan billed twice, plz fix. this keeps happening every time.",Billing & Subscriptions,Neutral,Critical
"This wasn't happening before. Since the latest update, family plan inactive. It's inconsistent�sometimes it works, sometimes it doesn't�which makes it difficult to continue my coursework.",Billing & Subscriptions,Neutral,Critical
"I'm honestly disappointed. enterprise plan billed twice. I pay for this service because I rely on it every day, and repeated interruptions are affecting my assignments and preparation. Please provide a permanent solution rather than a temporary workaround.",Billing & Subscriptions,Confused,Critical
receipt not generated.,Billing & Subscriptions,Urgent,Critical
"Hello Support, auto-renew disabled but billed. Please look into this.",Billing & Subscriptions,Urgent,Critical
" I'm facing an issue where payment gateway error. I checked my email spam folder, but nothing changed. Thank you.",Billing & Subscriptions,Angry,High
"Dear LearnSphere Support,

I am writing to formally report that plan not upgraded. This problem has persisted for the last few days and is preventing me from using the platform effectively. I checked my email spam folder without success. I would appreciate it if your technical team could investigate this matter at the earliest.

Kind regards,
A Learner",Billing & Subscriptions,Neutral,Critical
"Hello,

I understand technical problems can happen, but enterprise plan billed twice. I have an upcoming deadline, so I'd be grateful if this could be resolved soon.

Thank you.",Billing & Subscriptions,Neutral,High
"biling... invoice unavailable, plz fix. this keeps happening every time.",Billing & Subscriptions,Frustrated,Critical
"This wasn't happening before. Since the latest update, plan not upgraded. It's inconsistent�sometimes it works, sometimes it doesn't�which makes it difficult to continue my coursework.",Billing & Subscriptions,Confused,High
"I'm honestly disappointed. billing history inaccurate. I pay for this service because I rely on it every day, and repeated interruptions are affecting my assignments and preparation. Please provide a permanent solution rather than a temporary workaround.",Billing & Subscriptions,Neutral,Critical
unexpected renewal.,Billing & Subscriptions,Angry,Critical
"Good evening, refund still pending. Looking forward to your response.",Billing & Subscriptions,Confused,Critical
"Hey team, I'm facing an issue where coupon ignored. I checked my email spam folder, but nothing changed. Regards.",Billing & Subscriptions,Urgent,High
"Dear LearnSphere Support,

I am writing to formally report that receipt not generated. This problem has persisted for the last few days and is preventing me from using the platform effectively. I tried another browser without success. I would appreciate it if your technical team could investigate this matter at the earliest.

Kind regards,
A Learner",Billing & Subscriptions,Angry,High
"Hello,

I understand technical problems can happen, but enterprise plan billed twice. I have an upcoming deadline, so I'd be grateful if this could be resolved soon.

Thank you.",Billing & Subscriptions,Urgent,High
"idk... plan not upgraded, plz fix. this keeps happening every time.",Billing & Subscriptions,Confused,Critical
"This wasn't happening before. Since the latest update, wallet credit missing. It's inconsistent�sometimes it works, sometimes it doesn't�which makes it difficult to continue my coursework.",Billing & Subscriptions,Neutral,Critical
"I'm honestly disappointed. plan not upgraded. I pay for this service because I rely on it every day, and repeated interruptions are affecting my assignments and preparation. Please provide a permanent solution rather than a temporary workaround.",Billing & Subscriptions,Neutral,Critical
auto-renew disabled but billed.,Billing & Subscriptions,Neutral,Critical
Urgent: student discount missing. Please look into this.,Billing & Subscriptions,Urgent,High
"Good evening, I'm facing an issue where billing history inaccurate. I tried another browser, but nothing changed. Please escalate if necessary.",Billing & Subscriptions,Urgent,Critical
"Dear LearnSphere Support,

I am writing to formally report that unexpected renewal. This problem has persisted for the last few days and is preventing me from using the platform effectively. I cleared cache without success. I would appreciate it if your technical team could investigate this matter at the earliest.

Kind regards,
A Learner",Billing & Subscriptions,Confused,High
"Hello,

I understand technical problems can happen, but tax amount looks incorrect. I have an upcoming deadline, so I'd be grateful if this could be resolved soon.

Thank you.",Billing & Subscriptions,Neutral,Critical
"asap... auto-renew disabled but billed, plz fix. this keeps happening every time.",Billing & Subscriptions,Confused,Critical
"This wasn't happening before. Since the latest update, payment deducted but failed. It's inconsistent�sometimes it works, sometimes it doesn't�which makes it difficult to continue my coursework.",Billing & Subscriptions,Frustrated,Critical
"I'm honestly disappointed. plan not upgraded. I pay for this service because I rely on it every day, and repeated interruptions are affecting my assignments and preparation. Please provide a permanent solution rather than a temporary workaround.",Billing & Subscriptions,Confused,Critical
refund still pending.,Billing & Subscriptions,Frustrated,Critical
"Good evening, enterprise plan billed twice. Regards.",Billing & Subscriptions,Urgent,High
"Hello Support, I'm facing an issue where billing history inaccurate. I switched devices, but nothing changed. Please escalate if necessary.",Billing & Subscriptions,Angry,Critical
"Dear LearnSphere Support,

I am writing to formally report that unexpected renewal. This problem has persisted for the last few days and is preventing me from using the platform effectively. I even asked a classmate to verify the issue without success. I would appreciate it if your technical team could investigate this matter at the earliest.

Kind regards,
A Learner",Billing & Subscriptions,Angry,High
"Hello,

I understand technical problems can happen, but refund still pending. I have an upcoming deadline, so I'd be grateful if this could be resolved soon.

Thank you.",Billing & Subscriptions,Urgent,High
"plz... coupon ignored, plz fix. this keeps happening every time.",Billing & Subscriptions,Neutral,High
"This wasn't happening before. Since the latest update, charged twice. It's inconsistent�sometimes it works, sometimes it doesn't�which makes it difficult to continue my coursework.",Billing & Subscriptions,Frustrated,High
"I'm honestly disappointed. wallet credit missing. I pay for this service because I rely on it every day, and repeated interruptions are affecting my assignments and preparation. Please provide a permanent solution rather than a temporary workaround.",Billing & Subscriptions,Neutral,Critical
invoice unavailable.,Billing & Subscriptions,Frustrated,Critical
 duplicate transaction. Regards.,Billing & Subscriptions,Frustrated,High
" I'm facing an issue where receipt not generated. I even asked a classmate to verify the issue, but nothing changed. Looking forward to your response.",Billing & Subscriptions,Angry,High
"Dear LearnSphere Support,

I am writing to formally report that plan not upgraded. This problem has persisted for the last few days and is preventing me from using the platform effectively. I even asked a classmate to verify the issue without success. I would appreciate it if your technical team could investigate this matter at the earliest.

Kind regards,
A Learner",Billing & Subscriptions,Neutral,High
"Hello,

I understand technical problems can happen, but payment deducted but failed. I have an upcoming deadline, so I'd be grateful if this could be resolved soon.

Thank you.",Billing & Subscriptions,Angry,High
"biling... wallet credit missing, plz fix. this keeps happening every time.",Billing & Subscriptions,Confused,High
"This wasn't happening before. Since the latest update, charged twice. It's inconsistent�sometimes it works, sometimes it doesn't�which makes it difficult to continue my coursework.",Billing & Subscriptions,Urgent,High
"I'm honestly disappointed. student discount missing. I pay for this service because I rely on it every day, and repeated interruptions are affecting my assignments and preparation. Please provide a permanent solution rather than a temporary workaround.",Billing & Subscriptions,Neutral,High
family plan inactive.,Billing & Subscriptions,Neutral,High
"Hi LearnSphere Team, trial converted unexpectedly. Thank you.",Billing & Subscriptions,Frustrated,High
"To whom it may concern, I'm facing an issue where student discount missing. I even asked a classmate to verify the issue, but nothing changed. Please escalate if necessary.",Billing & Subscriptions,Frustrated,Critical
"Dear LearnSphere Support,

I am writing to formally report that billing history inaccurate. This problem has persisted for the last few days and is preventing me from using the platform effectively. I switched devices without success. I would appreciate it if your technical team could investigate this matter at the earliest.

Kind regards,
A Learner",Billing & Subscriptions,Confused,High
"Hello,

I understand technical problems can happen, but receipt not generated. I have an upcoming deadline, so I'd be grateful if this could be resolved soon.

Thank you.",Billing & Subscriptions,Angry,High
"cnt... duplicate transaction, plz fix. this keeps happening every time.",Billing & Subscriptions,Urgent,High
"This wasn't happening before. Since the latest update, unexpected renewal. It's inconsistent�sometimes it works, sometimes it doesn't�which makes it difficult to continue my coursework.",Billing & Subscriptions,Frustrated,High
"I'm honestly disappointed. receipt not generated. I pay for this service because I rely on it every day, and repeated interruptions are affecting my assignments and preparation. Please provide a permanent solution rather than a temporary workaround.",Billing & Subscriptions,Frustrated,High
billing history inaccurate.,Billing & Subscriptions,Confused,High
"Hey team, enterprise plan billed twice. Kindly resolve this soon.",Billing & Subscriptions,Neutral,Critical
"Dear Support Team, I'm facing an issue where receipt not generated. I cleared cache, but nothing changed. ",Billing & Subscriptions,Confused,Critical
"Dear LearnSphere Support,

I am writing to formally report that plan not upgraded. This problem has persisted for the last few days and is preventing me from using the platform effectively. I reinstalled the app without success. I would appreciate it if your technical team could investigate this matter at the earliest.

Kind regards,
A Learner",Billing & Subscriptions,Frustrated,High
"Hello,

I understand technical problems can happen, but subscription renewed unexpectedly. I have an upcoming deadline, so I'd be grateful if this could be resolved soon.

Thank you.",Billing & Subscriptions,Frustrated,Critical
"idk... invoice unavailable, plz fix. this keeps happening every time.",Billing & Subscriptions,Urgent,High
"This wasn't happening before. Since the latest update, student discount missing. It's inconsistent�sometimes it works, sometimes it doesn't�which makes it difficult to continue my coursework.",Billing & Subscriptions,Neutral,High
"I'm honestly disappointed. wrong currency charged. I pay for this service because I rely on it every day, and repeated interruptions are affecting my assignments and preparation. Please provide a permanent solution rather than a temporary workaround.",Billing & Subscriptions,Neutral,Critical
wrong currency charged.,Billing & Subscriptions,Frustrated,High
"Hi LearnSphere Team, payment deducted but failed. This is affecting my learning.",Billing & Subscriptions,Neutral,Critical
"Hello Support, I'm facing an issue where unexpected renewal. I tried another browser, but nothing changed. Please look into this.",Billing & Subscriptions,Frustrated,High
"Dear LearnSphere Support,

I am writing to formally report that payment deducted but failed. This problem has persisted for the last few days and is preventing me from using the platform effectively. I logged out and back in without success. I would appreciate it if your technical team could investigate this matter at the earliest.

Kind regards,
A Learner",Billing & Subscriptions,Neutral,Critical
"Hello,

I understand technical problems can happen, but trial converted unexpectedly. I have an upcoming deadline, so I'd be grateful if this could be resolved soon.

Thank you.",Billing & Subscriptions,Neutral,High
"vid... coupon ignored, plz fix. this keeps happening every time.",Billing & Subscriptions,Confused,High
"This wasn't happening before. Since the latest update, family plan inactive. It's inconsistent�sometimes it works, sometimes it doesn't�which makes it difficult to continue my coursework.",Billing & Subscriptions,Angry,Critical
"I'm honestly disappointed. enterprise plan billed twice. I pay for this service because I rely on it every day, and repeated interruptions are affecting my assignments and preparation. Please provide a permanent solution rather than a temporary workaround.",Billing & Subscriptions,Angry,Critical
unexpected renewal.,Billing & Subscriptions,Confused,High
"Hi LearnSphere Team, invoice unavailable. Regards.",Billing & Subscriptions,Frustrated,Critical
"Urgent: I'm facing an issue where auto-renew disabled but billed. I even asked a classmate to verify the issue, but nothing changed. Regards.",Billing & Subscriptions,Urgent,Critical
"Dear LearnSphere Support,

I am writing to formally report that coupon ignored. This problem has persisted for the last few days and is preventing me from using the platform effectively. I cleared cache without success. I would appreciate it if your technical team could investigate this matter at the earliest.

Kind regards,
A Learner",Billing & Subscriptions,Confused,Critical
"Hello,

I understand technical problems can happen, but billing history inaccurate. I have an upcoming deadline, so I'd be grateful if this could be resolved soon.

Thank you.",Billing & Subscriptions,Frustrated,Critical
"plz... wrong currency charged, plz fix. this keeps happening every time.",Billing & Subscriptions,Frustrated,Critical
"This wasn't happening before. Since the latest update, plan not upgraded. It's inconsistent�sometimes it works, sometimes it doesn't�which makes it difficult to continue my coursework.",Billing & Subscriptions,Frustrated,High
"I'm honestly disappointed. plan not upgraded. I pay for this service because I rely on it every day, and repeated interruptions are affecting my assignments and preparation. Please provide a permanent solution rather than a temporary workaround.",Billing & Subscriptions,Urgent,High
unexpected renewal.,Billing & Subscriptions,Confused,Critical
"To whom it may concern, coupon ignored. Regards.",Billing & Subscriptions,Urgent,High
"Dear Support Team, I'm facing an issue where charged twice. I even asked a classmate to verify the issue, but nothing changed. ",Billing & Subscriptions,Confused,High
"Dear LearnSphere Support,

I am writing to formally report that billing history inaccurate. This problem has persisted for the last few days and is preventing me from using the platform effectively. I logged out and back in without success. I would appreciate it if your technical team could investigate this matter at the earliest.

Kind regards,
A Learner",Billing & Subscriptions,Confused,Critical
"Hello,

I understand technical problems can happen, but enterprise plan billed twice. I have an upcoming deadline, so I'd be grateful if this could be resolved soon.

Thank you.",Billing & Subscriptions,Frustrated,High
"subscrption... payment gateway error, plz fix. this keeps happening every time.",Billing & Subscriptions,Angry,High
"This wasn't happening before. Since the latest update, subscription renewed unexpectedly. It's inconsistent�sometimes it works, sometimes it doesn't�which makes it difficult to continue my coursework.",Billing & Subscriptions,Angry,Critical
"I'm honestly disappointed. auto-renew disabled but billed. I pay for this service because I rely on it every day, and repeated interruptions are affecting my assignments and preparation. Please provide a permanent solution rather than a temporary workaround.",Billing & Subscriptions,Angry,High
billing history inaccurate.,Billing & Subscriptions,Angry,Critical
Urgent: student discount missing. Please look into this.,Billing & Subscriptions,Frustrated,Critical
"Hi LearnSphere Team, I'm facing an issue where unexpected renewal. I cleared cache, but nothing changed. Thank you.",Billing & Subscriptions,Urgent,Critical
"Dear LearnSphere Support,

I am writing to formally report that duplicate transaction. This problem has persisted for the last few days and is preventing me from using the platform effectively. I reinstalled the app without success. I would appreciate it if your technical team could investigate this matter at the earliest.

Kind regards,
A Learner",Billing & Subscriptions,Angry,Critical
"Hello,

I understand technical problems can happen, but coupon ignored. I have an upcoming deadline, so I'd be grateful if this could be resolved soon.

Thank you.",Billing & Subscriptions,Frustrated,High
"vid... wrong currency charged, plz fix. this keeps happening every time.",Billing & Subscriptions,Urgent,Critical
"This wasn't happening before. Since the latest update, coupon ignored. It's inconsistent�sometimes it works, sometimes it doesn't�which makes it difficult to continue my coursework.",Billing & Subscriptions,Angry,High
"I'm honestly disappointed. student discount missing. I pay for this service because I rely on it every day, and repeated interruptions are affecting my assignments and preparation. Please provide a permanent solution rather than a temporary workaround.",Billing & Subscriptions,Confused,High
plan not upgraded.,Billing & Subscriptions,Neutral,Critical
"Hey team, payment gateway error. Looking forward to your response.",Billing & Subscriptions,Frustrated,High
"Urgent: I'm facing an issue where payment deducted but failed. I switched devices, but nothing changed. Please escalate if necessary.",Billing & Subscriptions,Frustrated,Critical
"Dear LearnSphere Support,

I am writing to formally report that trial converted unexpectedly. This problem has persisted for the last few days and is preventing me from using the platform effectively. I reinstalled the app without success. I would appreciate it if your technical team could investigate this matter at the earliest.

Kind regards,
A Learner",Billing & Subscriptions,Confused,High
"Hello,

I understand technical problems can happen, but family plan inactive. I have an upcoming deadline, so I'd be grateful if this could be resolved soon.

Thank you.",Billing & Subscriptions,Confused,Critical
"vid... tax amount looks incorrect, plz fix. this keeps happening every time.",Billing & Subscriptions,Frustrated,Critical
"This wasn't happening before. Since the latest update, refund still pending. It's inconsistent�sometimes it works, sometimes it doesn't�which makes it difficult to continue my coursework.",Billing & Subscriptions,Urgent,High
"I'm honestly disappointed. wrong currency charged. I pay for this service because I rely on it every day, and repeated interruptions are affecting my assignments and preparation. Please provide a permanent solution rather than a temporary workaround.",Billing & Subscriptions,Angry,High
billing history inaccurate.,Billing & Subscriptions,Frustrated,High
"To whom it may concern, payment gateway error. ",Billing & Subscriptions,Urgent,High
"Dear Support Team, I'm facing an issue where auto-renew disabled but billed. I switched devices, but nothing changed. Thank you.",Billing & Subscriptions,Angry,Critical
"Dear LearnSphere Support,

I am writing to formally report that duplicate transaction. This problem has persisted for the last few days and is preventing me from using the platform effectively. I updated the application without success. I would appreciate it if your technical team could investigate this matter at the earliest.

Kind regards,
A Learner",Billing & Subscriptions,Angry,High
"Hello,

I understand technical problems can happen, but enterprise plan billed twice. I have an upcoming deadline, so I'd be grateful if this could be resolved soon.

Thank you.",Billing & Subscriptions,Angry,Critical
"asap... receipt not generated, plz fix. this keeps happening every time.",Billing & Subscriptions,Confused,High
"This wasn't happening before. Since the latest update, unexpected renewal. It's inconsistent�sometimes it works, sometimes it doesn't�which makes it difficult to continue my coursework.",Billing & Subscriptions,Urgent,Critical
"I'm honestly disappointed. payment gateway error. I pay for this service because I rely on it every day, and repeated interruptions are affecting my assignments and preparation. Please provide a permanent solution rather than a temporary workaround.",Billing & Subscriptions,Neutral,High
tax amount looks incorrect.,Billing & Subscriptions,Confused,Critical
"Dear Support Team, coupon ignored. Regards.",Billing & Subscriptions,Urgent,Critical
"I hope you're doing well. I'm facing an issue where student discount missing. I even asked a classmate to verify the issue, but nothing changed. Please escalate if necessary.",Billing & Subscriptions,Urgent,Critical
"Dear LearnSphere Support,

I am writing to formally report that unexpected renewal. This problem has persisted for the last few days and is preventing me from using the platform effectively. I cleared cache without success. I would appreciate it if your technical team could investigate this matter at the earliest.

Kind regards,
A Learner",Billing & Subscriptions,Urgent,High
"Hello,

I understand technical problems can happen, but charged twice. I have an upcoming deadline, so I'd be grateful if this could be resolved soon.

Thank you.",Billing & Subscriptions,Angry,High
"plz... refund still pending, plz fix. this keeps happening every time.",Billing & Subscriptions,Confused,Critical
"This wasn't happening before. Since the latest update, payment deducted but failed. It's inconsistent�sometimes it works, sometimes it doesn't�which makes it difficult to continue my coursework.",Billing & Subscriptions,Neutral,Critical
"I'm honestly disappointed. invoice unavailable. I pay for this service because I rely on it every day, and repeated interruptions are affecting my assignments and preparation. Please provide a permanent solution rather than a temporary workaround.",Billing & Subscriptions,Frustrated,Critical
tax amount looks incorrect.,Billing & Subscriptions,Urgent,High
Urgent: coupon ignored. Thank you.,Billing & Subscriptions,Urgent,High
"To whom it may concern, I'm facing an issue where payment gateway error. I reinstalled the app, but nothing changed. This is affecting my learning.",Billing & Subscriptions,Frustrated,Critical
"Dear LearnSphere Support,

I am writing to formally report that family plan inactive. This problem has persisted for the last few days and is preventing me from using the platform effectively. I updated the application without success. I would appreciate it if your technical team could investigate this matter at the earliest.

Kind regards,
A Learner",Billing & Subscriptions,Neutral,High
"Hello,

I understand technical problems can happen, but charged twice. I have an upcoming deadline, so I'd be grateful if this could be resolved soon.

Thank you.",Billing & Subscriptions,Neutral,High
"asap... trial converted unexpectedly, plz fix. this keeps happening every time.",Billing & Subscriptions,Confused,Critical
"This wasn't happening before. Since the latest update, auto-renew disabled but billed. It's inconsistent�sometimes it works, sometimes it doesn't�which makes it difficult to continue my coursework.",Billing & Subscriptions,Urgent,High
"I'm honestly disappointed. tax amount looks incorrect. I pay for this service because I rely on it every day, and repeated interruptions are affecting my assignments and preparation. Please provide a permanent solution rather than a temporary workaround.",Billing & Subscriptions,Neutral,Critical
payment deducted but failed.,Billing & Subscriptions,Frustrated,High
"Hey team, payment deducted but failed. Thank you.",Billing & Subscriptions,Angry,High
" I'm facing an issue where unexpected renewal. I checked my email spam folder, but nothing changed. Regards.",Billing & Subscriptions,Confused,Critical
"Dear LearnSphere Support,

I am writing to formally report that charged twice. This problem has persisted for the last few days and is preventing me from using the platform effectively. I logged out and back in without success. I would appreciate it if your technical team could investigate this matter at the earliest.

Kind regards,
A Learner",Billing & Subscriptions,Angry,High
"Hello,

I understand technical problems can happen, but refund still pending. I have an upcoming deadline, so I'd be grateful if this could be resolved soon.

Thank you.",Billing & Subscriptions,Confused,Critical
"plz... trial converted unexpectedly, plz fix. this keeps happening every time.",Billing & Subscriptions,Urgent,Critical
"This wasn't happening before. Since the latest update, billing history inaccurate. It's inconsistent�sometimes it works, sometimes it doesn't�which makes it difficult to continue my coursework.",Billing & Subscriptions,Urgent,Critical
"I'm honestly disappointed. subscription renewed unexpectedly. I pay for this service because I rely on it every day, and repeated interruptions are affecting my assignments and preparation. Please provide a permanent solution rather than a temporary workaround.",Billing & Subscriptions,Neutral,High
payment deducted but failed.,Billing & Subscriptions,Urgent,High
"Dear Support Team, duplicate transaction. Please escalate if necessary.",Billing & Subscriptions,Urgent,Critical
"I hope you're doing well. I'm facing an issue where subscription renewed unexpectedly. I reinstalled the app, but nothing changed. Kindly resolve this soon.",Billing & Subscriptions,Neutral,Critical
"Dear LearnSphere Support,

I am writing to formally report that coupon ignored. This problem has persisted for the last few days and is preventing me from using the platform effectively. I checked my email spam folder without success. I would appreciate it if your technical team could investigate this matter at the earliest.

Kind regards,
A Learner",Billing & Subscriptions,Confused,Critical
"Hello,

I understand technical problems can happen, but payment gateway error. I have an upcoming deadline, so I'd be grateful if this could be resolved soon.

Thank you.",Billing & Subscriptions,Frustrated,High
"asap... coupon ignored, plz fix. this keeps happening every time.",Billing & Subscriptions,Confused,High
"This wasn't happening before. Since the latest update, refund still pending. It's inconsistent�sometimes it works, sometimes it doesn't�which makes it difficult to continue my coursework.",Billing & Subscriptions,Neutral,Critical
"I'm honestly disappointed. student discount missing. I pay for this service because I rely on it every day, and repeated interruptions are affecting my assignments and preparation. Please provide a permanent solution rather than a temporary workaround.",Billing & Subscriptions,Angry,Critical
payment gateway error.,Billing & Subscriptions,Neutral,High
I hope you're doing well. duplicate transaction. ,Billing & Subscriptions,Angry,High
"Good evening, I'm facing an issue where receipt not generated. I logged out and back in, but nothing changed. Thank you.",Billing & Subscriptions,Frustrated,High
"Dear LearnSphere Support,

I am writing to formally report that payment gateway error. This problem has persisted for the last few days and is preventing me from using the platform effectively. I cleared cache without success. I would appreciate it if your technical team could investigate this matter at the earliest.

Kind regards,
A Learner",Billing & Subscriptions,Frustrated,High
"Hello,

I understand technical problems can happen, but tax amount looks incorrect. I have an upcoming deadline, so I'd be grateful if this could be resolved soon.

Thank you.",Billing & Subscriptions,Angry,High
"subscrption... tax amount looks incorrect, plz fix. this keeps happening every time.",Billing & Subscriptions,Frustrated,High
"This wasn't happening before. Since the latest update, charged twice. It's inconsistent�sometimes it works, sometimes it doesn't�which makes it difficult to continue my coursework.",Billing & Subscriptions,Angry,Critical
"I'm honestly disappointed. refund still pending. I pay for this service because I rely on it every day, and repeated interruptions are affecting my assignments and preparation. Please provide a permanent solution rather than a temporary workaround.",Billing & Subscriptions,Frustrated,High
refund still pending.,Billing & Subscriptions,Confused,Critical
"Hello Support, payment gateway error. Kindly resolve this soon.",Billing & Subscriptions,Neutral,Critical
"Urgent: I'm facing an issue where family plan inactive. I updated the application, but nothing changed. Please escalate if necessary.",Billing & Subscriptions,Neutral,High
"Dear LearnSphere Support,

I am writing to formally report that family plan inactive. This problem has persisted for the last few days and is preventing me from using the platform effectively. I tried another browser without success. I would appreciate it if your technical team could investigate this matter at the earliest.

Kind regards,
A Learner",Billing & Subscriptions,Urgent,High
"Hello,

I understand technical problems can happen, but trial converted unexpectedly. I have an upcoming deadline, so I'd be grateful if this could be resolved soon.

Thank you.",Billing & Subscriptions,Frustrated,High
"vid... subscription renewed unexpectedly, plz fix. this keeps happening every time.",Billing & Subscriptions,Urgent,High
"This wasn't happening before. Since the latest update, receipt not generated. It's inconsistent�sometimes it works, sometimes it doesn't�which makes it difficult to continue my coursework.",Billing & Subscriptions,Neutral,High
"I'm honestly disappointed. receipt not generated. I pay for this service because I rely on it every day, and repeated interruptions are affecting my assignments and preparation. Please provide a permanent solution rather than a temporary workaround.",Billing & Subscriptions,Angry,Critical
family plan inactive.,Billing & Subscriptions,Frustrated,Critical
"Hey team, payment deducted but failed. Kindly resolve this soon.",Billing & Subscriptions,Confused,Critical
" I'm facing an issue where payment gateway error. I switched devices, but nothing changed. This is affecting my learning.",Billing & Subscriptions,Neutral,High
"Dear LearnSphere Support,

I am writing to formally report that payment gateway error. This problem has persisted for the last few days and is preventing me from using the platform effectively. I switched devices without success. I would appreciate it if your technical team could investigate this matter at the earliest.

Kind regards,
A Learner",Billing & Subscriptions,Frustrated,High
"Hello,

I understand technical problems can happen, but charged twice. I have an upcoming deadline, so I'd be grateful if this could be resolved soon.

Thank you.",Billing & Subscriptions,Urgent,Critical
"idk... payment gateway error, plz fix. this keeps happening every time.",Billing & Subscriptions,Neutral,High
"This wasn't happening before. Since the latest update, coupon ignored. It's inconsistent�sometimes it works, sometimes it doesn't�which makes it difficult to continue my coursework.",Billing & Subscriptions,Confused,Critical
"I'm honestly disappointed. duplicate transaction. I pay for this service because I rely on it every day, and repeated interruptions are affecting my assignments and preparation. Please provide a permanent solution rather than a temporary workaround.",Billing & Subscriptions,Confused,High
payment deducted but failed.,Billing & Subscriptions,Confused,Critical
"Hello Support, tax amount looks incorrect. Regards.",Billing & Subscriptions,Urgent,High
"Urgent: I'm facing an issue where payment gateway error. I tried another browser, but nothing changed. This is affecting my learning.",Billing & Subscriptions,Frustrated,Critical
"Dear LearnSphere Support,

I am writing to formally report that student discount missing. This problem has persisted for the last few days and is preventing me from using the platform effectively. I reinstalled the app without success. I would appreciate it if your technical team could investigate this matter at the earliest.

Kind regards,
A Learner",Billing & Subscriptions,Urgent,Critical
"Hello,

I understand technical problems can happen, but plan not upgraded. I have an upcoming deadline, so I'd be grateful if this could be resolved soon.

Thank you.",Billing & Subscriptions,Neutral,High
"idk... wallet credit missing, plz fix. this keeps happening every time.",Billing & Subscriptions,Neutral,High
"This wasn't happening before. Since the latest update, tax amount looks incorrect. It's inconsistent�sometimes it works, sometimes it doesn't�which makes it difficult to continue my coursework.",Billing & Subscriptions,Neutral,Critical
"I'm honestly disappointed. wrong currency charged. I pay for this service because I rely on it every day, and repeated interruptions are affecting my assignments and preparation. Please provide a permanent solution rather than a temporary workaround.",Billing & Subscriptions,Neutral,Critical
auto-renew disabled but billed.,Billing & Subscriptions,Confused,Critical
"To whom it may concern, plan not upgraded. Regards.",Billing & Subscriptions,Frustrated,Critical
"Good evening, I'm facing an issue where wallet credit missing. I updated the application, but nothing changed. This is affecting my learning.",Billing & Subscriptions,Neutral,High
"Dear LearnSphere Support,

I am writing to formally report that plan not upgraded. This problem has persisted for the last few days and is preventing me from using the platform effectively. I even asked a classmate to verify the issue without success. I would appreciate it if your technical team could investigate this matter at the earliest.

Kind regards,
A Learner",Billing & Subscriptions,Angry,Critical
"Hello,

I understand technical problems can happen, but coupon ignored. I have an upcoming deadline, so I'd be grateful if this could be resolved soon.

Thank you.",Billing & Subscriptions,Neutral,Critical
"idk... payment gateway error, plz fix. this keeps happening every time.",Billing & Subscriptions,Confused,High
"This wasn't happening before. Since the latest update, enterprise plan billed twice. It's inconsistent�sometimes it works, sometimes it doesn't�which makes it difficult to continue my coursework.",Billing & Subscriptions,Confused,High
"I'm honestly disappointed. enterprise plan billed twice. I pay for this service because I rely on it every day, and repeated interruptions are affecting my assignments and preparation. Please provide a permanent solution rather than a temporary workaround.",Billing & Subscriptions,Frustrated,High
charged twice.,Billing & Subscriptions,Urgent,High
"To whom it may concern, auto-renew disabled but billed. Kindly resolve this soon.",Billing & Subscriptions,Frustrated,Critical
"Hey team, I'm facing an issue where payment gateway error. I even asked a classmate to verify the issue, but nothing changed. Regards.",Billing & Subscriptions,Neutral,Critical
"Dear LearnSphere Support,

I am writing to formally report that wallet credit missing. This problem has persisted for the last few days and is preventing me from using the platform effectively. I checked my email spam folder without success. I would appreciate it if your technical team could investigate this matter at the earliest.

Kind regards,
A Learner",Billing & Subscriptions,Confused,Critical
"Hello,

I understand technical problems can happen, but duplicate transaction. I have an upcoming deadline, so I'd be grateful if this could be resolved soon.

Thank you.",Billing & Subscriptions,Urgent,High
"vid... family plan inactive, plz fix. this keeps happening every time.",Billing & Subscriptions,Urgent,High
"This wasn't happening before. Since the latest update, wallet credit missing. It's inconsistent�sometimes it works, sometimes it doesn't�which makes it difficult to continue my coursework.",Billing & Subscriptions,Urgent,High
"I'm honestly disappointed. duplicate transaction. I pay for this service because I rely on it every day, and repeated interruptions are affecting my assignments and preparation. Please provide a permanent solution rather than a temporary workaround.",Billing & Subscriptions,Confused,Critical
payment deducted but failed.,Billing & Subscriptions,Confused,High
I hope you're doing well. billing history inaccurate. Please look into this.,Billing & Subscriptions,Confused,Critical
"Hello Support, I'm facing an issue where wallet credit missing. I checked my email spam folder, but nothing changed. Looking forward to your response.",Billing & Subscriptions,Confused,High
"Dear LearnSphere Support,

I am writing to formally report that tax amount looks incorrect. This problem has persisted for the last few days and is preventing me from using the platform effectively. I logged out and back in without success. I would appreciate it if your technical team could investigate this matter at the earliest.

Kind regards,
A Learner",Billing & Subscriptions,Angry,Critical
"Hello,

I understand technical problems can happen, but wrong currency charged. I have an upcoming deadline, so I'd be grateful if this could be resolved soon.

Thank you.",Billing & Subscriptions,Frustrated,High
"idk... plan not upgraded, plz fix. this keeps happening every time.",Billing & Subscriptions,Urgent,Critical
"This wasn't happening before. Since the latest update, enterprise plan billed twice. It's inconsistent�sometimes it works, sometimes it doesn't�which makes it difficult to continue my coursework.",Billing & Subscriptions,Urgent,High
"I'm honestly disappointed. family plan inactive. I pay for this service because I rely on it every day, and repeated interruptions are affecting my assignments and preparation. Please provide a permanent solution rather than a temporary workaround.",Billing & Subscriptions,Angry,Critical
auto-renew disabled but billed.,Billing & Subscriptions,Frustrated,Critical
"Good evening, family plan inactive. Please escalate if necessary.",Billing & Subscriptions,Neutral,Critical
"Urgent: I'm facing an issue where billing history inaccurate. I cleared cache, but nothing changed. Regards.",Billing & Subscriptions,Angry,High
"Dear LearnSphere Support,

I am writing to formally report that wallet credit missing. This problem has persisted for the last few days and is preventing me from using the platform effectively. I tried another browser without success. I would appreciate it if your technical team could investigate this matter at the earliest.

Kind regards,
A Learner",Billing & Subscriptions,Urgent,Critical
"Hello,

I understand technical problems can happen, but tax amount looks incorrect. I have an upcoming deadline, so I'd be grateful if this could be resolved soon.

Thank you.",Billing & Subscriptions,Confused,High
"vid... payment deducted but failed, plz fix. this keeps happening every time.",Billing & Subscriptions,Urgent,High
"This wasn't happening before. Since the latest update, wallet credit missing. It's inconsistent�sometimes it works, sometimes it doesn't�which makes it difficult to continue my coursework.",Billing & Subscriptions,Angry,Critical
"I'm honestly disappointed. student discount missing. I pay for this service because I rely on it every day, and repeated interruptions are affecting my assignments and preparation. Please provide a permanent solution rather than a temporary workaround.",Billing & Subscriptions,Angry,Critical
billing history inaccurate.,Billing & Subscriptions,Confused,High
"Hi LearnSphere Team, unexpected renewal. Kindly resolve this soon.",Billing & Subscriptions,Frustrated,High
"Dear Support Team, I'm facing an issue where auto-renew disabled but billed. I switched devices, but nothing changed. Please look into this.",Billing & Subscriptions,Urgent,High
"Dear LearnSphere Support,

I am writing to formally report that refund still pending. This problem has persisted for the last few days and is preventing me from using the platform effectively. I switched devices without success. I would appreciate it if your technical team could investigate this matter at the earliest.

Kind regards,
A Learner",Billing & Subscriptions,Neutral,High
"Hello,

I understand technical problems can happen, but duplicate transaction. I have an upcoming deadline, so I'd be grateful if this could be resolved soon.

Thank you.",Billing & Subscriptions,Angry,High
"idk... receipt not generated, plz fix. this keeps happening every time.",Billing & Subscriptions,Confused,Critical
"This wasn't happening before. Since the latest update, trial converted unexpectedly. It's inconsistent�sometimes it works, sometimes it doesn't�which makes it difficult to continue my coursework.",Billing & Subscriptions,Angry,Critical
"I'm honestly disappointed. payment deducted but failed. I pay for this service because I rely on it every day, and repeated interruptions are affecting my assignments and preparation. Please provide a permanent solution rather than a temporary workaround.",Billing & Subscriptions,Confused,Critical
trial converted unexpectedly.,Billing & Subscriptions,Confused,High
"Hey team, trial converted unexpectedly. This is affecting my learning.",Billing & Subscriptions,Confused,Critical
"Hello Support, I'm facing an issue where wrong currency charged. I reinstalled the app, but nothing changed. Please escalate if necessary.",Billing & Subscriptions,Angry,High
"Dear LearnSphere Support,

I am writing to formally report that student discount missing. This problem has persisted for the last few days and is preventing me from using the platform effectively. I cleared cache without success. I would appreciate it if your technical team could investigate this matter at the earliest.

Kind regards,
A Learner",Billing & Subscriptions,Confused,Critical
"Hello,

I understand technical problems can happen, but invoice unavailable. I have an upcoming deadline, so I'd be grateful if this could be resolved soon.

Thank you.",Billing & Subscriptions,Urgent,High
"asap... payment deducted but failed, plz fix. this keeps happening every time.",Billing & Subscriptions,Urgent,High
"This wasn't happening before. Since the latest update, payment gateway error. It's inconsistent�sometimes it works, sometimes it doesn't�which makes it difficult to continue my coursework.",Billing & Subscriptions,Urgent,High
"I'm honestly disappointed. subscription renewed unexpectedly. I pay for this service because I rely on it every day, and repeated interruptions are affecting my assignments and preparation. Please provide a permanent solution rather than a temporary workaround.",Billing & Subscriptions,Angry,High
trial converted unexpectedly.,Billing & Subscriptions,Urgent,High
"Hey team, unexpected renewal. Please escalate if necessary.",Billing & Subscriptions,Neutral,High
"To whom it may concern, I'm facing an issue where duplicate transaction. I reinstalled the app, but nothing changed. ",Billing & Subscriptions,Angry,Critical
"Dear LearnSphere Support,

I am writing to formally report that auto-renew disabled but billed. This problem has persisted for the last few days and is preventing me from using the platform effectively. I tried another browser without success. I would appreciate it if your technical team could investigate this matter at the earliest.

Kind regards,
A Learner",Billing & Subscriptions,Angry,High
"Hello,

I understand technical problems can happen, but enterprise plan billed twice. I have an upcoming deadline, so I'd be grateful if this could be resolved soon.

Thank you.",Billing & Subscriptions,Angry,High
"cnt... subscription renewed unexpectedly, plz fix. this keeps happening every time.",Billing & Subscriptions,Urgent,Critical
"This wasn't happening before. Since the latest update, enterprise plan billed twice. It's inconsistent�sometimes it works, sometimes it doesn't�which makes it difficult to continue my coursework.",Billing & Subscriptions,Confused,High
"I'm honestly disappointed. charged twice. I pay for this service because I rely on it every day, and repeated interruptions are affecting my assignments and preparation. Please provide a permanent solution rather than a temporary workaround.",Billing & Subscriptions,Urgent,High
duplicate transaction.,Billing & Subscriptions,Frustrated,Critical
I hope you're doing well. tax amount looks incorrect. Please escalate if necessary.,Billing & Subscriptions,Neutral,High
"To whom it may concern, I'm facing an issue where invoice unavailable. I checked my email spam folder, but nothing changed. This is affecting my learning.",Billing & Subscriptions,Urgent,Critical
"Dear LearnSphere Support,

I am writing to formally report that auto-renew disabled but billed. This problem has persisted for the last few days and is preventing me from using the platform effectively. I logged out and back in without success. I would appreciate it if your technical team could investigate this matter at the earliest.

Kind regards,
A Learner",Billing & Subscriptions,Urgent,Critical
"Hello,

I understand technical problems can happen, but family plan inactive. I have an upcoming deadline, so I'd be grateful if this could be resolved soon.

Thank you.",Billing & Subscriptions,Confused,Critical
"asap... payment gateway error, plz fix. this keeps happening every time.",Billing & Subscriptions,Confused,Critical
"This wasn't happening before. Since the latest update, payment gateway error. It's inconsistent�sometimes it works, sometimes it doesn't�which makes it difficult to continue my coursework.",Billing & Subscriptions,Urgent,Critical
"I'm honestly disappointed. enterprise plan billed twice. I pay for this service because I rely on it every day, and repeated interruptions are affecting my assignments and preparation. Please provide a permanent solution rather than a temporary workaround.",Billing & Subscriptions,Neutral,Critical
family plan inactive.,Billing & Subscriptions,Confused,High
Urgent: wallet credit missing. Regards.,Billing & Subscriptions,Frustrated,High
"To whom it may concern, I'm facing an issue where duplicate transaction. I logged out and back in, but nothing changed. Please look into this.",Billing & Subscriptions,Confused,Critical
"Dear LearnSphere Support,

I am writing to formally report that charged twice. This problem has persisted for the last few days and is preventing me from using the platform effectively. I tried another browser without success. I would appreciate it if your technical team could investigate this matter at the earliest.

Kind regards,
A Learner",Billing & Subscriptions,Confused,Critical
"Hello,

I understand technical problems can happen, but trial converted unexpectedly. I have an upcoming deadline, so I'd be grateful if this could be resolved soon.

Thank you.",Billing & Subscriptions,Angry,High
"cnt... subscription renewed unexpectedly, plz fix. this keeps happening every time.",Billing & Subscriptions,Confused,Critical
"This wasn't happening before. Since the latest update, subscription renewed unexpectedly. It's inconsistent�sometimes it works, sometimes it doesn't�which makes it difficult to continue my coursework.",Billing & Subscriptions,Urgent,High
"I'm honestly disappointed. family plan inactive. I pay for this service because I rely on it every day, and repeated interruptions are affecting my assignments and preparation. Please provide a permanent solution rather than a temporary workaround.",Billing & Subscriptions,Angry,Critical
trial converted unexpectedly.,Billing & Subscriptions,Frustrated,High
Urgent: billing history inaccurate. Please look into this.,Billing & Subscriptions,Confused,Critical
"Hi LearnSphere Team, I'm facing an issue where tax amount looks incorrect. I reinstalled the app, but nothing changed. Regards.",Billing & Subscriptions,Frustrated,Critical
"Dear LearnSphere Support,

I am writing to formally report that wallet credit missing. This problem has persisted for the last few days and is preventing me from using the platform effectively. I cleared cache without success. I would appreciate it if your technical team could investigate this matter at the earliest.

Kind regards,
A Learner",Billing & Subscriptions,Confused,High
"Hello,

I understand technical problems can happen, but enterprise plan billed twice. I have an upcoming deadline, so I'd be grateful if this could be resolved soon.

Thank you.",Billing & Subscriptions,Angry,Critical
"subscrption... family plan inactive, plz fix. this keeps happening every time.",Billing & Subscriptions,Urgent,High
"This wasn't happening before. Since the latest update, duplicate transaction. It's inconsistent�sometimes it works, sometimes it doesn't�which makes it difficult to continue my coursework.",Billing & Subscriptions,Frustrated,High
"I'm honestly disappointed. subscription renewed unexpectedly. I pay for this service because I rely on it every day, and repeated interruptions are affecting my assignments and preparation. Please provide a permanent solution rather than a temporary workaround.",Billing & Subscriptions,Urgent,Critical
payment gateway error.,Billing & Subscriptions,Urgent,Critical
 coupon ignored. Kindly resolve this soon.,Billing & Subscriptions,Urgent,High
"To whom it may concern, I'm facing an issue where wrong currency charged. I cleared cache, but nothing changed. This is affecting my learning.",Billing & Subscriptions,Confused,Critical
"Dear LearnSphere Support,

I am writing to formally report that duplicate transaction. This problem has persisted for the last few days and is preventing me from using the platform effectively. I tried another browser without success. I would appreciate it if your technical team could investigate this matter at the earliest.

Kind regards,
A Learner",Billing & Subscriptions,Urgent,High
"Hello,

I understand technical problems can happen, but duplicate transaction. I have an upcoming deadline, so I'd be grateful if this could be resolved soon.

Thank you.",Billing & Subscriptions,Neutral,Critical
"cnt... student discount missing, plz fix. this keeps happening every time.",Billing & Subscriptions,Urgent,Critical
"This wasn't happening before. Since the latest update, wrong currency charged. It's inconsistent�sometimes it works, sometimes it doesn't�which makes it difficult to continue my coursework.",Billing & Subscriptions,Angry,Critical
"I'm honestly disappointed. wallet credit missing. I pay for this service because I rely on it every day, and repeated interruptions are affecting my assignments and preparation. Please provide a permanent solution rather than a temporary workaround.",Billing & Subscriptions,Neutral,Critical
wrong currency charged.,Billing & Subscriptions,Urgent,High
"Hello Support, billing history inaccurate. This is affecting my learning.",Billing & Subscriptions,Frustrated,Critical
"Good evening, I'm facing an issue where wallet credit missing. I logged out and back in, but nothing changed. Please escalate if necessary.",Billing & Subscriptions,Neutral,High
"Dear LearnSphere Support,

I am writing to formally report that enterprise plan billed twice. This problem has persisted for the last few days and is preventing me from using the platform effectively. I reinstalled the app without success. I would appreciate it if your technical team could investigate this matter at the earliest.

Kind regards,
A Learner",Billing & Subscriptions,Neutral,High
"Hello,

I understand technical problems can happen, but family plan inactive. I have an upcoming deadline, so I'd be grateful if this could be resolved soon.

Thank you.",Billing & Subscriptions,Neutral,High
"pasword... payment gateway error, plz fix. this keeps happening every time.",Billing & Subscriptions,Angry,Critical
"This wasn't happening before. Since the latest update, coupon ignored. It's inconsistent�sometimes it works, sometimes it doesn't�which makes it difficult to continue my coursework.",Billing & Subscriptions,Confused,Critical
"I'm honestly disappointed. payment deducted but failed. I pay for this service because I rely on it every day, and repeated interruptions are affecting my assignments and preparation. Please provide a permanent solution rather than a temporary workaround.",Billing & Subscriptions,Confused,Critical
tax amount looks incorrect.,Billing & Subscriptions,Confused,High
"Good evening, enterprise plan billed twice. Kindly resolve this soon.",Billing & Subscriptions,Confused,High
"I hope you're doing well. I'm facing an issue where trial converted unexpectedly. I switched devices, but nothing changed. Thank you.",Billing & Subscriptions,Frustrated,High
"Dear LearnSphere Support,

I am writing to formally report that billing history inaccurate. This problem has persisted for the last few days and is preventing me from using the platform effectively. I cleared cache without success. I would appreciate it if your technical team could investigate this matter at the earliest.

Kind regards,
A Learner",Billing & Subscriptions,Urgent,High
"Hello,

I understand technical problems can happen, but billing history inaccurate. I have an upcoming deadline, so I'd be grateful if this could be resolved soon.

Thank you.",Billing & Subscriptions,Neutral,Critical
"cnt... billing history inaccurate, plz fix. this keeps happening every time.",Billing & Subscriptions,Angry,High
"This wasn't happening before. Since the latest update, duplicate transaction. It's inconsistent�sometimes it works, sometimes it doesn't�which makes it difficult to continue my coursework.",Billing & Subscriptions,Neutral,Critical
"I'm honestly disappointed. wallet credit missing. I pay for this service because I rely on it every day, and repeated interruptions are affecting my assignments and preparation. Please provide a permanent solution rather than a temporary workaround.",Billing & Subscriptions,Urgent,High
refund still pending.,Billing & Subscriptions,Urgent,Critical
"Hey team, billing history inaccurate. Please look into this.",Billing & Subscriptions,Urgent,Critical
"Dear Support Team, I'm facing an issue where family plan inactive. I even asked a classmate to verify the issue, but nothing changed. Thank you.",Billing & Subscriptions,Urgent,Critical
"Dear LearnSphere Support,

I am writing to formally report that plan not upgraded. This problem has persisted for the last few days and is preventing me from using the platform effectively. I cleared cache without success. I would appreciate it if your technical team could investigate this matter at the earliest.

Kind regards,
A Learner",Billing & Subscriptions,Frustrated,High
"Hello,

I understand technical problems can happen, but family plan inactive. I have an upcoming deadline, so I'd be grateful if this could be resolved soon.

Thank you.",Billing & Subscriptions,Urgent,High
"vid... plan not upgraded, plz fix. this keeps happening every time.",Billing & Subscriptions,Urgent,Critical
"This wasn't happening before. Since the latest update, payment deducted but failed. It's inconsistent�sometimes it works, sometimes it doesn't�which makes it difficult to continue my coursework.",Billing & Subscriptions,Urgent,Critical
"I'm honestly disappointed. wallet credit missing. I pay for this service because I rely on it every day, and repeated interruptions are affecting my assignments and preparation. Please provide a permanent solution rather than a temporary workaround.",Billing & Subscriptions,Neutral,Critical
trial converted unexpectedly.,Billing & Subscriptions,Neutral,Critical
Urgent: payment deducted but failed. Please escalate if necessary.,Billing & Subscriptions,Confused,Critical
"I hope you're doing well. I'm facing an issue where coupon ignored. I updated the application, but nothing changed. This is affecting my learning.",Billing & Subscriptions,Angry,High
"Dear LearnSphere Support,

I am writing to formally report that auto-renew disabled but billed. This problem has persisted for the last few days and is preventing me from using the platform effectively. I switched devices without success. I would appreciate it if your technical team could investigate this matter at the earliest.

Kind regards,
A Learner",Billing & Subscriptions,Urgent,High
"Hello,

I understand technical problems can happen, but student discount missing. I have an upcoming deadline, so I'd be grateful if this could be resolved soon.

Thank you.",Billing & Subscriptions,Neutral,High
"subscrption... payment gateway error, plz fix. this keeps happening every time.",Billing & Subscriptions,Angry,High
"This wasn't happening before. Since the latest update, invoice unavailable. It's inconsistent�sometimes it works, sometimes it doesn't�which makes it difficult to continue my coursework.",Billing & Subscriptions,Confused,Critical
"I'm honestly disappointed. charged twice. I pay for this service because I rely on it every day, and repeated interruptions are affecting my assignments and preparation. Please provide a permanent solution rather than a temporary workaround.",Billing & Subscriptions,Confused,Critical
billing history inaccurate.,Billing & Subscriptions,Confused,Critical
 billing history inaccurate. This is affecting my learning.,Billing & Subscriptions,Urgent,High
"Hello Support, I'm facing an issue where family plan inactive. I switched devices, but nothing changed. Please look into this.",Billing & Subscriptions,Confused,Critical
"Dear LearnSphere Support,

I am writing to formally report that billing history inaccurate. This problem has persisted for the last few days and is preventing me from using the platform effectively. I tried another browser without success. I would appreciate it if your technical team could investigate this matter at the earliest.

Kind regards,
A Learner",Billing & Subscriptions,Angry,Critical
"Hello,

I understand technical problems can happen, but enterprise plan billed twice. I have an upcoming deadline, so I'd be grateful if this could be resolved soon.

Thank you.",Billing & Subscriptions,Neutral,Critical
"cnt... payment gateway error, plz fix. this keeps happening every time.",Billing & Subscriptions,Neutral,High
"This wasn't happening before. Since the latest update, unexpected renewal. It's inconsistent�sometimes it works, sometimes it doesn't�which makes it difficult to continue my coursework.",Billing & Subscriptions,Frustrated,Critical
"I'm honestly disappointed. trial converted unexpectedly. I pay for this service because I rely on it every day, and repeated interruptions are affecting my assignments and preparation. Please provide a permanent solution rather than a temporary workaround.",Billing & Subscriptions,Confused,High
receipt not generated.,Billing & Subscriptions,Neutral,Critical
Urgent: duplicate transaction. ,Billing & Subscriptions,Frustrated,Critical
" I'm facing an issue where trial converted unexpectedly. I even asked a classmate to verify the issue, but nothing changed. Regards.",Billing & Subscriptions,Confused,Critical
"Dear LearnSphere Support,

I am writing to formally report that unexpected renewal. This problem has persisted for the last few days and is preventing me from using the platform effectively. I updated the application without success. I would appreciate it if your technical team could investigate this matter at the earliest.

Kind regards,
A Learner",Billing & Subscriptions,Frustrated,High
"Hello,

I understand technical problems can happen, but payment deducted but failed. I have an upcoming deadline, so I'd be grateful if this could be resolved soon.

Thank you.",Billing & Subscriptions,Neutral,High
"vid... plan not upgraded, plz fix. this keeps happening every time.",Billing & Subscriptions,Neutral,Critical
"This wasn't happening before. Since the latest update, trial converted unexpectedly. It's inconsistent�sometimes it works, sometimes it doesn't�which makes it difficult to continue my coursework.",Billing & Subscriptions,Angry,Critical
"I'm honestly disappointed. wrong currency charged. I pay for this service because I rely on it every day, and repeated interruptions are affecting my assignments and preparation. Please provide a permanent solution rather than a temporary workaround.",Billing & Subscriptions,Neutral,Critical
unexpected renewal.,Billing & Subscriptions,Confused,High
"Dear Support Team, charged twice. Kindly resolve this soon.",Billing & Subscriptions,Neutral,High
"Dear Support Team, I'm facing an issue where tax amount looks incorrect. I updated the application, but nothing changed. Thank you.",Billing & Subscriptions,Frustrated,High
"Dear LearnSphere Support,

I am writing to formally report that billing history inaccurate. This problem has persisted for the last few days and is preventing me from using the platform effectively. I cleared cache without success. I would appreciate it if your technical team could investigate this matter at the earliest.

Kind regards,
A Learner",Billing & Subscriptions,Frustrated,Critical
"Hello,

I understand technical problems can happen, but duplicate transaction. I have an upcoming deadline, so I'd be grateful if this could be resolved soon.

Thank you.",Billing & Subscriptions,Frustrated,High
"pasword... enterprise plan billed twice, plz fix. this keeps happening every time.",Billing & Subscriptions,Frustrated,Critical
"This wasn't happening before. Since the latest update, receipt not generated. It's inconsistent�sometimes it works, sometimes it doesn't�which makes it difficult to continue my coursework.",Billing & Subscriptions,Confused,High
"I'm honestly disappointed. receipt not generated. I pay for this service because I rely on it every day, and repeated interruptions are affecting my assignments and preparation. Please provide a permanent solution rather than a temporary workaround.",Billing & Subscriptions,Angry,High
invoice unavailable.,Billing & Subscriptions,Urgent,High
"Hi LearnSphere Team, charged twice. Looking forward to your response.",Billing & Subscriptions,Neutral,Critical
"Hey team, I'm facing an issue where wrong currency charged. I checked my email spam folder, but nothing changed. ",Billing & Subscriptions,Confused,High
"Dear LearnSphere Support,

I am writing to formally report that auto-renew disabled but billed. This problem has persisted for the last few days and is preventing me from using the platform effectively. I even asked a classmate to verify the issue without success. I would appreciate it if your technical team could investigate this matter at the earliest.

Kind regards,
A Learner",Billing & Subscriptions,Urgent,Critical
"Hello,

I understand technical problems can happen, but duplicate transaction. I have an upcoming deadline, so I'd be grateful if this could be resolved soon.

Thank you.",Billing & Subscriptions,Urgent,Critical
"asap... coupon ignored, plz fix. this keeps happening every time.",Billing & Subscriptions,Urgent,High
"This wasn't happening before. Since the latest update, subscription renewed unexpectedly. It's inconsistent�sometimes it works, sometimes it doesn't�which makes it difficult to continue my coursework.",Billing & Subscriptions,Angry,Critical
"I'm honestly disappointed. coupon ignored. I pay for this service because I rely on it every day, and repeated interruptions are affecting my assignments and preparation. Please provide a permanent solution rather than a temporary workaround.",Billing & Subscriptions,Angry,Critical
invoice unavailable.,Billing & Subscriptions,Neutral,High
"Hey team, charged twice. Regards.",Billing & Subscriptions,Neutral,Critical
"Hey team, I'm facing an issue where billing history inaccurate. I cleared cache, but nothing changed. ",Billing & Subscriptions,Angry,Critical
"Dear LearnSphere Support,

I am writing to formally report that charged twice. This problem has persisted for the last few days and is preventing me from using the platform effectively. I updated the application without success. I would appreciate it if your technical team could investigate this matter at the earliest.

Kind regards,
A Learner",Billing & Subscriptions,Neutral,High
"Hello,

I understand technical problems can happen, but charged twice. I have an upcoming deadline, so I'd be grateful if this could be resolved soon.

Thank you.",Billing & Subscriptions,Urgent,Critical
"subscrption... tax amount looks incorrect, plz fix. this keeps happening every time.",Billing & Subscriptions,Urgent,Critical
"This wasn't happening before. Since the latest update, family plan inactive. It's inconsistent�sometimes it works, sometimes it doesn't�which makes it difficult to continue my coursework.",Billing & Subscriptions,Confused,High
"I'm honestly disappointed. family plan inactive. I pay for this service because I rely on it every day, and repeated interruptions are affecting my assignments and preparation. Please provide a permanent solution rather than a temporary workaround.",Billing & Subscriptions,Angry,High
enterprise plan billed twice.,Billing & Subscriptions,Frustrated,Critical
"Hey team, wallet credit missing. This is affecting my learning.",Billing & Subscriptions,Neutral,Critical
"Good evening, I'm facing an issue where unexpected renewal. I tried another browser, but nothing changed. Regards.",Billing & Subscriptions,Confused,Critical
"Dear LearnSphere Support,

I am writing to formally report that student discount missing. This problem has persisted for the last few days and is preventing me from using the platform effectively. I even asked a classmate to verify the issue without success. I would appreciate it if your technical team could investigate this matter at the earliest.

Kind regards,
A Learner",Billing & Subscriptions,Urgent,Critical
"Hello,

I understand technical problems can happen, but enterprise plan billed twice. I have an upcoming deadline, so I'd be grateful if this could be resolved soon.

Thank you.",Billing & Subscriptions,Urgent,Critical
"vid... tax amount looks incorrect, plz fix. this keeps happening every time.",Billing & Subscriptions,Frustrated,High
"This wasn't happening before. Since the latest update, refund still pending. It's inconsistent�sometimes it works, sometimes it doesn't�which makes it difficult to continue my coursework.",Billing & Subscriptions,Urgent,High
"I'm honestly disappointed. payment deducted but failed. I pay for this service because I rely on it every day, and repeated interruptions are affecting my assignments and preparation. Please provide a permanent solution rather than a temporary workaround.",Billing & Subscriptions,Frustrated,Critical
enterprise plan billed twice.,Billing & Subscriptions,Confused,Critical
"Good evening, charged twice. Thank you.",Billing & Subscriptions,Confused,High
"Good evening, I'm facing an issue where billing history inaccurate. I logged out and back in, but nothing changed. Please escalate if necessary.",Billing & Subscriptions,Neutral,Critical
"Dear LearnSphere Support,

I am writing to formally report that coupon ignored. This problem has persisted for the last few days and is preventing me from using the platform effectively. I even asked a classmate to verify the issue without success. I would appreciate it if your technical team could investigate this matter at the earliest.

Kind regards,
A Learner",Billing & Subscriptions,Frustrated,Critical
"Hello,

I understand technical problems can happen, but subscription renewed unexpectedly. I have an upcoming deadline, so I'd be grateful if this could be resolved soon.

Thank you.",Billing & Subscriptions,Confused,High
"subscrption... enterprise plan billed twice, plz fix. this keeps happening every time.",Billing & Subscriptions,Frustrated,Critical
"This wasn't happening before. Since the latest update, payment deducted but failed. It's inconsistent�sometimes it works, sometimes it doesn't�which makes it difficult to continue my coursework.",Billing & Subscriptions,Confused,Critical
"I'm honestly disappointed. family plan inactive. I pay for this service because I rely on it every day, and repeated interruptions are affecting my assignments and preparation. Please provide a permanent solution rather than a temporary workaround.",Billing & Subscriptions,Frustrated,High
wallet credit missing.,Billing & Subscriptions,Angry,Critical
"Hi LearnSphere Team, wallet credit missing. Kindly resolve this soon.",Billing & Subscriptions,Angry,High
"Good evening, I'm facing an issue where duplicate transaction. I even asked a classmate to verify the issue, but nothing changed. Please escalate if necessary.",Billing & Subscriptions,Neutral,Critical
"Dear LearnSphere Support,

I am writing to formally report that payment deducted but failed. This problem has persisted for the last few days and is preventing me from using the platform effectively. I cleared cache without success. I would appreciate it if your technical team could investigate this matter at the earliest.

Kind regards,
A Learner",Billing & Subscriptions,Urgent,High
"Hello,

I understand technical problems can happen, but enterprise plan billed twice. I have an upcoming deadline, so I'd be grateful if this could be resolved soon.

Thank you.",Billing & Subscriptions,Angry,Critical
"vid... tax amount looks incorrect, plz fix. this keeps happening every time.",Billing & Subscriptions,Frustrated,High
"This wasn't happening before. Since the latest update, student discount missing. It's inconsistent�sometimes it works, sometimes it doesn't�which makes it difficult to continue my coursework.",Billing & Subscriptions,Confused,Critical
"I'm honestly disappointed. plan not upgraded. I pay for this service because I rely on it every day, and repeated interruptions are affecting my assignments and preparation. Please provide a permanent solution rather than a temporary workaround.",Billing & Subscriptions,Frustrated,High
enterprise plan billed twice.,Billing & Subscriptions,Urgent,High
"Good evening, family plan inactive. Please look into this.",Billing & Subscriptions,Frustrated,Critical
"Dear Support Team, I'm facing an issue where trial converted unexpectedly. I logged out and back in, but nothing changed. Thank you.",Billing & Subscriptions,Confused,High
"Dear LearnSphere Support,

I am writing to formally report that billing history inaccurate. This problem has persisted for the last few days and is preventing me from using the platform effectively. I tried another browser without success. I would appreciate it if your technical team could investigate this matter at the earliest.

Kind regards,
A Learner",Billing & Subscriptions,Urgent,Critical
"Hello,

I understand technical problems can happen, but refund still pending. I have an upcoming deadline, so I'd be grateful if this could be resolved soon.

Thank you.",Billing & Subscriptions,Frustrated,Critical
"idk... invoice unavailable, plz fix. this keeps happening every time.",Billing & Subscriptions,Confused,Critical
"This wasn't happening before. Since the latest update, wallet credit missing. It's inconsistent�sometimes it works, sometimes it doesn't�which makes it difficult to continue my coursework.",Billing & Subscriptions,Neutral,Critical
"I'm honestly disappointed. wrong currency charged. I pay for this service because I rely on it every day, and repeated interruptions are affecting my assignments and preparation. Please provide a permanent solution rather than a temporary workaround.",Billing & Subscriptions,Confused,High
family plan inactive.,Billing & Subscriptions,Neutral,High
"Hi LearnSphere Team, enterprise plan billed twice. ",Billing & Subscriptions,Angry,Critical
"Urgent: I'm facing an issue where payment gateway error. I reinstalled the app, but nothing changed. Regards.",Billing & Subscriptions,Urgent,Critical
"Dear LearnSphere Support,

I am writing to formally report that plan not upgraded. This problem has persisted for the last few days and is preventing me from using the platform effectively. I even asked a classmate to verify the issue without success. I would appreciate it if your technical team could investigate this matter at the earliest.

Kind regards,
A Learner",Billing & Subscriptions,Neutral,High
"Hello,

I understand technical problems can happen, but subscription renewed unexpectedly. I have an upcoming deadline, so I'd be grateful if this could be resolved soon.

Thank you.",Billing & Subscriptions,Urgent,High
"cnt... wrong currency charged, plz fix. this keeps happening every time.",Billing & Subscriptions,Neutral,Critical
"This wasn't happening before. Since the latest update, wrong currency charged. It's inconsistent�sometimes it works, sometimes it doesn't�which makes it difficult to continue my coursework.",Billing & Subscriptions,Frustrated,Critical
"I'm honestly disappointed. payment deducted but failed. I pay for this service because I rely on it every day, and repeated interruptions are affecting my assignments and preparation. Please provide a permanent solution rather than a temporary workaround.",Billing & Subscriptions,Frustrated,Critical
trial converted unexpectedly.,Billing & Subscriptions,Confused,Critical
"Hey team, subscription renewed unexpectedly. Please escalate if necessary.",Billing & Subscriptions,Confused,Critical
"Dear Support Team, I'm facing an issue where payment gateway error. I checked my email spam folder, but nothing changed. Looking forward to your response.",Billing & Subscriptions,Angry,Critical
"Dear LearnSphere Support,

I am writing to formally report that student discount missing. This problem has persisted for the last few days and is preventing me from using the platform effectively. I tried another browser without success. I would appreciate it if your technical team could investigate this matter at the earliest.

Kind regards,
A Learner",Billing & Subscriptions,Urgent,High
"Hello,

I understand technical problems can happen, but refund still pending. I have an upcoming deadline, so I'd be grateful if this could be resolved soon.

Thank you.",Billing & Subscriptions,Confused,High
"biling... refund still pending, plz fix. this keeps happening every time.",Billing & Subscriptions,Frustrated,Critical
"This wasn't happening before. Since the latest update, tax amount looks incorrect. It's inconsistent�sometimes it works, sometimes it doesn't�which makes it difficult to continue my coursework.",Billing & Subscriptions,Frustrated,High
"I'm honestly disappointed. auto-renew disabled but billed. I pay for this service because I rely on it every day, and repeated interruptions are affecting my assignments and preparation. Please provide a permanent solution rather than a temporary workaround.",Billing & Subscriptions,Angry,Critical
duplicate transaction.,Billing & Subscriptions,Urgent,Critical
I hope you're doing well. refund still pending. Kindly resolve this soon.,Billing & Subscriptions,Urgent,High
"Good evening, I'm facing an issue where charged twice. I even asked a classmate to verify the issue, but nothing changed. Thank you.",Billing & Subscriptions,Angry,High
"Dear LearnSphere Support,

I am writing to formally report that coupon ignored. This problem has persisted for the last few days and is preventing me from using the platform effectively. I updated the application without success. I would appreciate it if your technical team could investigate this matter at the earliest.

Kind regards,
A Learner",Billing & Subscriptions,Neutral,High
"Hello,

I understand technical problems can happen, but trial converted unexpectedly. I have an upcoming deadline, so I'd be grateful if this could be resolved soon.

Thank you.",Billing & Subscriptions,Neutral,High
"cnt... subscription renewed unexpectedly, plz fix. this keeps happening every time.",Billing & Subscriptions,Frustrated,High
"This wasn't happening before. Since the latest update, duplicate transaction. It's inconsistent�sometimes it works, sometimes it doesn't�which makes it difficult to continue my coursework.",Billing & Subscriptions,Frustrated,High
"I'm honestly disappointed. wallet credit missing. I pay for this service because I rely on it every day, and repeated interruptions are affecting my assignments and preparation. Please provide a permanent solution rather than a temporary workaround.",Billing & Subscriptions,Urgent,Critical
tax amount looks incorrect.,Billing & Subscriptions,Confused,High
"Dear Support Team, auto-renew disabled but billed. Please escalate if necessary.",Billing & Subscriptions,Frustrated,Critical
"To whom it may concern, I'm facing an issue where wrong currency charged. I tried another browser, but nothing changed. Regards.",Billing & Subscriptions,Confused,Critical
"Dear LearnSphere Support,

I am writing to formally report that duplicate transaction. This problem has persisted for the last few days and is preventing me from using the platform effectively. I logged out and back in without success. I would appreciate it if your technical team could investigate this matter at the earliest.

Kind regards,
A Learner",Billing & Subscriptions,Confused,Critical
"Hello,

I understand technical problems can happen, but coupon ignored. I have an upcoming deadline, so I'd be grateful if this could be resolved soon.

Thank you.",Billing & Subscriptions,Neutral,Critical
"subscrption... coupon ignored, plz fix. this keeps happening every time.",Billing & Subscriptions,Angry,Critical
"This wasn't happening before. Since the latest update, trial converted unexpectedly. It's inconsistent�sometimes it works, sometimes it doesn't�which makes it difficult to continue my coursework.",Billing & Subscriptions,Confused,High
"I'm honestly disappointed. family plan inactive. I pay for this service because I rely on it every day, and repeated interruptions are affecting my assignments and preparation. Please provide a permanent solution rather than a temporary workaround.",Billing & Subscriptions,Urgent,Critical
coupon ignored.,Billing & Subscriptions,Angry,Critical
"Hi LearnSphere Team, family plan inactive. Please look into this.",Billing & Subscriptions,Neutral,High
"Dear Support Team, I'm facing an issue where duplicate transaction. I checked my email spam folder, but nothing changed. Please look into this.",Billing & Subscriptions,Neutral,High
"Dear LearnSphere Support,

I am writing to formally report that tax amount looks incorrect. This problem has persisted for the last few days and is preventing me from using the platform effectively. I logged out and back in without success. I would appreciate it if your technical team could investigate this matter at the earliest.

Kind regards,
A Learner",Billing & Subscriptions,Frustrated,Critical
"Hello,

I understand technical problems can happen, but payment gateway error. I have an upcoming deadline, so I'd be grateful if this could be resolved soon.

Thank you.",Billing & Subscriptions,Urgent,High
"plz... student discount missing, plz fix. this keeps happening every time.",Billing & Subscriptions,Angry,Critical
"This wasn't happening before. Since the latest update, invoice unavailable. It's inconsistent�sometimes it works, sometimes it doesn't�which makes it difficult to continue my coursework.",Billing & Subscriptions,Confused,Critical
"I'm honestly disappointed. coupon ignored. I pay for this service because I rely on it every day, and repeated interruptions are affecting my assignments and preparation. Please provide a permanent solution rather than a temporary workaround.",Billing & Subscriptions,Urgent,High
wallet credit missing.,Billing & Subscriptions,Neutral,Critical
"To whom it may concern, subscription renewed unexpectedly. Kindly resolve this soon.",Billing & Subscriptions,Frustrated,Critical
"Dear Support Team, I'm facing an issue where billing history inaccurate. I even asked a classmate to verify the issue, but nothing changed. Thank you.",Billing & Subscriptions,Urgent,Critical
"Dear LearnSphere Support,

I am writing to formally report that refund still pending. This problem has persisted for the last few days and is preventing me from using the platform effectively. I updated the application without success. I would appreciate it if your technical team could investigate this matter at the earliest.

Kind regards,
A Learner",Billing & Subscriptions,Frustrated,High
"Hello,

I understand technical problems can happen, but plan not upgraded. I have an upcoming deadline, so I'd be grateful if this could be resolved soon.

Thank you.",Billing & Subscriptions,Neutral,Critical
"idk... unexpected renewal, plz fix. this keeps happening every time.",Billing & Subscriptions,Confused,High
"This wasn't happening before. Since the latest update, family plan inactive. It's inconsistent�sometimes it works, sometimes it doesn't�which makes it difficult to continue my coursework.",Billing & Subscriptions,Frustrated,Critical
"I'm honestly disappointed. duplicate transaction. I pay for this service because I rely on it every day, and repeated interruptions are affecting my assignments and preparation. Please provide a permanent solution rather than a temporary workaround.",Billing & Subscriptions,Frustrated,Critical
payment gateway error.,Billing & Subscriptions,Urgent,High
"Hey team, plan not upgraded. Kindly resolve this soon.",Billing & Subscriptions,Confused,High
"Urgent: I'm facing an issue where family plan inactive. I tried another browser, but nothing changed. Kindly resolve this soon.",Billing & Subscriptions,Angry,Critical
"Dear LearnSphere Support,

I am writing to formally report that family plan inactive. This problem has persisted for the last few days and is preventing me from using the platform effectively. I switched devices without success. I would appreciate it if your technical team could investigate this matter at the earliest.

Kind regards,
A Learner",Billing & Subscriptions,Confused,Critical
"Hello,

I understand technical problems can happen, but subscription renewed unexpectedly. I have an upcoming deadline, so I'd be grateful if this could be resolved soon.

Thank you.",Billing & Subscriptions,Angry,High
"subscrption... payment gateway error, plz fix. this keeps happening every time.",Billing & Subscriptions,Neutral,High
"This wasn't happening before. Since the latest update, family plan inactive. It's inconsistent�sometimes it works, sometimes it doesn't�which makes it difficult to continue my coursework.",Billing & Subscriptions,Urgent,Critical
"I'm honestly disappointed. invoice unavailable. I pay for this service because I rely on it every day, and repeated interruptions are affecting my assignments and preparation. Please provide a permanent solution rather than a temporary workaround.",Billing & Subscriptions,Confused,Critical
payment gateway error.,Billing & Subscriptions,Confused,Critical
"Good evening, family plan inactive. Kindly resolve this soon.",Billing & Subscriptions,Confused,High
"To whom it may concern, I'm facing an issue where enterprise plan billed twice. I logged out and back in, but nothing changed. Thank you.",Billing & Subscriptions,Frustrated,Critical
"Dear LearnSphere Support,

I am writing to formally report that unexpected renewal. This problem has persisted for the last few days and is preventing me from using the platform effectively. I logged out and back in without success. I would appreciate it if your technical team could investigate this matter at the earliest.

Kind regards,
A Learner",Billing & Subscriptions,Neutral,High
"Hello,

I understand technical problems can happen, but plan not upgraded. I have an upcoming deadline, so I'd be grateful if this could be resolved soon.

Thank you.",Billing & Subscriptions,Neutral,High
"pasword... receipt not generated, plz fix. this keeps happening every time.",Billing & Subscriptions,Neutral,Critical
"This wasn't happening before. Since the latest update, trial converted unexpectedly. It's inconsistent�sometimes it works, sometimes it doesn't�which makes it difficult to continue my coursework.",Billing & Subscriptions,Confused,Critical
"I'm honestly disappointed. refund still pending. I pay for this service because I rely on it every day, and repeated interruptions are affecting my assignments and preparation. Please provide a permanent solution rather than a temporary workaround.",Billing & Subscriptions,Confused,High
coupon ignored.,Billing & Subscriptions,Confused,High
"Hi LearnSphere Team, student discount missing. Kindly resolve this soon.",Billing & Subscriptions,Urgent,High
"Hi LearnSphere Team, I'm facing an issue where receipt not generated. I logged out and back in, but nothing changed. Thank you.",Billing & Subscriptions,Neutral,Critical
"Dear LearnSphere Support,

I am writing to formally report that billing history inaccurate. This problem has persisted for the last few days and is preventing me from using the platform effectively. I cleared cache without success. I would appreciate it if your technical team could investigate this matter at the earliest.

Kind regards,
A Learner",Billing & Subscriptions,Neutral,High
"Hello,

I understand technical problems can happen, but payment gateway error. I have an upcoming deadline, so I'd be grateful if this could be resolved soon.

Thank you.",Billing & Subscriptions,Confused,High
"cnt... payment gateway error, plz fix. this keeps happening every time.",Billing & Subscriptions,Urgent,Critical
"This wasn't happening before. Since the latest update, trial converted unexpectedly. It's inconsistent�sometimes it works, sometimes it doesn't�which makes it difficult to continue my coursework.",Billing & Subscriptions,Confused,High
"I'm honestly disappointed. family plan inactive. I pay for this service because I rely on it every day, and repeated interruptions are affecting my assignments and preparation. Please provide a permanent solution rather than a temporary workaround.",Billing & Subscriptions,Urgent,High
enterprise plan billed twice.,Billing & Subscriptions,Confused,High
"Good evening, receipt not generated. This is affecting my learning.",Billing & Subscriptions,Frustrated,Critical
"Hello Support, I'm facing an issue where charged twice. I updated the application, but nothing changed. This is affecting my learning.",Billing & Subscriptions,Neutral,High
"Dear LearnSphere Support,

I am writing to formally report that charged twice. This problem has persisted for the last few days and is preventing me from using the platform effectively. I checked my email spam folder without success. I would appreciate it if your technical team could investigate this matter at the earliest.

Kind regards,
A Learner",Billing & Subscriptions,Angry,High
"Hello,

I understand technical problems can happen, but family plan inactive. I have an upcoming deadline, so I'd be grateful if this could be resolved soon.

Thank you.",Billing & Subscriptions,Urgent,High
"asap... plan not upgraded, plz fix. this keeps happening every time.",Billing & Subscriptions,Urgent,High
"This wasn't happening before. Since the latest update, payment deducted but failed. It's inconsistent�sometimes it works, sometimes it doesn't�which makes it difficult to continue my coursework.",Billing & Subscriptions,Confused,Critical
"I'm honestly disappointed. payment gateway error. I pay for this service because I rely on it every day, and repeated interruptions are affecting my assignments and preparation. Please provide a permanent solution rather than a temporary workaround.",Billing & Subscriptions,Frustrated,High
wallet credit missing.,Billing & Subscriptions,Urgent,Critical
Urgent: plan not upgraded. Please escalate if necessary.,Billing & Subscriptions,Confused,High
"I hope you're doing well. I'm facing an issue where coupon ignored. I logged out and back in, but nothing changed. This is affecting my learning.",Billing & Subscriptions,Confused,Critical
"Dear LearnSphere Support,

I am writing to formally report that refund still pending. This problem has persisted for the last few days and is preventing me from using the platform effectively. I checked my email spam folder without success. I would appreciate it if your technical team could investigate this matter at the earliest.

Kind regards,
A Learner",Billing & Subscriptions,Angry,High
"Hello,

I understand technical problems can happen, but payment gateway error. I have an upcoming deadline, so I'd be grateful if this could be resolved soon.

Thank you.",Billing & Subscriptions,Neutral,High
"vid... invoice unavailable, plz fix. this keeps happening every time.",Billing & Subscriptions,Angry,High
"This wasn't happening before. Since the latest update, subscription renewed unexpectedly. It's inconsistent�sometimes it works, sometimes it doesn't�which makes it difficult to continue my coursework.",Billing & Subscriptions,Angry,High
"I'm honestly disappointed. unexpected renewal. I pay for this service because I rely on it every day, and repeated interruptions are affecting my assignments and preparation. Please provide a permanent solution rather than a temporary workaround.",Billing & Subscriptions,Confused,High
unexpected renewal.,Billing & Subscriptions,Neutral,Critical
"Hey team, wrong currency charged. Regards.",Billing & Subscriptions,Confused,High
"Hey team, I'm facing an issue where auto-renew disabled but billed. I reinstalled the app, but nothing changed. Regards.",Billing & Subscriptions,Neutral,High
"Dear LearnSphere Support,

I am writing to formally report that unexpected renewal. This problem has persisted for the last few days and is preventing me from using the platform effectively. I switched devices without success. I would appreciate it if your technical team could investigate this matter at the earliest.

Kind regards,
A Learner",Billing & Subscriptions,Urgent,High
"Hello,

I understand technical problems can happen, but plan not upgraded. I have an upcoming deadline, so I'd be grateful if this could be resolved soon.

Thank you.",Billing & Subscriptions,Frustrated,High
"vid... payment deducted but failed, plz fix. this keeps happening every time.",Billing & Subscriptions,Confused,High
"This wasn't happening before. Since the latest update, plan not upgraded. It's inconsistent�sometimes it works, sometimes it doesn't�which makes it difficult to continue my coursework.",Billing & Subscriptions,Angry,Critical
"I'm honestly disappointed. receipt not generated. I pay for this service because I rely on it every day, and repeated interruptions are affecting my assignments and preparation. Please provide a permanent solution rather than a temporary workaround.",Billing & Subscriptions,Angry,Critical
invoice unavailable.,Billing & Subscriptions,Confused,High
"Dear Support Team, invoice unavailable. Please look into this.",Billing & Subscriptions,Urgent,Critical
"Good evening, I'm facing an issue where trial converted unexpectedly. I reinstalled the app, but nothing changed. Kindly resolve this soon.",Billing & Subscriptions,Frustrated,Critical
"Dear LearnSphere Support,

I am writing to formally report that subscription renewed unexpectedly. This problem has persisted for the last few days and is preventing me from using the platform effectively. I even asked a classmate to verify the issue without success. I would appreciate it if your technical team could investigate this matter at the earliest.

Kind regards,
A Learner",Billing & Subscriptions,Confused,Critical
"Hello,

I understand technical problems can happen, but coupon ignored. I have an upcoming deadline, so I'd be grateful if this could be resolved soon.

Thank you.",Billing & Subscriptions,Confused,Critical
"asap... billing history inaccurate, plz fix. this keeps happening every time.",Billing & Subscriptions,Confused,High
"This wasn't happening before. Since the latest update, tax amount looks incorrect. It's inconsistent�sometimes it works, sometimes it doesn't�which makes it difficult to continue my coursework.",Billing & Subscriptions,Confused,High
"I'm honestly disappointed. unexpected renewal. I pay for this service because I rely on it every day, and repeated interruptions are affecting my assignments and preparation. Please provide a permanent solution rather than a temporary workaround.",Billing & Subscriptions,Frustrated,Critical
unexpected renewal.,Billing & Subscriptions,Confused,High
"Hello Support, tax amount looks incorrect. Regards.",Billing & Subscriptions,Angry,Critical
"Urgent: I'm facing an issue where plan not upgraded. I reinstalled the app, but nothing changed. Please escalate if necessary.",Billing & Subscriptions,Angry,High
"Dear LearnSphere Support,

I am writing to formally report that trial converted unexpectedly. This problem has persisted for the last few days and is preventing me from using the platform effectively. I updated the application without success. I would appreciate it if your technical team could investigate this matter at the earliest.

Kind regards,
A Learner",Billing & Subscriptions,Neutral,Critical
"Hello,

I understand technical problems can happen, but trial converted unexpectedly. I have an upcoming deadline, so I'd be grateful if this could be resolved soon.

Thank you.",Billing & Subscriptions,Urgent,High
"idk... duplicate transaction, plz fix. this keeps happening every time.",Billing & Subscriptions,Angry,Critical
"This wasn't happening before. Since the latest update, refund still pending. It's inconsistent�sometimes it works, sometimes it doesn't�which makes it difficult to continue my coursework.",Billing & Subscriptions,Confused,Critical
"I'm honestly disappointed. refund still pending. I pay for this service because I rely on it every day, and repeated interruptions are affecting my assignments and preparation. Please provide a permanent solution rather than a temporary workaround.",Billing & Subscriptions,Urgent,Critical
duplicate transaction.,Billing & Subscriptions,Frustrated,High
Urgent: receipt not generated. Please escalate if necessary.,Billing & Subscriptions,Neutral,Critical
"Dear Support Team, I'm facing an issue where wrong currency charged. I updated the application, but nothing changed. This is affecting my learning.",Billing & Subscriptions,Urgent,High
"Dear LearnSphere Support,

I am writing to formally report that duplicate transaction. This problem has persisted for the last few days and is preventing me from using the platform effectively. I switched devices without success. I would appreciate it if your technical team could investigate this matter at the earliest.

Kind regards,
A Learner",Billing & Subscriptions,Angry,Critical
"Hello,

I understand technical problems can happen, but subscription renewed unexpectedly. I have an upcoming deadline, so I'd be grateful if this could be resolved soon.

Thank you.",Billing & Subscriptions,Urgent,High
"pasword... payment deducted but failed, plz fix. this keeps happening every time.",Billing & Subscriptions,Angry,Critical
"This wasn't happening before. Since the latest update, plan not upgraded. It's inconsistent�sometimes it works, sometimes it doesn't�which makes it difficult to continue my coursework.",Billing & Subscriptions,Angry,High
"I'm honestly disappointed. payment deducted but failed. I pay for this service because I rely on it every day, and repeated interruptions are affecting my assignments and preparation. Please provide a permanent solution rather than a temporary workaround.",Billing & Subscriptions,Angry,High
wrong currency charged.,Billing & Subscriptions,Frustrated,Critical
"Dear Support Team, plan not upgraded. Thank you.",Billing & Subscriptions,Frustrated,High
"I hope you're doing well. I'm facing an issue where wrong currency charged. I tried another browser, but nothing changed. Please escalate if necessary.",Billing & Subscriptions,Urgent,High
"Dear LearnSphere Support,

I am writing to formally report that family plan inactive. This problem has persisted for the last few days and is preventing me from using the platform effectively. I updated the application without success. I would appreciate it if your technical team could investigate this matter at the earliest.

Kind regards,
A Learner",Billing & Subscriptions,Frustrated,High
"Hello,

I understand technical problems can happen, but plan not upgraded. I have an upcoming deadline, so I'd be grateful if this could be resolved soon.

Thank you.",Billing & Subscriptions,Urgent,High
"pasword... payment deducted but failed, plz fix. this keeps happening every time.",Billing & Subscriptions,Confused,High
"This wasn't happening before. Since the latest update, unexpected renewal. It's inconsistent�sometimes it works, sometimes it doesn't�which makes it difficult to continue my coursework.",Billing & Subscriptions,Neutral,Critical
"I'm honestly disappointed. wrong currency charged. I pay for this service because I rely on it every day, and repeated interruptions are affecting my assignments and preparation. Please provide a permanent solution rather than a temporary workaround.",Billing & Subscriptions,Neutral,High
student discount missing.,Billing & Subscriptions,Confused,High
 charged twice. Please look into this.,Billing & Subscriptions,Angry,Critical
"Hey team, I'm facing an issue where billing history inaccurate. I cleared cache, but nothing changed. ",Billing & Subscriptions,Confused,High
"Dear LearnSphere Support,

I am writing to formally report that auto-renew disabled but billed. This problem has persisted for the last few days and is preventing me from using the platform effectively. I even asked a classmate to verify the issue without success. I would appreciate it if your technical team could investigate this matter at the earliest.

Kind regards,
A Learner",Billing & Subscriptions,Angry,Critical
"Hello,

I understand technical problems can happen, but wrong currency charged. I have an upcoming deadline, so I'd be grateful if this could be resolved soon.

Thank you.",Billing & Subscriptions,Frustrated,High
"cnt... wallet credit missing, plz fix. this keeps happening every time.",Billing & Subscriptions,Urgent,High
"This wasn't happening before. Since the latest update, refund still pending. It's inconsistent�sometimes it works, sometimes it doesn't�which makes it difficult to continue my coursework.",Billing & Subscriptions,Confused,High
"I'm honestly disappointed. refund still pending. I pay for this service because I rely on it every day, and repeated interruptions are affecting my assignments and preparation. Please provide a permanent solution rather than a temporary workaround.",Billing & Subscriptions,Neutral,High
invoice unavailable.,Billing & Subscriptions,Frustrated,Critical
"Hello Support, plan not upgraded. Please look into this.",Billing & Subscriptions,Frustrated,Critical
"Dear Support Team, I'm facing an issue where payment deducted but failed. I checked my email spam folder, but nothing changed. Regards.",Billing & Subscriptions,Angry,Critical
"Dear LearnSphere Support,

I am writing to formally report that refund still pending. This problem has persisted for the last few days and is preventing me from using the platform effectively. I tried another browser without success. I would appreciate it if your technical team could investigate this matter at the earliest.

Kind regards,
A Learner",Billing & Subscriptions,Neutral,Critical
"Hello,

I understand technical problems can happen, but coupon ignored. I have an upcoming deadline, so I'd be grateful if this could be resolved soon.

Thank you.",Billing & Subscriptions,Angry,High
"idk... unexpected renewal, plz fix. this keeps happening every time.",Billing & Subscriptions,Neutral,Critical
"This wasn't happening before. Since the latest update, invoice unavailable. It's inconsistent�sometimes it works, sometimes it doesn't�which makes it difficult to continue my coursework.",Billing & Subscriptions,Frustrated,Critical
"I'm honestly disappointed. plan not upgraded. I pay for this service because I rely on it every day, and repeated interruptions are affecting my assignments and preparation. Please provide a permanent solution rather than a temporary workaround.",Billing & Subscriptions,Urgent,Critical
duplicate transaction.,Billing & Subscriptions,Confused,High
"Hi LearnSphere Team, trial converted unexpectedly. Thank you.",Billing & Subscriptions,Urgent,High
" I'm facing an issue where billing history inaccurate. I updated the application, but nothing changed. Looking forward to your response.",Billing & Subscriptions,Neutral,Critical
"Dear LearnSphere Support,

I am writing to formally report that invoice unavailable. This problem has persisted for the last few days and is preventing me from using the platform effectively. I even asked a classmate to verify the issue without success. I would appreciate it if your technical team could investigate this matter at the earliest.

Kind regards,
A Learner",Billing & Subscriptions,Urgent,Critical
"Hello,

I understand technical problems can happen, but billing history inaccurate. I have an upcoming deadline, so I'd be grateful if this could be resolved soon.

Thank you.",Billing & Subscriptions,Confused,High
"biling... receipt not generated, plz fix. this keeps happening every time.",Billing & Subscriptions,Frustrated,High
"This wasn't happening before. Since the latest update, charged twice. It's inconsistent�sometimes it works, sometimes it doesn't�which makes it difficult to continue my coursework.",Billing & Subscriptions,Angry,High
"I'm honestly disappointed. tax amount looks incorrect. I pay for this service because I rely on it every day, and repeated interruptions are affecting my assignments and preparation. Please provide a permanent solution rather than a temporary workaround.",Billing & Subscriptions,Urgent,Critical
unexpected renewal.,Billing & Subscriptions,Frustrated,Critical
"Hey team, coupon ignored. Kindly resolve this soon.",Billing & Subscriptions,Frustrated,High
" I'm facing an issue where receipt not generated. I tried another browser, but nothing changed. This is affecting my learning.",Billing & Subscriptions,Neutral,Critical
"Dear LearnSphere Support,

I am writing to formally report that charged twice. This problem has persisted for the last few days and is preventing me from using the platform effectively. I tried another browser without success. I would appreciate it if your technical team could investigate this matter at the earliest.

Kind regards,
A Learner",Billing & Subscriptions,Neutral,Critical
"Hello,

I understand technical problems can happen, but family plan inactive. I have an upcoming deadline, so I'd be grateful if this could be resolved soon.

Thank you.",Billing & Subscriptions,Urgent,High
"biling... payment deducted but failed, plz fix. this keeps happening every time.",Billing & Subscriptions,Neutral,Critical
"This wasn't happening before. Since the latest update, billing history inaccurate. It's inconsistent�sometimes it works, sometimes it doesn't�which makes it difficult to continue my coursework.",Billing & Subscriptions,Angry,High
"I'm honestly disappointed. invoice unavailable. I pay for this service because I rely on it every day, and repeated interruptions are affecting my assignments and preparation. Please provide a permanent solution rather than a temporary workaround.",Billing & Subscriptions,Angry,High
wrong currency charged.,Billing & Subscriptions,Urgent,Critical
"To whom it may concern, wrong currency charged. Please look into this.",Billing & Subscriptions,Urgent,Critical
"I hope you're doing well. I'm facing an issue where auto-renew disabled but billed. I cleared cache, but nothing changed. Kindly resolve this soon.",Billing & Subscriptions,Urgent,Critical
"Dear LearnSphere Support,

I am writing to formally report that coupon ignored. This problem has persisted for the last few days and is preventing me from using the platform effectively. I tried another browser without success. I would appreciate it if your technical team could investigate this matter at the earliest.

Kind regards,
A Learner",Billing & Subscriptions,Confused,Critical
"Hello,

I understand technical problems can happen, but charged twice. I have an upcoming deadline, so I'd be grateful if this could be resolved soon.

Thank you.",Billing & Subscriptions,Neutral,Critical
"pasword... payment gateway error, plz fix. this keeps happening every time.",Billing & Subscriptions,Urgent,Critical
"This wasn't happening before. Since the latest update, payment deducted but failed. It's inconsistent�sometimes it works, sometimes it doesn't�which makes it difficult to continue my coursework.",Billing & Subscriptions,Urgent,High
"I'm honestly disappointed. receipt not generated. I pay for this service because I rely on it every day, and repeated interruptions are affecting my assignments and preparation. Please provide a permanent solution rather than a temporary workaround.",Billing & Subscriptions,Neutral,High
enterprise plan billed twice.,Billing & Subscriptions,Angry,High
"Good evening, billing history inaccurate. Looking forward to your response.",Billing & Subscriptions,Angry,Critical
"Hey team, I'm facing an issue where tax amount looks incorrect. I checked my email spam folder, but nothing changed. Regards.",Billing & Subscriptions,Frustrated,Critical
"Dear LearnSphere Support,

I am writing to formally report that refund still pending. This problem has persisted for the last few days and is preventing me from using the platform effectively. I reinstalled the app without success. I would appreciate it if your technical team could investigate this matter at the earliest.

Kind regards,
A Learner",Billing & Subscriptions,Frustrated,Critical
"Hello,

I understand technical problems can happen, but duplicate transaction. I have an upcoming deadline, so I'd be grateful if this could be resolved soon.

Thank you.",Billing & Subscriptions,Frustrated,Critical
"pasword... duplicate transaction, plz fix. this keeps happening every time.",Billing & Subscriptions,Confused,Critical
"This wasn't happening before. Since the latest update, billing history inaccurate. It's inconsistent�sometimes it works, sometimes it doesn't�which makes it difficult to continue my coursework.",Billing & Subscriptions,Urgent,Critical
"I'm honestly disappointed. plan not upgraded. I pay for this service because I rely on it every day, and repeated interruptions are affecting my assignments and preparation. Please provide a permanent solution rather than a temporary workaround.",Billing & Subscriptions,Confused,High
duplicate transaction.,Billing & Subscriptions,Confused,High
Urgent: refund still pending. Please escalate if necessary.,Billing & Subscriptions,Urgent,High
" I'm facing an issue where charged twice. I cleared cache, but nothing changed. Thank you.",Billing & Subscriptions,Neutral,Critical
"Dear LearnSphere Support,

I am writing to formally report that refund still pending. This problem has persisted for the last few days and is preventing me from using the platform effectively. I tried another browser without success. I would appreciate it if your technical team could investigate this matter at the earliest.

Kind regards,
A Learner",Billing & Subscriptions,Urgent,Critical
"Hello,

I understand technical problems can happen, but charged twice. I have an upcoming deadline, so I'd be grateful if this could be resolved soon.

Thank you.",Billing & Subscriptions,Urgent,Critical
"vid... tax amount looks incorrect, plz fix. this keeps happening every time.",Billing & Subscriptions,Confused,High
"This wasn't happening before. Since the latest update, receipt not generated. It's inconsistent�sometimes it works, sometimes it doesn't�which makes it difficult to continue my coursework.",Billing & Subscriptions,Neutral,Critical
"I'm honestly disappointed. wrong currency charged. I pay for this service because I rely on it every day, and repeated interruptions are affecting my assignments and preparation. Please provide a permanent solution rather than a temporary workaround.",Billing & Subscriptions,Frustrated,Critical
invoice unavailable.,Billing & Subscriptions,Confused,Critical
"Hi LearnSphere Team, student discount missing. Thank you.",Billing & Subscriptions,Confused,Critical
"I hope you're doing well. I'm facing an issue where payment gateway error. I checked my email spam folder, but nothing changed. Regards.",Billing & Subscriptions,Neutral,High
"Dear LearnSphere Support,

I am writing to formally report that payment deducted but failed. This problem has persisted for the last few days and is preventing me from using the platform effectively. I tried another browser without success. I would appreciate it if your technical team could investigate this matter at the earliest.

Kind regards,
A Learner",Billing & Subscriptions,Neutral,Critical
"Hello,

I understand technical problems can happen, but payment gateway error. I have an upcoming deadline, so I'd be grateful if this could be resolved soon.

Thank you.",Billing & Subscriptions,Angry,High
"plz... invoice unavailable, plz fix. this keeps happening every time.",Billing & Subscriptions,Angry,High
"This wasn't happening before. Since the latest update, student discount missing. It's inconsistent�sometimes it works, sometimes it doesn't�which makes it difficult to continue my coursework.",Billing & Subscriptions,Angry,High
"I'm honestly disappointed. subscription renewed unexpectedly. I pay for this service because I rely on it every day, and repeated interruptions are affecting my assignments and preparation. Please provide a permanent solution rather than a temporary workaround.",Billing & Subscriptions,Angry,Critical
payment deducted but failed.,Billing & Subscriptions,Urgent,Critical
I hope you're doing well. trial converted unexpectedly. This is affecting my learning.,Billing & Subscriptions,Neutral,High
"Hello Support, I'm facing an issue where payment gateway error. I even asked a classmate to verify the issue, but nothing changed. Regards.",Billing & Subscriptions,Frustrated,Critical
"Dear LearnSphere Support,

I am writing to formally report that student discount missing. This problem has persisted for the last few days and is preventing me from using the platform effectively. I even asked a classmate to verify the issue without success. I would appreciate it if your technical team could investigate this matter at the earliest.

Kind regards,
A Learner",Billing & Subscriptions,Neutral,Critical
"Hello,

I understand technical problems can happen, but billing history inaccurate. I have an upcoming deadline, so I'd be grateful if this could be resolved soon.

Thank you.",Billing & Subscriptions,Confused,High
"cnt... invoice unavailable, plz fix. this keeps happening every time.",Billing & Subscriptions,Neutral,Critical
"This wasn't happening before. Since the latest update, payment deducted but failed. It's inconsistent�sometimes it works, sometimes it doesn't�which makes it difficult to continue my coursework.",Billing & Subscriptions,Neutral,Critical
"I'm honestly disappointed. wrong currency charged. I pay for this service because I rely on it every day, and repeated interruptions are affecting my assignments and preparation. Please provide a permanent solution rather than a temporary workaround.",Billing & Subscriptions,Angry,High
subscription renewed unexpectedly.,Billing & Subscriptions,Angry,High
Urgent: coupon ignored. ,Billing & Subscriptions,Confused,Critical
"Dear Support Team, I'm facing an issue where coupon ignored. I tried another browser, but nothing changed. Please escalate if necessary.",Billing & Subscriptions,Frustrated,Critical
"Dear LearnSphere Support,

I am writing to formally report that payment gateway error. This problem has persisted for the last few days and is preventing me from using the platform effectively. I tried another browser without success. I would appreciate it if your technical team could investigate this matter at the earliest.

Kind regards,
A Learner",Billing & Subscriptions,Neutral,Critical
"Hello,

I understand technical problems can happen, but family plan inactive. I have an upcoming deadline, so I'd be grateful if this could be resolved soon.

Thank you.",Billing & Subscriptions,Urgent,Critical
"biling... wallet credit missing, plz fix. this keeps happening every time.",Billing & Subscriptions,Urgent,High
"This wasn't happening before. Since the latest update, billing history inaccurate. It's inconsistent�sometimes it works, sometimes it doesn't�which makes it difficult to continue my coursework.",Billing & Subscriptions,Angry,High
"I'm honestly disappointed. plan not upgraded. I pay for this service because I rely on it every day, and repeated interruptions are affecting my assignments and preparation. Please provide a permanent solution rather than a temporary workaround.",Billing & Subscriptions,Confused,Critical
unexpected renewal.,Billing & Subscriptions,Urgent,Critical
"Good evening, payment gateway error. Regards.",Billing & Subscriptions,Frustrated,Critical
"Urgent: I'm facing an issue where student discount missing. I logged out and back in, but nothing changed. Thank you.",Billing & Subscriptions,Angry,High
"Dear LearnSphere Support,

I am writing to formally report that receipt not generated. This problem has persisted for the last few days and is preventing me from using the platform effectively. I updated the application without success. I would appreciate it if your technical team could investigate this matter at the earliest.

Kind regards,
A Learner",Billing & Subscriptions,Frustrated,High
"Hello,

I understand technical problems can happen, but trial converted unexpectedly. I have an upcoming deadline, so I'd be grateful if this could be resolved soon.

Thank you.",Billing & Subscriptions,Angry,Critical
"plz... billing history inaccurate, plz fix. this keeps happening every time.",Billing & Subscriptions,Frustrated,High
"This wasn't happening before. Since the latest update, invoice unavailable. It's inconsistent�sometimes it works, sometimes it doesn't�which makes it difficult to continue my coursework.",Billing & Subscriptions,Urgent,High
"I'm honestly disappointed. invoice unavailable. I pay for this service because I rely on it every day, and repeated interruptions are affecting my assignments and preparation. Please provide a permanent solution rather than a temporary workaround.",Billing & Subscriptions,Confused,Critical
payment gateway error.,Billing & Subscriptions,Neutral,Critical
Urgent: trial converted unexpectedly. Kindly resolve this soon.,Billing & Subscriptions,Confused,Critical
" I'm facing an issue where receipt not generated. I updated the application, but nothing changed. Looking forward to your response.",Billing & Subscriptions,Frustrated,High
"Dear LearnSphere Support,

I am writing to formally report that trial converted unexpectedly. This problem has persisted for the last few days and is preventing me from using the platform effectively. I updated the application without success. I would appreciate it if your technical team could investigate this matter at the earliest.

Kind regards,
A Learner",Billing & Subscriptions,Confused,Critical
"Hello,

I understand technical problems can happen, but refund still pending. I have an upcoming deadline, so I'd be grateful if this could be resolved soon.

Thank you.",Billing & Subscriptions,Neutral,High
"vid... charged twice, plz fix. this keeps happening every time.",Billing & Subscriptions,Frustrated,Critical
"This wasn't happening before. Since the latest update, charged twice. It's inconsistent�sometimes it works, sometimes it doesn't�which makes it difficult to continue my coursework.",Billing & Subscriptions,Confused,Critical
"I'm honestly disappointed. auto-renew disabled but billed. I pay for this service because I rely on it every day, and repeated interruptions are affecting my assignments and preparation. Please provide a permanent solution rather than a temporary workaround.",Billing & Subscriptions,Angry,Critical
family plan inactive.,Billing & Subscriptions,Angry,Critical
"Hey team, unexpected renewal. Kindly resolve this soon.",Billing & Subscriptions,Confused,Critical
"Good evening, I'm facing an issue where invoice unavailable. I updated the application, but nothing changed. Looking forward to your response.",Billing & Subscriptions,Angry,High
"Dear LearnSphere Support,

I am writing to formally report that receipt not generated. This problem has persisted for the last few days and is preventing me from using the platform effectively. I switched devices without success. I would appreciate it if your technical team could investigate this matter at the earliest.

Kind regards,
A Learner",Billing & Subscriptions,Confused,High
"Hello,

I understand technical problems can happen, but subscription renewed unexpectedly. I have an upcoming deadline, so I'd be grateful if this could be resolved soon.

Thank you.",Billing & Subscriptions,Frustrated,High
"subscrption... billing history inaccurate, plz fix. this keeps happening every time.",Billing & Subscriptions,Confused,High
"This wasn't happening before. Since the latest update, invoice unavailable. It's inconsistent�sometimes it works, sometimes it doesn't�which makes it difficult to continue my coursework.",Billing & Subscriptions,Angry,Critical
"I'm honestly disappointed. trial converted unexpectedly. I pay for this service because I rely on it every day, and repeated interruptions are affecting my assignments and preparation. Please provide a permanent solution rather than a temporary workaround.",Billing & Subscriptions,Angry,High
audio out of sync.,Platform Bugs & UI,Urgent,Medium
Urgent: mobile app closes. Please escalate if necessary.,Platform Bugs & UI,Neutral,Low
"To whom it may concern, I'm facing an issue where downloads fail. I cleared cache, but nothing changed. ",Platform Bugs & UI,Confused,High
"Dear LearnSphere Support,

I am writing to formally report that filter resets. This problem has persisted for the last few days and is preventing me from using the platform effectively. I checked my email spam folder without success. I would appreciate it if your technical team could investigate this matter at the earliest.

Kind regards,
A Learner",Platform Bugs & UI,Angry,High
"Hello,

I understand technical problems can happen, but dashboard won't load. I have an upcoming deadline, so I'd be grateful if this could be resolved soon.

Thank you.",Platform Bugs & UI,Neutral,Low
"asap... app crashes, plz fix. this keeps happening every time.",Platform Bugs & UI,Neutral,Low
"This wasn't happening before. Since the latest update, dashboard won't load. It's inconsistent�sometimes it works, sometimes it doesn't�which makes it difficult to continue my coursework.",Platform Bugs & UI,Angry,High
"I'm honestly disappointed. blank screen. I pay for this service because I rely on it every day, and repeated interruptions are affecting my assignments and preparation. Please provide a permanent solution rather than a temporary workaround.",Platform Bugs & UI,Confused,High
filter resets.,Platform Bugs & UI,Neutral,Medium
"Hello Support, filter resets. Thank you.",Platform Bugs & UI,Confused,Medium
"Hey team, I'm facing an issue where blank screen. I checked my email spam folder, but nothing changed. Please look into this.",Platform Bugs & UI,Neutral,High
"Dear LearnSphere Support,

I am writing to formally report that video freezes. This problem has persisted for the last few days and is preventing me from using the platform effectively. I even asked a classmate to verify the issue without success. I would appreciate it if your technical team could investigate this matter at the earliest.

Kind regards,
A Learner",Platform Bugs & UI,Angry,High
"Hello,

I understand technical problems can happen, but dark mode unreadable. I have an upcoming deadline, so I'd be grateful if this could be resolved soon.

Thank you.",Platform Bugs & UI,Urgent,High
"subscrption... theme changes randomly, plz fix. this keeps happening every time.",Platform Bugs & UI,Neutral,Medium
"This wasn't happening before. Since the latest update, offline sync fails. It's inconsistent�sometimes it works, sometimes it doesn't�which makes it difficult to continue my coursework.",Platform Bugs & UI,Confused,Low
"I'm honestly disappointed. page formatting broken. I pay for this service because I rely on it every day, and repeated interruptions are affecting my assignments and preparation. Please provide a permanent solution rather than a temporary workaround.",Platform Bugs & UI,Neutral,High
dashboard won't load.,Platform Bugs & UI,Neutral,Low
"Dear Support Team, dark mode unreadable. Please look into this.",Platform Bugs & UI,Neutral,High
"Hi LearnSphere Team, I'm facing an issue where page formatting broken. I checked my email spam folder, but nothing changed. ",Platform Bugs & UI,Frustrated,Low
"Dear LearnSphere Support,

I am writing to formally report that filter resets. This problem has persisted for the last few days and is preventing me from using the platform effectively. I tried another browser without success. I would appreciate it if your technical team could investigate this matter at the earliest.

Kind regards,
A Learner",Platform Bugs & UI,Neutral,Medium
"Hello,

I understand technical problems can happen, but search returns nothing. I have an upcoming deadline, so I'd be grateful if this could be resolved soon.

Thank you.",Platform Bugs & UI,Urgent,Medium
"cnt... calendar broken, plz fix. this keeps happening every time.",Platform Bugs & UI,Frustrated,High
"This wasn't happening before. Since the latest update, buttons overlap. It's inconsistent�sometimes it works, sometimes it doesn't�which makes it difficult to continue my coursework.",Platform Bugs & UI,Urgent,Low
"I'm honestly disappointed. dashboard won't load. I pay for this service because I rely on it every day, and repeated interruptions are affecting my assignments and preparation. Please provide a permanent solution rather than a temporary workaround.",Platform Bugs & UI,Confused,High
audio out of sync.,Platform Bugs & UI,Neutral,Low
"Good evening, calendar broken. ",Platform Bugs & UI,Confused,High
"I hope you're doing well. I'm facing an issue where app crashes. I tried another browser, but nothing changed. Regards.",Platform Bugs & UI,Urgent,Low
"Dear LearnSphere Support,

I am writing to formally report that dark mode unreadable. This problem has persisted for the last few days and is preventing me from using the platform effectively. I updated the application without success. I would appreciate it if your technical team could investigate this matter at the earliest.

Kind regards,
A Learner",Platform Bugs & UI,Angry,Low
"Hello,

I understand technical problems can happen, but audio out of sync. I have an upcoming deadline, so I'd be grateful if this could be resolved soon.

Thank you.",Platform Bugs & UI,Confused,Low
"vid... dashboard won't load, plz fix. this keeps happening every time.",Platform Bugs & UI,Frustrated,High
"This wasn't happening before. Since the latest update, calendar broken. It's inconsistent�sometimes it works, sometimes it doesn't�which makes it difficult to continue my coursework.",Platform Bugs & UI,Frustrated,Low
"I'm honestly disappointed. downloads fail. I pay for this service because I rely on it every day, and repeated interruptions are affecting my assignments and preparation. Please provide a permanent solution rather than a temporary workaround.",Platform Bugs & UI,Angry,Medium
dark mode unreadable.,Platform Bugs & UI,Neutral,Medium
"Good evening, mobile app closes. Please escalate if necessary.",Platform Bugs & UI,Angry,Medium
"Dear Support Team, I'm facing an issue where calendar broken. I updated the application, but nothing changed. Please look into this.",Platform Bugs & UI,Neutral,Medium
"Dear LearnSphere Support,

I am writing to formally report that spinner never stops. This problem has persisted for the last few days and is preventing me from using the platform effectively. I logged out and back in without success. I would appreciate it if your technical team could investigate this matter at the earliest.

Kind regards,
A Learner",Platform Bugs & UI,Urgent,High
"Hello,

I understand technical problems can happen, but app crashes. I have an upcoming deadline, so I'd be grateful if this could be resolved soon.

Thank you.",Platform Bugs & UI,Frustrated,High
"subscrption... quiz page reloads, plz fix. this keeps happening every time.",Platform Bugs & UI,Urgent,High
"This wasn't happening before. Since the latest update, calendar broken. It's inconsistent�sometimes it works, sometimes it doesn't�which makes it difficult to continue my coursework.",Platform Bugs & UI,Neutral,Medium
"I'm honestly disappointed. calendar broken. I pay for this service because I rely on it every day, and repeated interruptions are affecting my assignments and preparation. Please provide a permanent solution rather than a temporary workaround.",Platform Bugs & UI,Frustrated,Medium
dashboard won't load.,Platform Bugs & UI,Angry,Medium
"Good evening, discussion page hangs. Looking forward to your response.",Platform Bugs & UI,Confused,Medium
"Hi LearnSphere Team, I'm facing an issue where mobile app closes. I cleared cache, but nothing changed. Thank you.",Platform Bugs & UI,Frustrated,Medium
"Dear LearnSphere Support,

I am writing to formally report that buttons overlap. This problem has persisted for the last few days and is preventing me from using the platform effectively. I tried another browser without success. I would appreciate it if your technical team could investigate this matter at the earliest.

Kind regards,
A Learner",Platform Bugs & UI,Angry,Medium
"Hello,

I understand technical problems can happen, but discussion page hangs. I have an upcoming deadline, so I'd be grateful if this could be resolved soon.

Thank you.",Platform Bugs & UI,Neutral,Medium
"plz... captions overlap controls, plz fix. this keeps happening every time.",Platform Bugs & UI,Frustrated,High
"This wasn't happening before. Since the latest update, blank screen. It's inconsistent�sometimes it works, sometimes it doesn't�which makes it difficult to continue my coursework.",Platform Bugs & UI,Frustrated,High
"I'm honestly disappointed. captions overlap controls. I pay for this service because I rely on it every day, and repeated interruptions are affecting my assignments and preparation. Please provide a permanent solution rather than a temporary workaround.",Platform Bugs & UI,Urgent,High
buttons overlap.,Platform Bugs & UI,Frustrated,Low
"Dear Support Team, page formatting broken. Please escalate if necessary.",Platform Bugs & UI,Urgent,Low
"Dear Support Team, I'm facing an issue where buttons overlap. I checked my email spam folder, but nothing changed. This is affecting my learning.",Platform Bugs & UI,Angry,High
"Dear LearnSphere Support,

I am writing to formally report that blank screen. This problem has persisted for the last few days and is preventing me from using the platform effectively. I even asked a classmate to verify the issue without success. I would appreciate it if your technical team could investigate this matter at the earliest.

Kind regards,
A Learner",Platform Bugs & UI,Neutral,Medium
"Hello,

I understand technical problems can happen, but theme changes randomly. I have an upcoming deadline, so I'd be grateful if this could be resolved soon.

Thank you.",Platform Bugs & UI,Neutral,Low
"cnt... blank screen, plz fix. this keeps happening every time.",Platform Bugs & UI,Frustrated,Medium
"This wasn't happening before. Since the latest update, spinner never stops. It's inconsistent�sometimes it works, sometimes it doesn't�which makes it difficult to continue my coursework.",Platform Bugs & UI,Neutral,Low
"I'm honestly disappointed. calendar broken. I pay for this service because I rely on it every day, and repeated interruptions are affecting my assignments and preparation. Please provide a permanent solution rather than a temporary workaround.",Platform Bugs & UI,Neutral,Low
audio out of sync.,Platform Bugs & UI,Frustrated,Medium
"To whom it may concern, captions overlap controls. Regards.",Platform Bugs & UI,Angry,Low
"Hey team, I'm facing an issue where search returns nothing. I updated the application, but nothing changed. Kindly resolve this soon.",Platform Bugs & UI,Urgent,High
"Dear LearnSphere Support,

I am writing to formally report that buttons overlap. This problem has persisted for the last few days and is preventing me from using the platform effectively. I even asked a classmate to verify the issue without success. I would appreciate it if your technical team could investigate this matter at the earliest.

Kind regards,
A Learner",Platform Bugs & UI,Neutral,Low
"Hello,

I understand technical problems can happen, but app crashes. I have an upcoming deadline, so I'd be grateful if this could be resolved soon.

Thank you.",Platform Bugs & UI,Frustrated,Low
"cnt... dashboard won't load, plz fix. this keeps happening every time.",Platform Bugs & UI,Angry,Low
"This wasn't happening before. Since the latest update, dark mode unreadable. It's inconsistent�sometimes it works, sometimes it doesn't�which makes it difficult to continue my coursework.",Platform Bugs & UI,Confused,High
"I'm honestly disappointed. video freezes. I pay for this service because I rely on it every day, and repeated interruptions are affecting my assignments and preparation. Please provide a permanent solution rather than a temporary workaround.",Platform Bugs & UI,Frustrated,High
spinner never stops.,Platform Bugs & UI,Neutral,Low
"To whom it may concern, theme changes randomly. Please look into this.",Platform Bugs & UI,Urgent,High
"Urgent: I'm facing an issue where dark mode unreadable. I updated the application, but nothing changed. Please escalate if necessary.",Platform Bugs & UI,Frustrated,High
"Dear LearnSphere Support,

I am writing to formally report that discussion page hangs. This problem has persisted for the last few days and is preventing me from using the platform effectively. I cleared cache without success. I would appreciate it if your technical team could investigate this matter at the earliest.

Kind regards,
A Learner",Platform Bugs & UI,Angry,High
"Hello,

I understand technical problems can happen, but dark mode unreadable. I have an upcoming deadline, so I'd be grateful if this could be resolved soon.

Thank you.",Platform Bugs & UI,Frustrated,High
"vid... mobile app closes, plz fix. this keeps happening every time.",Platform Bugs & UI,Neutral,High
"This wasn't happening before. Since the latest update, offline sync fails. It's inconsistent�sometimes it works, sometimes it doesn't�which makes it difficult to continue my coursework.",Platform Bugs & UI,Angry,Low
"I'm honestly disappointed. blank screen. I pay for this service because I rely on it every day, and repeated interruptions are affecting my assignments and preparation. Please provide a permanent solution rather than a temporary workaround.",Platform Bugs & UI,Neutral,High
theme changes randomly.,Platform Bugs & UI,Frustrated,Medium
"Good evening, offline sync fails. Regards.",Platform Bugs & UI,Urgent,Low
"Good evening, I'm facing an issue where spinner never stops. I checked my email spam folder, but nothing changed. Please escalate if necessary.",Platform Bugs & UI,Frustrated,High
"Dear LearnSphere Support,

I am writing to formally report that quiz page reloads. This problem has persisted for the last few days and is preventing me from using the platform effectively. I even asked a classmate to verify the issue without success. I would appreciate it if your technical team could investigate this matter at the earliest.

Kind regards,
A Learner",Platform Bugs & UI,Frustrated,High
"Hello,

I understand technical problems can happen, but audio out of sync. I have an upcoming deadline, so I'd be grateful if this could be resolved soon.

Thank you.",Platform Bugs & UI,Confused,Low
"biling... app crashes, plz fix. this keeps happening every time.",Platform Bugs & UI,Frustrated,High
"This wasn't happening before. Since the latest update, dashboard won't load. It's inconsistent�sometimes it works, sometimes it doesn't�which makes it difficult to continue my coursework.",Platform Bugs & UI,Confused,Medium
"I'm honestly disappointed. spinner never stops. I pay for this service because I rely on it every day, and repeated interruptions are affecting my assignments and preparation. Please provide a permanent solution rather than a temporary workaround.",Platform Bugs & UI,Frustrated,High
offline sync fails.,Platform Bugs & UI,Angry,High
"Hi LearnSphere Team, audio out of sync. Please look into this.",Platform Bugs & UI,Neutral,Low
"Hi LearnSphere Team, I'm facing an issue where theme changes randomly. I updated the application, but nothing changed. Thank you.",Platform Bugs & UI,Confused,High
"Dear LearnSphere Support,

I am writing to formally report that filter resets. This problem has persisted for the last few days and is preventing me from using the platform effectively. I even asked a classmate to verify the issue without success. I would appreciate it if your technical team could investigate this matter at the earliest.

Kind regards,
A Learner",Platform Bugs & UI,Urgent,Low
"Hello,

I understand technical problems can happen, but dashboard won't load. I have an upcoming deadline, so I'd be grateful if this could be resolved soon.

Thank you.",Platform Bugs & UI,Confused,Low
"pasword... app crashes, plz fix. this keeps happening every time.",Platform Bugs & UI,Angry,High
"This wasn't happening before. Since the latest update, video freezes. It's inconsistent�sometimes it works, sometimes it doesn't�which makes it difficult to continue my coursework.",Platform Bugs & UI,Angry,High
"I'm honestly disappointed. app crashes. I pay for this service because I rely on it every day, and repeated interruptions are affecting my assignments and preparation. Please provide a permanent solution rather than a temporary workaround.",Platform Bugs & UI,Confused,High
search returns nothing.,Platform Bugs & UI,Frustrated,Low
 app crashes. Thank you.,Platform Bugs & UI,Angry,High
"Hello Support, I'm facing an issue where downloads fail. I tried another browser, but nothing changed. Thank you.",Platform Bugs & UI,Angry,High
"Dear LearnSphere Support,

I am writing to formally report that page formatting broken. This problem has persisted for the last few days and is preventing me from using the platform effectively. I reinstalled the app without success. I would appreciate it if your technical team could investigate this matter at the earliest.

Kind regards,
A Learner",Platform Bugs & UI,Frustrated,Low
"Hello,

I understand technical problems can happen, but notifications don't open. I have an upcoming deadline, so I'd be grateful if this could be resolved soon.

Thank you.",Platform Bugs & UI,Neutral,High
"vid... spinner never stops, plz fix. this keeps happening every time.",Platform Bugs & UI,Frustrated,High
"This wasn't happening before. Since the latest update, dashboard won't load. It's inconsistent�sometimes it works, sometimes it doesn't�which makes it difficult to continue my coursework.",Platform Bugs & UI,Urgent,Low
"I'm honestly disappointed. theme changes randomly. I pay for this service because I rely on it every day, and repeated interruptions are affecting my assignments and preparation. Please provide a permanent solution rather than a temporary workaround.",Platform Bugs & UI,Confused,Low
dashboard won't load.,Platform Bugs & UI,Confused,Medium
"Hello Support, blank screen. This is affecting my learning.",Platform Bugs & UI,Confused,Medium
"I hope you're doing well. I'm facing an issue where downloads fail. I switched devices, but nothing changed. ",Platform Bugs & UI,Confused,High
"Dear LearnSphere Support,

I am writing to formally report that app crashes. This problem has persisted for the last few days and is preventing me from using the platform effectively. I switched devices without success. I would appreciate it if your technical team could investigate this matter at the earliest.

Kind regards,
A Learner",Platform Bugs & UI,Frustrated,High
"Hello,

I understand technical problems can happen, but page formatting broken. I have an upcoming deadline, so I'd be grateful if this could be resolved soon.

Thank you.",Platform Bugs & UI,Angry,Low
"asap... video freezes, plz fix. this keeps happening every time.",Platform Bugs & UI,Frustrated,Low
"This wasn't happening before. Since the latest update, video freezes. It's inconsistent�sometimes it works, sometimes it doesn't�which makes it difficult to continue my coursework.",Platform Bugs & UI,Confused,Low
"I'm honestly disappointed. dashboard won't load. I pay for this service because I rely on it every day, and repeated interruptions are affecting my assignments and preparation. Please provide a permanent solution rather than a temporary workaround.",Platform Bugs & UI,Neutral,Medium
dark mode unreadable.,Platform Bugs & UI,Confused,Low
 search returns nothing. ,Platform Bugs & UI,Angry,Low
"Hi LearnSphere Team, I'm facing an issue where downloads fail. I switched devices, but nothing changed. ",Platform Bugs & UI,Urgent,Low
"Dear LearnSphere Support,

I am writing to formally report that offline sync fails. This problem has persisted for the last few days and is preventing me from using the platform effectively. I logged out and back in without success. I would appreciate it if your technical team could investigate this matter at the earliest.

Kind regards,
A Learner",Platform Bugs & UI,Angry,Low
"Hello,

I understand technical problems can happen, but mobile app closes. I have an upcoming deadline, so I'd be grateful if this could be resolved soon.

Thank you.",Platform Bugs & UI,Confused,Low
"idk... buttons overlap, plz fix. this keeps happening every time.",Platform Bugs & UI,Urgent,Medium
"This wasn't happening before. Since the latest update, mobile app closes. It's inconsistent�sometimes it works, sometimes it doesn't�which makes it difficult to continue my coursework.",Platform Bugs & UI,Urgent,Low
"I'm honestly disappointed. audio out of sync. I pay for this service because I rely on it every day, and repeated interruptions are affecting my assignments and preparation. Please provide a permanent solution rather than a temporary workaround.",Platform Bugs & UI,Confused,Medium
app crashes.,Platform Bugs & UI,Confused,Low
Urgent: search returns nothing. ,Platform Bugs & UI,Confused,Low
"Hi LearnSphere Team, I'm facing an issue where app crashes. I logged out and back in, but nothing changed. This is affecting my learning.",Platform Bugs & UI,Confused,Medium
"Dear LearnSphere Support,

I am writing to formally report that calendar broken. This problem has persisted for the last few days and is preventing me from using the platform effectively. I logged out and back in without success. I would appreciate it if your technical team could investigate this matter at the earliest.

Kind regards,
A Learner",Platform Bugs & UI,Urgent,Medium
"Hello,

I understand technical problems can happen, but app crashes. I have an upcoming deadline, so I'd be grateful if this could be resolved soon.

Thank you.",Platform Bugs & UI,Frustrated,High
"pasword... app crashes, plz fix. this keeps happening every time.",Platform Bugs & UI,Confused,Low
"This wasn't happening before. Since the latest update, dark mode unreadable. It's inconsistent�sometimes it works, sometimes it doesn't�which makes it difficult to continue my coursework.",Platform Bugs & UI,Urgent,Low
"I'm honestly disappointed. blank screen. I pay for this service because I rely on it every day, and repeated interruptions are affecting my assignments and preparation. Please provide a permanent solution rather than a temporary workaround.",Platform Bugs & UI,Confused,High
audio out of sync.,Platform Bugs & UI,Urgent,High
"To whom it may concern, theme changes randomly. Kindly resolve this soon.",Platform Bugs & UI,Neutral,Low
"I hope you're doing well. I'm facing an issue where buttons overlap. I reinstalled the app, but nothing changed. Thank you.",Platform Bugs & UI,Confused,High
"Dear LearnSphere Support,

I am writing to formally report that notifications don't open. This problem has persisted for the last few days and is preventing me from using the platform effectively. I reinstalled the app without success. I would appreciate it if your technical team could investigate this matter at the earliest.

Kind regards,
A Learner",Platform Bugs & UI,Angry,Low
"Hello,

I understand technical problems can happen, but blank screen. I have an upcoming deadline, so I'd be grateful if this could be resolved soon.

Thank you.",Platform Bugs & UI,Angry,High
"plz... dark mode unreadable, plz fix. this keeps happening every time.",Platform Bugs & UI,Angry,Low
"This wasn't happening before. Since the latest update, captions overlap controls. It's inconsistent�sometimes it works, sometimes it doesn't�which makes it difficult to continue my coursework.",Platform Bugs & UI,Urgent,Medium
"I'm honestly disappointed. downloads fail. I pay for this service because I rely on it every day, and repeated interruptions are affecting my assignments and preparation. Please provide a permanent solution rather than a temporary workaround.",Platform Bugs & UI,Angry,Medium
search returns nothing.,Platform Bugs & UI,Angry,High
I hope you're doing well. captions overlap controls. This is affecting my learning.,Platform Bugs & UI,Confused,Medium
"Hi LearnSphere Team, I'm facing an issue where search returns nothing. I cleared cache, but nothing changed. This is affecting my learning.",Platform Bugs & UI,Confused,Low
"Dear LearnSphere Support,

I am writing to formally report that audio out of sync. This problem has persisted for the last few days and is preventing me from using the platform effectively. I even asked a classmate to verify the issue without success. I would appreciate it if your technical team could investigate this matter at the earliest.

Kind regards,
A Learner",Platform Bugs & UI,Angry,Low
"Hello,

I understand technical problems can happen, but theme changes randomly. I have an upcoming deadline, so I'd be grateful if this could be resolved soon.

Thank you.",Platform Bugs & UI,Confused,Medium
"pasword... page formatting broken, plz fix. this keeps happening every time.",Platform Bugs & UI,Urgent,Low
"This wasn't happening before. Since the latest update, dashboard won't load. It's inconsistent�sometimes it works, sometimes it doesn't�which makes it difficult to continue my coursework.",Platform Bugs & UI,Urgent,Low
"I'm honestly disappointed. blank screen. I pay for this service because I rely on it every day, and repeated interruptions are affecting my assignments and preparation. Please provide a permanent solution rather than a temporary workaround.",Platform Bugs & UI,Angry,High
dark mode unreadable.,Platform Bugs & UI,Confused,High
Urgent: dark mode unreadable. This is affecting my learning.,Platform Bugs & UI,Frustrated,High
"Good evening, I'm facing an issue where notifications don't open. I reinstalled the app, but nothing changed. Looking forward to your response.",Platform Bugs & UI,Angry,High
"Dear LearnSphere Support,

I am writing to formally report that discussion page hangs. This problem has persisted for the last few days and is preventing me from using the platform effectively. I switched devices without success. I would appreciate it if your technical team could investigate this matter at the earliest.

Kind regards,
A Learner",Platform Bugs & UI,Urgent,Low
"Hello,

I understand technical problems can happen, but notifications don't open. I have an upcoming deadline, so I'd be grateful if this could be resolved soon.

Thank you.",Platform Bugs & UI,Frustrated,Low
"plz... dark mode unreadable, plz fix. this keeps happening every time.",Platform Bugs & UI,Angry,High
"This wasn't happening before. Since the latest update, spinner never stops. It's inconsistent�sometimes it works, sometimes it doesn't�which makes it difficult to continue my coursework.",Platform Bugs & UI,Angry,High
"I'm honestly disappointed. buttons overlap. I pay for this service because I rely on it every day, and repeated interruptions are affecting my assignments and preparation. Please provide a permanent solution rather than a temporary workaround.",Platform Bugs & UI,Angry,Medium
discussion page hangs.,Platform Bugs & UI,Frustrated,High
"To whom it may concern, video freezes. Kindly resolve this soon.",Platform Bugs & UI,Confused,Medium
"Good evening, I'm facing an issue where offline sync fails. I tried another browser, but nothing changed. Please look into this.",Platform Bugs & UI,Angry,High
"Dear LearnSphere Support,

I am writing to formally report that offline sync fails. This problem has persisted for the last few days and is preventing me from using the platform effectively. I switched devices without success. I would appreciate it if your technical team could investigate this matter at the earliest.

Kind regards,
A Learner",Platform Bugs & UI,Angry,High
"Hello,

I understand technical problems can happen, but dashboard won't load. I have an upcoming deadline, so I'd be grateful if this could be resolved soon.

Thank you.",Platform Bugs & UI,Frustrated,Medium
"pasword... audio out of sync, plz fix. this keeps happening every time.",Platform Bugs & UI,Angry,Low
"This wasn't happening before. Since the latest update, quiz page reloads. It's inconsistent�sometimes it works, sometimes it doesn't�which makes it difficult to continue my coursework.",Platform Bugs & UI,Angry,High
"I'm honestly disappointed. video freezes. I pay for this service because I rely on it every day, and repeated interruptions are affecting my assignments and preparation. Please provide a permanent solution rather than a temporary workaround.",Platform Bugs & UI,Frustrated,Medium
theme changes randomly.,Platform Bugs & UI,Urgent,Low
"To whom it may concern, offline sync fails. This is affecting my learning.",Platform Bugs & UI,Urgent,High
"Good evening, I'm facing an issue where dashboard won't load. I tried another browser, but nothing changed. Looking forward to your response.",Platform Bugs & UI,Frustrated,High
"Dear LearnSphere Support,

I am writing to formally report that quiz page reloads. This problem has persisted for the last few days and is preventing me from using the platform effectively. I cleared cache without success. I would appreciate it if your technical team could investigate this matter at the earliest.

Kind regards,
A Learner",Platform Bugs & UI,Frustrated,Medium
"Hello,

I understand technical problems can happen, but quiz page reloads. I have an upcoming deadline, so I'd be grateful if this could be resolved soon.

Thank you.",Platform Bugs & UI,Angry,High
"vid... app crashes, plz fix. this keeps happening every time.",Platform Bugs & UI,Neutral,Low
"This wasn't happening before. Since the latest update, mobile app closes. It's inconsistent�sometimes it works, sometimes it doesn't�which makes it difficult to continue my coursework.",Platform Bugs & UI,Frustrated,High
"I'm honestly disappointed. captions overlap controls. I pay for this service because I rely on it every day, and repeated interruptions are affecting my assignments and preparation. Please provide a permanent solution rather than a temporary workaround.",Platform Bugs & UI,Confused,Medium
discussion page hangs.,Platform Bugs & UI,Urgent,Low
"Good evening, dark mode unreadable. Kindly resolve this soon.",Platform Bugs & UI,Neutral,Medium
"Hey team, I'm facing an issue where calendar broken. I updated the application, but nothing changed. This is affecting my learning.",Platform Bugs & UI,Frustrated,Low
"Dear LearnSphere Support,

I am writing to formally report that quiz page reloads. This problem has persisted for the last few days and is preventing me from using the platform effectively. I logged out and back in without success. I would appreciate it if your technical team could investigate this matter at the earliest.

Kind regards,
A Learner",Platform Bugs & UI,Angry,Medium
"Hello,

I understand technical problems can happen, but filter resets. I have an upcoming deadline, so I'd be grateful if this could be resolved soon.

Thank you.",Platform Bugs & UI,Urgent,Low
"cnt... dark mode unreadable, plz fix. this keeps happening every time.",Platform Bugs & UI,Angry,High
"This wasn't happening before. Since the latest update, quiz page reloads. It's inconsistent�sometimes it works, sometimes it doesn't�which makes it difficult to continue my coursework.",Platform Bugs & UI,Frustrated,Low
"I'm honestly disappointed. audio out of sync. I pay for this service because I rely on it every day, and repeated interruptions are affecting my assignments and preparation. Please provide a permanent solution rather than a temporary workaround.",Platform Bugs & UI,Frustrated,Low
spinner never stops.,Platform Bugs & UI,Confused,Medium
"Hello Support, blank screen. Regards.",Platform Bugs & UI,Neutral,Low
"Urgent: I'm facing an issue where search returns nothing. I switched devices, but nothing changed. Kindly resolve this soon.",Platform Bugs & UI,Urgent,High
"Dear LearnSphere Support,

I am writing to formally report that video freezes. This problem has persisted for the last few days and is preventing me from using the platform effectively. I checked my email spam folder without success. I would appreciate it if your technical team could investigate this matter at the earliest.

Kind regards,
A Learner",Platform Bugs & UI,Angry,High
"Hello,

I understand technical problems can happen, but mobile app closes. I have an upcoming deadline, so I'd be grateful if this could be resolved soon.

Thank you.",Platform Bugs & UI,Confused,Medium
"subscrption... quiz page reloads, plz fix. this keeps happening every time.",Platform Bugs & UI,Angry,High
"This wasn't happening before. Since the latest update, video freezes. It's inconsistent�sometimes it works, sometimes it doesn't�which makes it difficult to continue my coursework.",Platform Bugs & UI,Neutral,Low
"I'm honestly disappointed. blank screen. I pay for this service because I rely on it every day, and repeated interruptions are affecting my assignments and preparation. Please provide a permanent solution rather than a temporary workaround.",Platform Bugs & UI,Frustrated,Low
filter resets.,Platform Bugs & UI,Neutral,Medium
I hope you're doing well. dashboard won't load. Looking forward to your response.,Platform Bugs & UI,Angry,High
"Hey team, I'm facing an issue where filter resets. I even asked a classmate to verify the issue, but nothing changed. ",Platform Bugs & UI,Neutral,High
"Dear LearnSphere Support,

I am writing to formally report that search returns nothing. This problem has persisted for the last few days and is preventing me from using the platform effectively. I checked my email spam folder without success. I would appreciate it if your technical team could investigate this matter at the earliest.

Kind regards,
A Learner",Platform Bugs & UI,Confused,Medium
"Hello,

I understand technical problems can happen, but discussion page hangs. I have an upcoming deadline, so I'd be grateful if this could be resolved soon.

Thank you.",Platform Bugs & UI,Angry,Medium
"plz... offline sync fails, plz fix. this keeps happening every time.",Platform Bugs & UI,Confused,Medium
"This wasn't happening before. Since the latest update, offline sync fails. It's inconsistent�sometimes it works, sometimes it doesn't�which makes it difficult to continue my coursework.",Platform Bugs & UI,Angry,Low
"I'm honestly disappointed. page formatting broken. I pay for this service because I rely on it every day, and repeated interruptions are affecting my assignments and preparation. Please provide a permanent solution rather than a temporary workaround.",Platform Bugs & UI,Confused,High
mobile app closes.,Platform Bugs & UI,Neutral,Low
"Dear Support Team, downloads fail. Regards.",Platform Bugs & UI,Confused,Low
"I hope you're doing well. I'm facing an issue where app crashes. I switched devices, but nothing changed. ",Platform Bugs & UI,Neutral,Medium
"Dear LearnSphere Support,

I am writing to formally report that downloads fail. This problem has persisted for the last few days and is preventing me from using the platform effectively. I reinstalled the app without success. I would appreciate it if your technical team could investigate this matter at the earliest.

Kind regards,
A Learner",Platform Bugs & UI,Urgent,High
"Hello,

I understand technical problems can happen, but app crashes. I have an upcoming deadline, so I'd be grateful if this could be resolved soon.

Thank you.",Platform Bugs & UI,Neutral,Medium
"vid... search returns nothing, plz fix. this keeps happening every time.",Platform Bugs & UI,Angry,High
"This wasn't happening before. Since the latest update, downloads fail. It's inconsistent�sometimes it works, sometimes it doesn't�which makes it difficult to continue my coursework.",Platform Bugs & UI,Urgent,Medium
"I'm honestly disappointed. buttons overlap. I pay for this service because I rely on it every day, and repeated interruptions are affecting my assignments and preparation. Please provide a permanent solution rather than a temporary workaround.",Platform Bugs & UI,Frustrated,Medium
dark mode unreadable.,Platform Bugs & UI,Confused,Medium
"Dear Support Team, theme changes randomly. Please look into this.",Platform Bugs & UI,Urgent,High
" I'm facing an issue where theme changes randomly. I even asked a classmate to verify the issue, but nothing changed. This is affecting my learning.",Platform Bugs & UI,Urgent,High
"Dear LearnSphere Support,

I am writing to formally report that search returns nothing. This problem has persisted for the last few days and is preventing me from using the platform effectively. I even asked a classmate to verify the issue without success. I would appreciate it if your technical team could investigate this matter at the earliest.

Kind regards,
A Learner",Platform Bugs & UI,Neutral,High
"Hello,

I understand technical problems can happen, but buttons overlap. I have an upcoming deadline, so I'd be grateful if this could be resolved soon.

Thank you.",Platform Bugs & UI,Angry,Low
"idk... search returns nothing, plz fix. this keeps happening every time.",Platform Bugs & UI,Neutral,Low
"This wasn't happening before. Since the latest update, spinner never stops. It's inconsistent�sometimes it works, sometimes it doesn't�which makes it difficult to continue my coursework.",Platform Bugs & UI,Urgent,Low
"I'm honestly disappointed. audio out of sync. I pay for this service because I rely on it every day, and repeated interruptions are affecting my assignments and preparation. Please provide a permanent solution rather than a temporary workaround.",Platform Bugs & UI,Neutral,Low
theme changes randomly.,Platform Bugs & UI,Frustrated,High
"Hey team, captions overlap controls. Kindly resolve this soon.",Platform Bugs & UI,Neutral,Low
"Hello Support, I'm facing an issue where video freezes. I even asked a classmate to verify the issue, but nothing changed. Thank you.",Platform Bugs & UI,Urgent,Medium
"Dear LearnSphere Support,

I am writing to formally report that captions overlap controls. This problem has persisted for the last few days and is preventing me from using the platform effectively. I even asked a classmate to verify the issue without success. I would appreciate it if your technical team could investigate this matter at the earliest.

Kind regards,
A Learner",Platform Bugs & UI,Neutral,High
"Hello,

I understand technical problems can happen, but page formatting broken. I have an upcoming deadline, so I'd be grateful if this could be resolved soon.

Thank you.",Platform Bugs & UI,Urgent,Low
"subscrption... quiz page reloads, plz fix. this keeps happening every time.",Platform Bugs & UI,Confused,High
"This wasn't happening before. Since the latest update, notifications don't open. It's inconsistent�sometimes it works, sometimes it doesn't�which makes it difficult to continue my coursework.",Platform Bugs & UI,Neutral,Medium
"I'm honestly disappointed. quiz page reloads. I pay for this service because I rely on it every day, and repeated interruptions are affecting my assignments and preparation. Please provide a permanent solution rather than a temporary workaround.",Platform Bugs & UI,Frustrated,Medium
quiz page reloads.,Platform Bugs & UI,Neutral,Medium
"Hey team, audio out of sync. Thank you.",Platform Bugs & UI,Confused,High
"To whom it may concern, I'm facing an issue where audio out of sync. I even asked a classmate to verify the issue, but nothing changed. This is affecting my learning.",Platform Bugs & UI,Confused,High
"Dear LearnSphere Support,

I am writing to formally report that notifications don't open. This problem has persisted for the last few days and is preventing me from using the platform effectively. I updated the application without success. I would appreciate it if your technical team could investigate this matter at the earliest.

Kind regards,
A Learner",Platform Bugs & UI,Confused,High
"Hello,

I understand technical problems can happen, but page formatting broken. I have an upcoming deadline, so I'd be grateful if this could be resolved soon.

Thank you.",Platform Bugs & UI,Frustrated,Low
"cnt... captions overlap controls, plz fix. this keeps happening every time.",Platform Bugs & UI,Angry,High
"This wasn't happening before. Since the latest update, theme changes randomly. It's inconsistent�sometimes it works, sometimes it doesn't�which makes it difficult to continue my coursework.",Platform Bugs & UI,Frustrated,High
"I'm honestly disappointed. spinner never stops. I pay for this service because I rely on it every day, and repeated interruptions are affecting my assignments and preparation. Please provide a permanent solution rather than a temporary workaround.",Platform Bugs & UI,Frustrated,Low
notifications don't open.,Platform Bugs & UI,Neutral,Medium
"Hey team, downloads fail. ",Platform Bugs & UI,Urgent,Low
"Dear Support Team, I'm facing an issue where captions overlap controls. I updated the application, but nothing changed. This is affecting my learning.",Platform Bugs & UI,Urgent,Medium
"Dear LearnSphere Support,

I am writing to formally report that app crashes. This problem has persisted for the last few days and is preventing me from using the platform effectively. I checked my email spam folder without success. I would appreciate it if your technical team could investigate this matter at the earliest.

Kind regards,
A Learner",Platform Bugs & UI,Urgent,Medium
"Hello,

I understand technical problems can happen, but dark mode unreadable. I have an upcoming deadline, so I'd be grateful if this could be resolved soon.

Thank you.",Platform Bugs & UI,Urgent,High
"biling... audio out of sync, plz fix. this keeps happening every time.",Platform Bugs & UI,Frustrated,Low
"This wasn't happening before. Since the latest update, search returns nothing. It's inconsistent�sometimes it works, sometimes it doesn't�which makes it difficult to continue my coursework.",Platform Bugs & UI,Neutral,Medium
"I'm honestly disappointed. dark mode unreadable. I pay for this service because I rely on it every day, and repeated interruptions are affecting my assignments and preparation. Please provide a permanent solution rather than a temporary workaround.",Platform Bugs & UI,Frustrated,High
offline sync fails.,Platform Bugs & UI,Angry,Low
"Good evening, dark mode unreadable. Please look into this.",Platform Bugs & UI,Frustrated,Medium
"Hello Support, I'm facing an issue where dark mode unreadable. I logged out and back in, but nothing changed. ",Platform Bugs & UI,Urgent,Medium
"Dear LearnSphere Support,

I am writing to formally report that calendar broken. This problem has persisted for the last few days and is preventing me from using the platform effectively. I even asked a classmate to verify the issue without success. I would appreciate it if your technical team could investigate this matter at the earliest.

Kind regards,
A Learner",Platform Bugs & UI,Frustrated,Medium
"Hello,

I understand technical problems can happen, but filter resets. I have an upcoming deadline, so I'd be grateful if this could be resolved soon.

Thank you.",Platform Bugs & UI,Urgent,Low
"pasword... calendar broken, plz fix. this keeps happening every time.",Platform Bugs & UI,Urgent,Low
"This wasn't happening before. Since the latest update, search returns nothing. It's inconsistent�sometimes it works, sometimes it doesn't�which makes it difficult to continue my coursework.",Platform Bugs & UI,Neutral,Medium
"I'm honestly disappointed. search returns nothing. I pay for this service because I rely on it every day, and repeated interruptions are affecting my assignments and preparation. Please provide a permanent solution rather than a temporary workaround.",Platform Bugs & UI,Neutral,Low
app crashes.,Platform Bugs & UI,Neutral,Medium
I hope you're doing well. notifications don't open. Please look into this.,Platform Bugs & UI,Neutral,Medium
"Hello Support, I'm facing an issue where filter resets. I reinstalled the app, but nothing changed. Regards.",Platform Bugs & UI,Frustrated,High
"Dear LearnSphere Support,

I am writing to formally report that downloads fail. This problem has persisted for the last few days and is preventing me from using the platform effectively. I logged out and back in without success. I would appreciate it if your technical team could investigate this matter at the earliest.

Kind regards,
A Learner",Platform Bugs & UI,Neutral,High
"Hello,

I understand technical problems can happen, but offline sync fails. I have an upcoming deadline, so I'd be grateful if this could be resolved soon.

Thank you.",Platform Bugs & UI,Neutral,High
"idk... quiz page reloads, plz fix. this keeps happening every time.",Platform Bugs & UI,Urgent,High
"This wasn't happening before. Since the latest update, quiz page reloads. It's inconsistent�sometimes it works, sometimes it doesn't�which makes it difficult to continue my coursework.",Platform Bugs & UI,Confused,Low
"I'm honestly disappointed. search returns nothing. I pay for this service because I rely on it every day, and repeated interruptions are affecting my assignments and preparation. Please provide a permanent solution rather than a temporary workaround.",Platform Bugs & UI,Urgent,Medium
quiz page reloads.,Platform Bugs & UI,Angry,Medium
"Dear Support Team, theme changes randomly. Thank you.",Platform Bugs & UI,Confused,Low
"Good evening, I'm facing an issue where filter resets. I reinstalled the app, but nothing changed. Thank you.",Platform Bugs & UI,Angry,Medium
"Dear LearnSphere Support,

I am writing to formally report that blank screen. This problem has persisted for the last few days and is preventing me from using the platform effectively. I tried another browser without success. I would appreciate it if your technical team could investigate this matter at the earliest.

Kind regards,
A Learner",Platform Bugs & UI,Confused,Low
"Hello,

I understand technical problems can happen, but dark mode unreadable. I have an upcoming deadline, so I'd be grateful if this could be resolved soon.

Thank you.",Platform Bugs & UI,Neutral,Medium
"pasword... quiz page reloads, plz fix. this keeps happening every time.",Platform Bugs & UI,Angry,High
"This wasn't happening before. Since the latest update, filter resets. It's inconsistent�sometimes it works, sometimes it doesn't�which makes it difficult to continue my coursework.",Platform Bugs & UI,Neutral,Low
"I'm honestly disappointed. offline sync fails. I pay for this service because I rely on it every day, and repeated interruptions are affecting my assignments and preparation. Please provide a permanent solution rather than a temporary workaround.",Platform Bugs & UI,Frustrated,High
buttons overlap.,Platform Bugs & UI,Confused,Low
"Good evening, search returns nothing. This is affecting my learning.",Platform Bugs & UI,Confused,Low
"Hello Support, I'm facing an issue where search returns nothing. I updated the application, but nothing changed. Thank you.",Platform Bugs & UI,Frustrated,Low
"Dear LearnSphere Support,

I am writing to formally report that dark mode unreadable. This problem has persisted for the last few days and is preventing me from using the platform effectively. I updated the application without success. I would appreciate it if your technical team could investigate this matter at the earliest.

Kind regards,
A Learner",Platform Bugs & UI,Frustrated,Low
"Hello,

I understand technical problems can happen, but buttons overlap. I have an upcoming deadline, so I'd be grateful if this could be resolved soon.

Thank you.",Platform Bugs & UI,Frustrated,High
"plz... filter resets, plz fix. this keeps happening every time.",Platform Bugs & UI,Angry,Low
"This wasn't happening before. Since the latest update, calendar broken. It's inconsistent�sometimes it works, sometimes it doesn't�which makes it difficult to continue my coursework.",Platform Bugs & UI,Frustrated,Low
"I'm honestly disappointed. offline sync fails. I pay for this service because I rely on it every day, and repeated interruptions are affecting my assignments and preparation. Please provide a permanent solution rather than a temporary workaround.",Platform Bugs & UI,Frustrated,Low
buttons overlap.,Platform Bugs & UI,Urgent,Low
"Good evening, dashboard won't load. Regards.",Platform Bugs & UI,Neutral,Low
"Dear Support Team, I'm facing an issue where blank screen. I checked my email spam folder, but nothing changed. Looking forward to your response.",Platform Bugs & UI,Neutral,Low
"Dear LearnSphere Support,

I am writing to formally report that filter resets. This problem has persisted for the last few days and is preventing me from using the platform effectively. I reinstalled the app without success. I would appreciate it if your technical team could investigate this matter at the earliest.

Kind regards,
A Learner",Platform Bugs & UI,Urgent,High
"Hello,

I understand technical problems can happen, but blank screen. I have an upcoming deadline, so I'd be grateful if this could be resolved soon.

Thank you.",Platform Bugs & UI,Frustrated,High
"biling... video freezes, plz fix. this keeps happening every time.",Platform Bugs & UI,Confused,Medium
"This wasn't happening before. Since the latest update, downloads fail. It's inconsistent�sometimes it works, sometimes it doesn't�which makes it difficult to continue my coursework.",Platform Bugs & UI,Urgent,Low
"I'm honestly disappointed. buttons overlap. I pay for this service because I rely on it every day, and repeated interruptions are affecting my assignments and preparation. Please provide a permanent solution rather than a temporary workaround.",Platform Bugs & UI,Confused,High
dark mode unreadable.,Platform Bugs & UI,Neutral,High
"Dear Support Team, dashboard won't load. ",Platform Bugs & UI,Frustrated,Low
"To whom it may concern, I'm facing an issue where quiz page reloads. I updated the application, but nothing changed. Kindly resolve this soon.",Platform Bugs & UI,Urgent,Low
"Dear LearnSphere Support,

I am writing to formally report that notifications don't open. This problem has persisted for the last few days and is preventing me from using the platform effectively. I tried another browser without success. I would appreciate it if your technical team could investigate this matter at the earliest.

Kind regards,
A Learner",Platform Bugs & UI,Neutral,Low
"Hello,

I understand technical problems can happen, but audio out of sync. I have an upcoming deadline, so I'd be grateful if this could be resolved soon.

Thank you.",Platform Bugs & UI,Frustrated,High
"asap... search returns nothing, plz fix. this keeps happening every time.",Platform Bugs & UI,Neutral,High
"This wasn't happening before. Since the latest update, offline sync fails. It's inconsistent�sometimes it works, sometimes it doesn't�which makes it difficult to continue my coursework.",Platform Bugs & UI,Urgent,High
"I'm honestly disappointed. app crashes. I pay for this service because I rely on it every day, and repeated interruptions are affecting my assignments and preparation. Please provide a permanent solution rather than a temporary workaround.",Platform Bugs & UI,Frustrated,Medium
dark mode unreadable.,Platform Bugs & UI,Frustrated,Medium
Urgent: offline sync fails. This is affecting my learning.,Platform Bugs & UI,Angry,Low
"To whom it may concern, I'm facing an issue where mobile app closes. I checked my email spam folder, but nothing changed. Please escalate if necessary.",Platform Bugs & UI,Confused,Low
"Dear LearnSphere Support,

I am writing to formally report that dark mode unreadable. This problem has persisted for the last few days and is preventing me from using the platform effectively. I logged out and back in without success. I would appreciate it if your technical team could investigate this matter at the earliest.

Kind regards,
A Learner",Platform Bugs & UI,Confused,Low
"Hello,

I understand technical problems can happen, but dark mode unreadable. I have an upcoming deadline, so I'd be grateful if this could be resolved soon.

Thank you.",Platform Bugs & UI,Frustrated,Medium
"idk... audio out of sync, plz fix. this keeps happening every time.",Platform Bugs & UI,Frustrated,Low
"This wasn't happening before. Since the latest update, spinner never stops. It's inconsistent�sometimes it works, sometimes it doesn't�which makes it difficult to continue my coursework.",Platform Bugs & UI,Angry,High
"I'm honestly disappointed. dashboard won't load. I pay for this service because I rely on it every day, and repeated interruptions are affecting my assignments and preparation. Please provide a permanent solution rather than a temporary workaround.",Platform Bugs & UI,Frustrated,High
downloads fail.,Platform Bugs & UI,Frustrated,Medium
I hope you're doing well. captions overlap controls. Kindly resolve this soon.,Platform Bugs & UI,Urgent,Medium
"Good evening, I'm facing an issue where buttons overlap. I updated the application, but nothing changed. ",Platform Bugs & UI,Neutral,High
"Dear LearnSphere Support,

I am writing to formally report that dashboard won't load. This problem has persisted for the last few days and is preventing me from using the platform effectively. I checked my email spam folder without success. I would appreciate it if your technical team could investigate this matter at the earliest.

Kind regards,
A Learner",Platform Bugs & UI,Angry,Medium
"Hello,

I understand technical problems can happen, but dark mode unreadable. I have an upcoming deadline, so I'd be grateful if this could be resolved soon.

Thank you.",Platform Bugs & UI,Urgent,Medium
"cnt... dark mode unreadable, plz fix. this keeps happening every time.",Platform Bugs & UI,Confused,Medium
"This wasn't happening before. Since the latest update, buttons overlap. It's inconsistent�sometimes it works, sometimes it doesn't�which makes it difficult to continue my coursework.",Platform Bugs & UI,Frustrated,Medium
"I'm honestly disappointed. dark mode unreadable. I pay for this service because I rely on it every day, and repeated interruptions are affecting my assignments and preparation. Please provide a permanent solution rather than a temporary workaround.",Platform Bugs & UI,Angry,Low
search returns nothing.,Platform Bugs & UI,Frustrated,Low
"Hello Support, app crashes. ",Platform Bugs & UI,Frustrated,Low
"I hope you're doing well. I'm facing an issue where spinner never stops. I switched devices, but nothing changed. This is affecting my learning.",Platform Bugs & UI,Urgent,High
"Dear LearnSphere Support,

I am writing to formally report that buttons overlap. This problem has persisted for the last few days and is preventing me from using the platform effectively. I tried another browser without success. I would appreciate it if your technical team could investigate this matter at the earliest.

Kind regards,
A Learner",Platform Bugs & UI,Urgent,Medium
"Hello,

I understand technical problems can happen, but audio out of sync. I have an upcoming deadline, so I'd be grateful if this could be resolved soon.

Thank you.",Platform Bugs & UI,Confused,Medium
"asap... dark mode unreadable, plz fix. this keeps happening every time.",Platform Bugs & UI,Urgent,Medium
"This wasn't happening before. Since the latest update, mobile app closes. It's inconsistent�sometimes it works, sometimes it doesn't�which makes it difficult to continue my coursework.",Platform Bugs & UI,Neutral,High
"I'm honestly disappointed. mobile app closes. I pay for this service because I rely on it every day, and repeated interruptions are affecting my assignments and preparation. Please provide a permanent solution rather than a temporary workaround.",Platform Bugs & UI,Frustrated,Low
notifications don't open.,Platform Bugs & UI,Frustrated,Medium
I hope you're doing well. audio out of sync. Please escalate if necessary.,Platform Bugs & UI,Angry,Medium
"Hi LearnSphere Team, I'm facing an issue where app crashes. I switched devices, but nothing changed. This is affecting my learning.",Platform Bugs & UI,Confused,Medium
"Dear LearnSphere Support,

I am writing to formally report that notifications don't open. This problem has persisted for the last few days and is preventing me from using the platform effectively. I switched devices without success. I would appreciate it if your technical team could investigate this matter at the earliest.

Kind regards,
A Learner",Platform Bugs & UI,Neutral,High
"Hello,

I understand technical problems can happen, but spinner never stops. I have an upcoming deadline, so I'd be grateful if this could be resolved soon.

Thank you.",Platform Bugs & UI,Angry,Low
"asap... dashboard won't load, plz fix. this keeps happening every time.",Platform Bugs & UI,Urgent,High
"This wasn't happening before. Since the latest update, mobile app closes. It's inconsistent�sometimes it works, sometimes it doesn't�which makes it difficult to continue my coursework.",Platform Bugs & UI,Urgent,Medium
"I'm honestly disappointed. dark mode unreadable. I pay for this service because I rely on it every day, and repeated interruptions are affecting my assignments and preparation. Please provide a permanent solution rather than a temporary workaround.",Platform Bugs & UI,Urgent,Low
filter resets.,Platform Bugs & UI,Frustrated,Medium
Urgent: calendar broken. Please escalate if necessary.,Platform Bugs & UI,Urgent,High
" I'm facing an issue where quiz page reloads. I logged out and back in, but nothing changed. Please look into this.",Platform Bugs & UI,Frustrated,High
"Dear LearnSphere Support,

I am writing to formally report that app crashes. This problem has persisted for the last few days and is preventing me from using the platform effectively. I switched devices without success. I would appreciate it if your technical team could investigate this matter at the earliest.

Kind regards,
A Learner",Platform Bugs & UI,Neutral,Medium
"Hello,

I understand technical problems can happen, but dashboard won't load. I have an upcoming deadline, so I'd be grateful if this could be resolved soon.

Thank you.",Platform Bugs & UI,Frustrated,High
"subscrption... theme changes randomly, plz fix. this keeps happening every time.",Platform Bugs & UI,Frustrated,Medium
"This wasn't happening before. Since the latest update, quiz page reloads. It's inconsistent�sometimes it works, sometimes it doesn't�which makes it difficult to continue my coursework.",Platform Bugs & UI,Neutral,Medium
"I'm honestly disappointed. quiz page reloads. I pay for this service because I rely on it every day, and repeated interruptions are affecting my assignments and preparation. Please provide a permanent solution rather than a temporary workaround.",Platform Bugs & UI,Frustrated,High
discussion page hangs.,Platform Bugs & UI,Confused,Low
"Hello Support, offline sync fails. Thank you.",Platform Bugs & UI,Neutral,Low
"Dear Support Team, I'm facing an issue where theme changes randomly. I cleared cache, but nothing changed. Looking forward to your response.",Platform Bugs & UI,Frustrated,Medium
"Dear LearnSphere Support,

I am writing to formally report that notifications don't open. This problem has persisted for the last few days and is preventing me from using the platform effectively. I updated the application without success. I would appreciate it if your technical team could investigate this matter at the earliest.

Kind regards,
A Learner",Platform Bugs & UI,Neutral,Low
"Hello,

I understand technical problems can happen, but dark mode unreadable. I have an upcoming deadline, so I'd be grateful if this could be resolved soon.

Thank you.",Platform Bugs & UI,Urgent,Low
"subscrption... theme changes randomly, plz fix. this keeps happening every time.",Platform Bugs & UI,Urgent,Medium
"This wasn't happening before. Since the latest update, theme changes randomly. It's inconsistent�sometimes it works, sometimes it doesn't�which makes it difficult to continue my coursework.",Platform Bugs & UI,Urgent,Low
"I'm honestly disappointed. dark mode unreadable. I pay for this service because I rely on it every day, and repeated interruptions are affecting my assignments and preparation. Please provide a permanent solution rather than a temporary workaround.",Platform Bugs & UI,Frustrated,High
captions overlap controls.,Platform Bugs & UI,Neutral,Medium
I hope you're doing well. filter resets. Regards.,Platform Bugs & UI,Urgent,Medium
"To whom it may concern, I'm facing an issue where quiz page reloads. I reinstalled the app, but nothing changed. ",Platform Bugs & UI,Frustrated,High
"Dear LearnSphere Support,

I am writing to formally report that captions overlap controls. This problem has persisted for the last few days and is preventing me from using the platform effectively. I checked my email spam folder without success. I would appreciate it if your technical team could investigate this matter at the earliest.

Kind regards,
A Learner",Platform Bugs & UI,Neutral,Low
"Hello,

I understand technical problems can happen, but offline sync fails. I have an upcoming deadline, so I'd be grateful if this could be resolved soon.

Thank you.",Platform Bugs & UI,Urgent,Medium
"idk... discussion page hangs, plz fix. this keeps happening every time.",Platform Bugs & UI,Urgent,Low
"This wasn't happening before. Since the latest update, dashboard won't load. It's inconsistent�sometimes it works, sometimes it doesn't�which makes it difficult to continue my coursework.",Platform Bugs & UI,Neutral,Medium
"I'm honestly disappointed. blank screen. I pay for this service because I rely on it every day, and repeated interruptions are affecting my assignments and preparation. Please provide a permanent solution rather than a temporary workaround.",Platform Bugs & UI,Urgent,High
dark mode unreadable.,Platform Bugs & UI,Angry,Low
"Hello Support, quiz page reloads. This is affecting my learning.",Platform Bugs & UI,Urgent,Medium
"Hey team, I'm facing an issue where notifications don't open. I logged out and back in, but nothing changed. Kindly resolve this soon.",Platform Bugs & UI,Angry,Medium
"Dear LearnSphere Support,

I am writing to formally report that calendar broken. This problem has persisted for the last few days and is preventing me from using the platform effectively. I even asked a classmate to verify the issue without success. I would appreciate it if your technical team could investigate this matter at the earliest.

Kind regards,
A Learner",Platform Bugs & UI,Urgent,Low
"Hello,

I understand technical problems can happen, but video freezes. I have an upcoming deadline, so I'd be grateful if this could be resolved soon.

Thank you.",Platform Bugs & UI,Urgent,Low
"asap... dashboard won't load, plz fix. this keeps happening every time.",Platform Bugs & UI,Confused,High
"This wasn't happening before. Since the latest update, audio out of sync. It's inconsistent�sometimes it works, sometimes it doesn't�which makes it difficult to continue my coursework.",Platform Bugs & UI,Neutral,High
"I'm honestly disappointed. mobile app closes. I pay for this service because I rely on it every day, and repeated interruptions are affecting my assignments and preparation. Please provide a permanent solution rather than a temporary workaround.",Platform Bugs & UI,Urgent,Medium
dashboard won't load.,Platform Bugs & UI,Frustrated,High
I hope you're doing well. captions overlap controls. ,Platform Bugs & UI,Confused,Low
" I'm facing an issue where search returns nothing. I updated the application, but nothing changed. Please escalate if necessary.",Platform Bugs & UI,Neutral,Low
"Dear LearnSphere Support,

I am writing to formally report that captions overlap controls. This problem has persisted for the last few days and is preventing me from using the platform effectively. I updated the application without success. I would appreciate it if your technical team could investigate this matter at the earliest.

Kind regards,
A Learner",Platform Bugs & UI,Neutral,Medium
"Hello,

I understand technical problems can happen, but downloads fail. I have an upcoming deadline, so I'd be grateful if this could be resolved soon.

Thank you.",Platform Bugs & UI,Neutral,High
"biling... page formatting broken, plz fix. this keeps happening every time.",Platform Bugs & UI,Angry,Low
"This wasn't happening before. Since the latest update, buttons overlap. It's inconsistent�sometimes it works, sometimes it doesn't�which makes it difficult to continue my coursework.",Platform Bugs & UI,Confused,Low
"I'm honestly disappointed. video freezes. I pay for this service because I rely on it every day, and repeated interruptions are affecting my assignments and preparation. Please provide a permanent solution rather than a temporary workaround.",Platform Bugs & UI,Confused,Medium
audio out of sync.,Platform Bugs & UI,Angry,High
"To whom it may concern, notifications don't open. Please look into this.",Platform Bugs & UI,Confused,Low
"Dear Support Team, I'm facing an issue where calendar broken. I cleared cache, but nothing changed. This is affecting my learning.",Platform Bugs & UI,Neutral,High
"Dear LearnSphere Support,

I am writing to formally report that mobile app closes. This problem has persisted for the last few days and is preventing me from using the platform effectively. I switched devices without success. I would appreciate it if your technical team could investigate this matter at the earliest.

Kind regards,
A Learner",Platform Bugs & UI,Frustrated,High
"Hello,

I understand technical problems can happen, but dark mode unreadable. I have an upcoming deadline, so I'd be grateful if this could be resolved soon.

Thank you.",Platform Bugs & UI,Frustrated,Low
"vid... blank screen, plz fix. this keeps happening every time.",Platform Bugs & UI,Urgent,Medium
"This wasn't happening before. Since the latest update, blank screen. It's inconsistent�sometimes it works, sometimes it doesn't�which makes it difficult to continue my coursework.",Platform Bugs & UI,Angry,Medium
"I'm honestly disappointed. blank screen. I pay for this service because I rely on it every day, and repeated interruptions are affecting my assignments and preparation. Please provide a permanent solution rather than a temporary workaround.",Platform Bugs & UI,Angry,High
search returns nothing.,Platform Bugs & UI,Confused,Low
"Hey team, dashboard won't load. Thank you.",Platform Bugs & UI,Urgent,High
"Hey team, I'm facing an issue where dashboard won't load. I checked my email spam folder, but nothing changed. ",Platform Bugs & UI,Frustrated,Low
"Dear LearnSphere Support,

I am writing to formally report that page formatting broken. This problem has persisted for the last few days and is preventing me from using the platform effectively. I tried another browser without success. I would appreciate it if your technical team could investigate this matter at the earliest.

Kind regards,
A Learner",Platform Bugs & UI,Neutral,Medium
"Hello,

I understand technical problems can happen, but dashboard won't load. I have an upcoming deadline, so I'd be grateful if this could be resolved soon.

Thank you.",Platform Bugs & UI,Angry,High
"subscrption... discussion page hangs, plz fix. this keeps happening every time.",Platform Bugs & UI,Confused,Low
"This wasn't happening before. Since the latest update, buttons overlap. It's inconsistent�sometimes it works, sometimes it doesn't�which makes it difficult to continue my coursework.",Platform Bugs & UI,Confused,Low
"I'm honestly disappointed. calendar broken. I pay for this service because I rely on it every day, and repeated interruptions are affecting my assignments and preparation. Please provide a permanent solution rather than a temporary workaround.",Platform Bugs & UI,Angry,Medium
calendar broken.,Platform Bugs & UI,Urgent,Low
"Hey team, dark mode unreadable. Looking forward to your response.",Platform Bugs & UI,Frustrated,Medium
"To whom it may concern, I'm facing an issue where mobile app closes. I even asked a classmate to verify the issue, but nothing changed. Kindly resolve this soon.",Platform Bugs & UI,Neutral,Low
"Dear LearnSphere Support,

I am writing to formally report that quiz page reloads. This problem has persisted for the last few days and is preventing me from using the platform effectively. I even asked a classmate to verify the issue without success. I would appreciate it if your technical team could investigate this matter at the earliest.

Kind regards,
A Learner",Platform Bugs & UI,Neutral,Medium
"Hello,

I understand technical problems can happen, but video freezes. I have an upcoming deadline, so I'd be grateful if this could be resolved soon.

Thank you.",Platform Bugs & UI,Urgent,Low
"biling... app crashes, plz fix. this keeps happening every time.",Platform Bugs & UI,Neutral,High
"This wasn't happening before. Since the latest update, spinner never stops. It's inconsistent�sometimes it works, sometimes it doesn't�which makes it difficult to continue my coursework.",Platform Bugs & UI,Neutral,High
"I'm honestly disappointed. quiz page reloads. I pay for this service because I rely on it every day, and repeated interruptions are affecting my assignments and preparation. Please provide a permanent solution rather than a temporary workaround.",Platform Bugs & UI,Frustrated,High
discussion page hangs.,Platform Bugs & UI,Angry,Medium
"To whom it may concern, video freezes. This is affecting my learning.",Platform Bugs & UI,Neutral,Low
" I'm facing an issue where discussion page hangs. I reinstalled the app, but nothing changed. Regards.",Platform Bugs & UI,Angry,High
"Dear LearnSphere Support,

I am writing to formally report that theme changes randomly. This problem has persisted for the last few days and is preventing me from using the platform effectively. I updated the application without success. I would appreciate it if your technical team could investigate this matter at the earliest.

Kind regards,
A Learner",Platform Bugs & UI,Frustrated,Medium
"Hello,

I understand technical problems can happen, but blank screen. I have an upcoming deadline, so I'd be grateful if this could be resolved soon.

Thank you.",Platform Bugs & UI,Angry,Medium
"vid... notifications don't open, plz fix. this keeps happening every time.",Platform Bugs & UI,Angry,Low
"This wasn't happening before. Since the latest update, downloads fail. It's inconsistent�sometimes it works, sometimes it doesn't�which makes it difficult to continue my coursework.",Platform Bugs & UI,Neutral,High
"I'm honestly disappointed. blank screen. I pay for this service because I rely on it every day, and repeated interruptions are affecting my assignments and preparation. Please provide a permanent solution rather than a temporary workaround.",Platform Bugs & UI,Neutral,Medium
page formatting broken.,Platform Bugs & UI,Urgent,High
Urgent: theme changes randomly. Please look into this.,Platform Bugs & UI,Frustrated,High
"Urgent: I'm facing an issue where downloads fail. I switched devices, but nothing changed. Please look into this.",Platform Bugs & UI,Angry,Low
"Dear LearnSphere Support,

I am writing to formally report that offline sync fails. This problem has persisted for the last few days and is preventing me from using the platform effectively. I logged out and back in without success. I would appreciate it if your technical team could investigate this matter at the earliest.

Kind regards,
A Learner",Platform Bugs & UI,Urgent,Low
"Hello,

I understand technical problems can happen, but buttons overlap. I have an upcoming deadline, so I'd be grateful if this could be resolved soon.

Thank you.",Platform Bugs & UI,Confused,Low
"pasword... filter resets, plz fix. this keeps happening every time.",Platform Bugs & UI,Urgent,High
"This wasn't happening before. Since the latest update, notifications don't open. It's inconsistent�sometimes it works, sometimes it doesn't�which makes it difficult to continue my coursework.",Platform Bugs & UI,Neutral,Medium
"I'm honestly disappointed. dark mode unreadable. I pay for this service because I rely on it every day, and repeated interruptions are affecting my assignments and preparation. Please provide a permanent solution rather than a temporary workaround.",Platform Bugs & UI,Confused,Medium
downloads fail.,Platform Bugs & UI,Urgent,Medium
"Good evening, offline sync fails. Thank you.",Platform Bugs & UI,Angry,Medium
"To whom it may concern, I'm facing an issue where downloads fail. I updated the application, but nothing changed. Kindly resolve this soon.",Platform Bugs & UI,Frustrated,Low
"Dear LearnSphere Support,

I am writing to formally report that mobile app closes. This problem has persisted for the last few days and is preventing me from using the platform effectively. I reinstalled the app without success. I would appreciate it if your technical team could investigate this matter at the earliest.

Kind regards,
A Learner",Platform Bugs & UI,Frustrated,Medium
"Hello,

I understand technical problems can happen, but captions overlap controls. I have an upcoming deadline, so I'd be grateful if this could be resolved soon.

Thank you.",Platform Bugs & UI,Neutral,High
"plz... downloads fail, plz fix. this keeps happening every time.",Platform Bugs & UI,Angry,High
"This wasn't happening before. Since the latest update, notifications don't open. It's inconsistent�sometimes it works, sometimes it doesn't�which makes it difficult to continue my coursework.",Platform Bugs & UI,Urgent,Medium
"I'm honestly disappointed. search returns nothing. I pay for this service because I rely on it every day, and repeated interruptions are affecting my assignments and preparation. Please provide a permanent solution rather than a temporary workaround.",Platform Bugs & UI,Frustrated,Medium
downloads fail.,Platform Bugs & UI,Urgent,Low
"Hey team, video freezes. Please escalate if necessary.",Platform Bugs & UI,Angry,High
"Hello Support, I'm facing an issue where dark mode unreadable. I reinstalled the app, but nothing changed. Kindly resolve this soon.",Platform Bugs & UI,Confused,Medium
"Dear LearnSphere Support,

I am writing to formally report that offline sync fails. This problem has persisted for the last few days and is preventing me from using the platform effectively. I even asked a classmate to verify the issue without success. I would appreciate it if your technical team could investigate this matter at the earliest.

Kind regards,
A Learner",Platform Bugs & UI,Angry,Low
"Hello,

I understand technical problems can happen, but notifications don't open. I have an upcoming deadline, so I'd be grateful if this could be resolved soon.

Thank you.",Platform Bugs & UI,Confused,High
"cnt... captions overlap controls, plz fix. this keeps happening every time.",Platform Bugs & UI,Confused,Medium
"This wasn't happening before. Since the latest update, downloads fail. It's inconsistent�sometimes it works, sometimes it doesn't�which makes it difficult to continue my coursework.",Platform Bugs & UI,Angry,Low
"I'm honestly disappointed. video freezes. I pay for this service because I rely on it every day, and repeated interruptions are affecting my assignments and preparation. Please provide a permanent solution rather than a temporary workaround.",Platform Bugs & UI,Neutral,Medium
discussion page hangs.,Platform Bugs & UI,Urgent,Medium
I hope you're doing well. discussion page hangs. ,Platform Bugs & UI,Frustrated,Low
"Dear Support Team, I'm facing an issue where dark mode unreadable. I logged out and back in, but nothing changed. Please escalate if necessary.",Platform Bugs & UI,Confused,High
"Dear LearnSphere Support,

I am writing to formally report that spinner never stops. This problem has persisted for the last few days and is preventing me from using the platform effectively. I updated the application without success. I would appreciate it if your technical team could investigate this matter at the earliest.

Kind regards,
A Learner",Platform Bugs & UI,Urgent,Medium
"Hello,

I understand technical problems can happen, but blank screen. I have an upcoming deadline, so I'd be grateful if this could be resolved soon.

Thank you.",Platform Bugs & UI,Frustrated,High
"plz... app crashes, plz fix. this keeps happening every time.",Platform Bugs & UI,Neutral,Low
"This wasn't happening before. Since the latest update, dark mode unreadable. It's inconsistent�sometimes it works, sometimes it doesn't�which makes it difficult to continue my coursework.",Platform Bugs & UI,Neutral,High
"I'm honestly disappointed. page formatting broken. I pay for this service because I rely on it every day, and repeated interruptions are affecting my assignments and preparation. Please provide a permanent solution rather than a temporary workaround.",Platform Bugs & UI,Frustrated,Low
calendar broken.,Platform Bugs & UI,Urgent,High
 spinner never stops. Please escalate if necessary.,Platform Bugs & UI,Neutral,Low
"Hi LearnSphere Team, I'm facing an issue where mobile app closes. I switched devices, but nothing changed. This is affecting my learning.",Platform Bugs & UI,Confused,High
"Dear LearnSphere Support,

I am writing to formally report that dark mode unreadable. This problem has persisted for the last few days and is preventing me from using the platform effectively. I logged out and back in without success. I would appreciate it if your technical team could investigate this matter at the earliest.

Kind regards,
A Learner",Platform Bugs & UI,Angry,Low
"Hello,

I understand technical problems can happen, but blank screen. I have an upcoming deadline, so I'd be grateful if this could be resolved soon.

Thank you.",Platform Bugs & UI,Neutral,High
"subscrption... filter resets, plz fix. this keeps happening every time.",Platform Bugs & UI,Confused,Medium
"This wasn't happening before. Since the latest update, buttons overlap. It's inconsistent�sometimes it works, sometimes it doesn't�which makes it difficult to continue my coursework.",Platform Bugs & UI,Neutral,Low
"I'm honestly disappointed. search returns nothing. I pay for this service because I rely on it every day, and repeated interruptions are affecting my assignments and preparation. Please provide a permanent solution rather than a temporary workaround.",Platform Bugs & UI,Angry,Medium
quiz page reloads.,Platform Bugs & UI,Angry,Medium
 calendar broken. Looking forward to your response.,Platform Bugs & UI,Angry,Low
"Urgent: I'm facing an issue where theme changes randomly. I switched devices, but nothing changed. ",Platform Bugs & UI,Frustrated,Low
"Dear LearnSphere Support,

I am writing to formally report that search returns nothing. This problem has persisted for the last few days and is preventing me from using the platform effectively. I cleared cache without success. I would appreciate it if your technical team could investigate this matter at the earliest.

Kind regards,
A Learner",Platform Bugs & UI,Confused,Low
"Hello,

I understand technical problems can happen, but app crashes. I have an upcoming deadline, so I'd be grateful if this could be resolved soon.

Thank you.",Platform Bugs & UI,Angry,Medium
"asap... downloads fail, plz fix. this keeps happening every time.",Platform Bugs & UI,Angry,Low
"This wasn't happening before. Since the latest update, dark mode unreadable. It's inconsistent�sometimes it works, sometimes it doesn't�which makes it difficult to continue my coursework.",Platform Bugs & UI,Frustrated,Medium
"I'm honestly disappointed. quiz page reloads. I pay for this service because I rely on it every day, and repeated interruptions are affecting my assignments and preparation. Please provide a permanent solution rather than a temporary workaround.",Platform Bugs & UI,Urgent,Medium
audio out of sync.,Platform Bugs & UI,Angry,Low
"Hello Support, search returns nothing. Looking forward to your response.",Platform Bugs & UI,Frustrated,Low
"Dear Support Team, I'm facing an issue where offline sync fails. I switched devices, but nothing changed. This is affecting my learning.",Platform Bugs & UI,Urgent,High
"Dear LearnSphere Support,

I am writing to formally report that dashboard won't load. This problem has persisted for the last few days and is preventing me from using the platform effectively. I reinstalled the app without success. I would appreciate it if your technical team could investigate this matter at the earliest.

Kind regards,
A Learner",Platform Bugs & UI,Urgent,Low
"Hello,

I understand technical problems can happen, but filter resets. I have an upcoming deadline, so I'd be grateful if this could be resolved soon.

Thank you.",Platform Bugs & UI,Urgent,Low
"idk... notifications don't open, plz fix. this keeps happening every time.",Platform Bugs & UI,Confused,Medium
"This wasn't happening before. Since the latest update, buttons overlap. It's inconsistent�sometimes it works, sometimes it doesn't�which makes it difficult to continue my coursework.",Platform Bugs & UI,Neutral,Low
"I'm honestly disappointed. offline sync fails. I pay for this service because I rely on it every day, and repeated interruptions are affecting my assignments and preparation. Please provide a permanent solution rather than a temporary workaround.",Platform Bugs & UI,Frustrated,Medium
quiz page reloads.,Platform Bugs & UI,Urgent,Low
"Dear Support Team, theme changes randomly. Please look into this.",Platform Bugs & UI,Frustrated,Medium
"Urgent: I'm facing an issue where dark mode unreadable. I checked my email spam folder, but nothing changed. Please look into this.",Platform Bugs & UI,Neutral,Low
"Dear LearnSphere Support,

I am writing to formally report that page formatting broken. This problem has persisted for the last few days and is preventing me from using the platform effectively. I even asked a classmate to verify the issue without success. I would appreciate it if your technical team could investigate this matter at the earliest.

Kind regards,
A Learner",Platform Bugs & UI,Neutral,High
"Hello,

I understand technical problems can happen, but dashboard won't load. I have an upcoming deadline, so I'd be grateful if this could be resolved soon.

Thank you.",Platform Bugs & UI,Confused,Low
"cnt... app crashes, plz fix. this keeps happening every time.",Platform Bugs & UI,Neutral,Low
"This wasn't happening before. Since the latest update, blank screen. It's inconsistent�sometimes it works, sometimes it doesn't�which makes it difficult to continue my coursework.",Platform Bugs & UI,Urgent,High
"I'm honestly disappointed. spinner never stops. I pay for this service because I rely on it every day, and repeated interruptions are affecting my assignments and preparation. Please provide a permanent solution rather than a temporary workaround.",Platform Bugs & UI,Frustrated,Medium
calendar broken.,Platform Bugs & UI,Confused,Low
"Hello Support, spinner never stops. Please look into this.",Platform Bugs & UI,Confused,Low
"To whom it may concern, I'm facing an issue where spinner never stops. I checked my email spam folder, but nothing changed. Regards.",Platform Bugs & UI,Frustrated,Medium
"Dear LearnSphere Support,

I am writing to formally report that dark mode unreadable. This problem has persisted for the last few days and is preventing me from using the platform effectively. I updated the application without success. I would appreciate it if your technical team could investigate this matter at the earliest.

Kind regards,
A Learner",Platform Bugs & UI,Neutral,High
"Hello,

I understand technical problems can happen, but page formatting broken. I have an upcoming deadline, so I'd be grateful if this could be resolved soon.

Thank you.",Platform Bugs & UI,Confused,Medium
"vid... buttons overlap, plz fix. this keeps happening every time.",Platform Bugs & UI,Urgent,Low
"This wasn't happening before. Since the latest update, dark mode unreadable. It's inconsistent�sometimes it works, sometimes it doesn't�which makes it difficult to continue my coursework.",Platform Bugs & UI,Angry,Medium
"I'm honestly disappointed. dark mode unreadable. I pay for this service because I rely on it every day, and repeated interruptions are affecting my assignments and preparation. Please provide a permanent solution rather than a temporary workaround.",Platform Bugs & UI,Neutral,High
page formatting broken.,Platform Bugs & UI,Angry,Low
I hope you're doing well. notifications don't open. Regards.,Platform Bugs & UI,Angry,High
"Hello Support, I'm facing an issue where notifications don't open. I cleared cache, but nothing changed. Looking forward to your response.",Platform Bugs & UI,Angry,High
"Dear LearnSphere Support,

I am writing to formally report that discussion page hangs. This problem has persisted for the last few days and is preventing me from using the platform effectively. I switched devices without success. I would appreciate it if your technical team could investigate this matter at the earliest.

Kind regards,
A Learner",Platform Bugs & UI,Angry,High
"Hello,

I understand technical problems can happen, but filter resets. I have an upcoming deadline, so I'd be grateful if this could be resolved soon.

Thank you.",Platform Bugs & UI,Frustrated,Medium
"subscrption... audio out of sync, plz fix. this keeps happening every time.",Platform Bugs & UI,Frustrated,Medium
"This wasn't happening before. Since the latest update, offline sync fails. It's inconsistent�sometimes it works, sometimes it doesn't�which makes it difficult to continue my coursework.",Platform Bugs & UI,Confused,Low
"I'm honestly disappointed. offline sync fails. I pay for this service because I rely on it every day, and repeated interruptions are affecting my assignments and preparation. Please provide a permanent solution rather than a temporary workaround.",Platform Bugs & UI,Confused,High
notifications don't open.,Platform Bugs & UI,Neutral,High
"Hey team, app crashes. Thank you.",Platform Bugs & UI,Frustrated,High
"Hey team, I'm facing an issue where buttons overlap. I updated the application, but nothing changed. Please escalate if necessary.",Platform Bugs & UI,Frustrated,Medium
"Dear LearnSphere Support,

I am writing to formally report that dashboard won't load. This problem has persisted for the last few days and is preventing me from using the platform effectively. I checked my email spam folder without success. I would appreciate it if your technical team could investigate this matter at the earliest.

Kind regards,
A Learner",Platform Bugs & UI,Neutral,Medium
"Hello,

I understand technical problems can happen, but dashboard won't load. I have an upcoming deadline, so I'd be grateful if this could be resolved soon.

Thank you.",Platform Bugs & UI,Frustrated,High
"idk... video freezes, plz fix. this keeps happening every time.",Platform Bugs & UI,Angry,Low
"This wasn't happening before. Since the latest update, downloads fail. It's inconsistent�sometimes it works, sometimes it doesn't�which makes it difficult to continue my coursework.",Platform Bugs & UI,Angry,Low
"I'm honestly disappointed. blank screen. I pay for this service because I rely on it every day, and repeated interruptions are affecting my assignments and preparation. Please provide a permanent solution rather than a temporary workaround.",Platform Bugs & UI,Angry,High
offline sync fails.,Platform Bugs & UI,Neutral,High
Urgent: audio out of sync. This is affecting my learning.,Platform Bugs & UI,Neutral,Low
"Dear Support Team, I'm facing an issue where captions overlap controls. I tried another browser, but nothing changed. This is affecting my learning.",Platform Bugs & UI,Frustrated,Medium
"Dear LearnSphere Support,

I am writing to formally report that mobile app closes. This problem has persisted for the last few days and is preventing me from using the platform effectively. I cleared cache without success. I would appreciate it if your technical team could investigate this matter at the earliest.

Kind regards,
A Learner",Platform Bugs & UI,Frustrated,Medium
"Hello,

I understand technical problems can happen, but buttons overlap. I have an upcoming deadline, so I'd be grateful if this could be resolved soon.

Thank you.",Platform Bugs & UI,Frustrated,Low
"asap... dark mode unreadable, plz fix. this keeps happening every time.",Platform Bugs & UI,Angry,High
"This wasn't happening before. Since the latest update, page formatting broken. It's inconsistent�sometimes it works, sometimes it doesn't�which makes it difficult to continue my coursework.",Platform Bugs & UI,Angry,Medium
"I'm honestly disappointed. page formatting broken. I pay for this service because I rely on it every day, and repeated interruptions are affecting my assignments and preparation. Please provide a permanent solution rather than a temporary workaround.",Platform Bugs & UI,Urgent,Medium
spinner never stops.,Platform Bugs & UI,Neutral,Low
"Dear Support Team, search returns nothing. Please look into this.",Platform Bugs & UI,Confused,Low
"Good evening, I'm facing an issue where video freezes. I cleared cache, but nothing changed. Kindly resolve this soon.",Platform Bugs & UI,Angry,High
"Dear LearnSphere Support,

I am writing to formally report that search returns nothing. This problem has persisted for the last few days and is preventing me from using the platform effectively. I reinstalled the app without success. I would appreciate it if your technical team could investigate this matter at the earliest.

Kind regards,
A Learner",Platform Bugs & UI,Angry,High
"Hello,

I understand technical problems can happen, but mobile app closes. I have an upcoming deadline, so I'd be grateful if this could be resolved soon.

Thank you.",Platform Bugs & UI,Confused,Low
"asap... offline sync fails, plz fix. this keeps happening every time.",Platform Bugs & UI,Confused,Medium
"This wasn't happening before. Since the latest update, notifications don't open. It's inconsistent�sometimes it works, sometimes it doesn't�which makes it difficult to continue my coursework.",Platform Bugs & UI,Frustrated,Low
"I'm honestly disappointed. downloads fail. I pay for this service because I rely on it every day, and repeated interruptions are affecting my assignments and preparation. Please provide a permanent solution rather than a temporary workaround.",Platform Bugs & UI,Confused,High
audio out of sync.,Platform Bugs & UI,Angry,Medium
Urgent: video freezes. Kindly resolve this soon.,Platform Bugs & UI,Confused,Medium
"To whom it may concern, I'm facing an issue where dashboard won't load. I cleared cache, but nothing changed. Looking forward to your response.",Platform Bugs & UI,Frustrated,Low
"Dear LearnSphere Support,

I am writing to formally report that notifications don't open. This problem has persisted for the last few days and is preventing me from using the platform effectively. I updated the application without success. I would appreciate it if your technical team could investigate this matter at the earliest.

Kind regards,
A Learner",Platform Bugs & UI,Angry,High
"Hello,

I understand technical problems can happen, but dashboard won't load. I have an upcoming deadline, so I'd be grateful if this could be resolved soon.

Thank you.",Platform Bugs & UI,Urgent,High
"cnt... mobile app closes, plz fix. this keeps happening every time.",Platform Bugs & UI,Frustrated,Medium
"This wasn't happening before. Since the latest update, spinner never stops. It's inconsistent�sometimes it works, sometimes it doesn't�which makes it difficult to continue my coursework.",Platform Bugs & UI,Angry,High
"I'm honestly disappointed. dashboard won't load. I pay for this service because I rely on it every day, and repeated interruptions are affecting my assignments and preparation. Please provide a permanent solution rather than a temporary workaround.",Platform Bugs & UI,Urgent,High
dark mode unreadable.,Platform Bugs & UI,Confused,High
"Hey team, app crashes. Please look into this.",Platform Bugs & UI,Angry,High
"Hey team, I'm facing an issue where theme changes randomly. I tried another browser, but nothing changed. This is affecting my learning.",Platform Bugs & UI,Angry,Medium
"Dear LearnSphere Support,

I am writing to formally report that buttons overlap. This problem has persisted for the last few days and is preventing me from using the platform effectively. I even asked a classmate to verify the issue without success. I would appreciate it if your technical team could investigate this matter at the earliest.

Kind regards,
A Learner",Platform Bugs & UI,Urgent,High
"Hello,

I understand technical problems can happen, but quiz page reloads. I have an upcoming deadline, so I'd be grateful if this could be resolved soon.

Thank you.",Platform Bugs & UI,Angry,High
"plz... notifications don't open, plz fix. this keeps happening every time.",Platform Bugs & UI,Confused,Medium
"This wasn't happening before. Since the latest update, captions overlap controls. It's inconsistent�sometimes it works, sometimes it doesn't�which makes it difficult to continue my coursework.",Platform Bugs & UI,Angry,Medium
"I'm honestly disappointed. audio out of sync. I pay for this service because I rely on it every day, and repeated interruptions are affecting my assignments and preparation. Please provide a permanent solution rather than a temporary workaround.",Platform Bugs & UI,Confused,High
discussion page hangs.,Platform Bugs & UI,Urgent,High
Urgent: theme changes randomly. Regards.,Platform Bugs & UI,Neutral,High
"To whom it may concern, I'm facing an issue where spinner never stops. I logged out and back in, but nothing changed. ",Platform Bugs & UI,Confused,High
"Dear LearnSphere Support,

I am writing to formally report that captions overlap controls. This problem has persisted for the last few days and is preventing me from using the platform effectively. I checked my email spam folder without success. I would appreciate it if your technical team could investigate this matter at the earliest.

Kind regards,
A Learner",Platform Bugs & UI,Frustrated,High
"Hello,

I understand technical problems can happen, but dark mode unreadable. I have an upcoming deadline, so I'd be grateful if this could be resolved soon.

Thank you.",Platform Bugs & UI,Confused,Low
"pasword... captions overlap controls, plz fix. this keeps happening every time.",Platform Bugs & UI,Urgent,Medium
"This wasn't happening before. Since the latest update, buttons overlap. It's inconsistent�sometimes it works, sometimes it doesn't�which makes it difficult to continue my coursework.",Platform Bugs & UI,Angry,Medium
"I'm honestly disappointed. offline sync fails. I pay for this service because I rely on it every day, and repeated interruptions are affecting my assignments and preparation. Please provide a permanent solution rather than a temporary workaround.",Platform Bugs & UI,Confused,Low
mobile app closes.,Platform Bugs & UI,Frustrated,Low
 quiz page reloads. Looking forward to your response.,Platform Bugs & UI,Confused,Low
"Hi LearnSphere Team, I'm facing an issue where filter resets. I tried another browser, but nothing changed. Looking forward to your response.",Platform Bugs & UI,Angry,Low
"Dear LearnSphere Support,

I am writing to formally report that page formatting broken. This problem has persisted for the last few days and is preventing me from using the platform effectively. I reinstalled the app without success. I would appreciate it if your technical team could investigate this matter at the earliest.

Kind regards,
A Learner",Platform Bugs & UI,Frustrated,High
"Hello,

I understand technical problems can happen, but discussion page hangs. I have an upcoming deadline, so I'd be grateful if this could be resolved soon.

Thank you.",Platform Bugs & UI,Angry,Medium
"vid... theme changes randomly, plz fix. this keeps happening every time.",Platform Bugs & UI,Frustrated,High
"This wasn't happening before. Since the latest update, calendar broken. It's inconsistent�sometimes it works, sometimes it doesn't�which makes it difficult to continue my coursework.",Platform Bugs & UI,Confused,High
"I'm honestly disappointed. filter resets. I pay for this service because I rely on it every day, and repeated interruptions are affecting my assignments and preparation. Please provide a permanent solution rather than a temporary workaround.",Platform Bugs & UI,Urgent,High
buttons overlap.,Platform Bugs & UI,Frustrated,Medium
"Hello Support, audio out of sync. Thank you.",Platform Bugs & UI,Urgent,High
"Hey team, I'm facing an issue where buttons overlap. I cleared cache, but nothing changed. Thank you.",Platform Bugs & UI,Confused,High
"Dear LearnSphere Support,

I am writing to formally report that buttons overlap. This problem has persisted for the last few days and is preventing me from using the platform effectively. I reinstalled the app without success. I would appreciate it if your technical team could investigate this matter at the earliest.

Kind regards,
A Learner",Platform Bugs & UI,Neutral,Low
"Hello,

I understand technical problems can happen, but offline sync fails. I have an upcoming deadline, so I'd be grateful if this could be resolved soon.

Thank you.",Platform Bugs & UI,Angry,High
"idk... dark mode unreadable, plz fix. this keeps happening every time.",Platform Bugs & UI,Confused,High
"This wasn't happening before. Since the latest update, quiz page reloads. It's inconsistent�sometimes it works, sometimes it doesn't�which makes it difficult to continue my coursework.",Platform Bugs & UI,Neutral,Low
"I'm honestly disappointed. buttons overlap. I pay for this service because I rely on it every day, and repeated interruptions are affecting my assignments and preparation. Please provide a permanent solution rather than a temporary workaround.",Platform Bugs & UI,Confused,Medium
notifications don't open.,Platform Bugs & UI,Frustrated,Low
I hope you're doing well. dark mode unreadable. This is affecting my learning.,Platform Bugs & UI,Urgent,Low
" I'm facing an issue where blank screen. I logged out and back in, but nothing changed. Please escalate if necessary.",Platform Bugs & UI,Neutral,High
"Dear LearnSphere Support,

I am writing to formally report that discussion page hangs. This problem has persisted for the last few days and is preventing me from using the platform effectively. I switched devices without success. I would appreciate it if your technical team could investigate this matter at the earliest.

Kind regards,
A Learner",Platform Bugs & UI,Urgent,Medium
"Hello,

I understand technical problems can happen, but discussion page hangs. I have an upcoming deadline, so I'd be grateful if this could be resolved soon.

Thank you.",Platform Bugs & UI,Confused,Medium
"subscrption... notifications don't open, plz fix. this keeps happening every time.",Platform Bugs & UI,Angry,High
"This wasn't happening before. Since the latest update, quiz page reloads. It's inconsistent�sometimes it works, sometimes it doesn't�which makes it difficult to continue my coursework.",Platform Bugs & UI,Frustrated,Medium
"I'm honestly disappointed. search returns nothing. I pay for this service because I rely on it every day, and repeated interruptions are affecting my assignments and preparation. Please provide a permanent solution rather than a temporary workaround.",Platform Bugs & UI,Frustrated,High
filter resets.,Platform Bugs & UI,Frustrated,Low
I hope you're doing well. theme changes randomly. Please escalate if necessary.,Platform Bugs & UI,Confused,Medium
"To whom it may concern, I'm facing an issue where app crashes. I cleared cache, but nothing changed. Regards.",Platform Bugs & UI,Urgent,Low
"Dear LearnSphere Support,

I am writing to formally report that filter resets. This problem has persisted for the last few days and is preventing me from using the platform effectively. I checked my email spam folder without success. I would appreciate it if your technical team could investigate this matter at the earliest.

Kind regards,
A Learner",Platform Bugs & UI,Angry,Medium
"Hello,

I understand technical problems can happen, but mobile app closes. I have an upcoming deadline, so I'd be grateful if this could be resolved soon.

Thank you.",Platform Bugs & UI,Neutral,High
"vid... theme changes randomly, plz fix. this keeps happening every time.",Platform Bugs & UI,Frustrated,Medium
"This wasn't happening before. Since the latest update, filter resets. It's inconsistent�sometimes it works, sometimes it doesn't�which makes it difficult to continue my coursework.",Platform Bugs & UI,Urgent,Low
"I'm honestly disappointed. spinner never stops. I pay for this service because I rely on it every day, and repeated interruptions are affecting my assignments and preparation. Please provide a permanent solution rather than a temporary workaround.",Platform Bugs & UI,Angry,High
captions overlap controls.,Platform Bugs & UI,Urgent,High
Urgent: page formatting broken. Looking forward to your response.,Platform Bugs & UI,Angry,Low
"Hello Support, I'm facing an issue where offline sync fails. I cleared cache, but nothing changed. Looking forward to your response.",Platform Bugs & UI,Angry,High
"Dear LearnSphere Support,

I am writing to formally report that search returns nothing. This problem has persisted for the last few days and is preventing me from using the platform effectively. I checked my email spam folder without success. I would appreciate it if your technical team could investigate this matter at the earliest.

Kind regards,
A Learner",Platform Bugs & UI,Confused,Low
"Hello,

I understand technical problems can happen, but filter resets. I have an upcoming deadline, so I'd be grateful if this could be resolved soon.

Thank you.",Platform Bugs & UI,Urgent,Medium
"vid... filter resets, plz fix. this keeps happening every time.",Platform Bugs & UI,Confused,Low
"This wasn't happening before. Since the latest update, video freezes. It's inconsistent�sometimes it works, sometimes it doesn't�which makes it difficult to continue my coursework.",Platform Bugs & UI,Urgent,High
"I'm honestly disappointed. calendar broken. I pay for this service because I rely on it every day, and repeated interruptions are affecting my assignments and preparation. Please provide a permanent solution rather than a temporary workaround.",Platform Bugs & UI,Confused,Medium
notifications don't open.,Platform Bugs & UI,Urgent,Low
I hope you're doing well. app crashes. This is affecting my learning.,Platform Bugs & UI,Urgent,Medium
"Hi LearnSphere Team, I'm facing an issue where buttons overlap. I tried another browser, but nothing changed. ",Platform Bugs & UI,Neutral,High
"Dear LearnSphere Support,

I am writing to formally report that video freezes. This problem has persisted for the last few days and is preventing me from using the platform effectively. I even asked a classmate to verify the issue without success. I would appreciate it if your technical team could investigate this matter at the earliest.

Kind regards,
A Learner",Platform Bugs & UI,Neutral,Low
"Hello,

I understand technical problems can happen, but dashboard won't load. I have an upcoming deadline, so I'd be grateful if this could be resolved soon.

Thank you.",Platform Bugs & UI,Urgent,High
"biling... mobile app closes, plz fix. this keeps happening every time.",Platform Bugs & UI,Neutral,Medium
"This wasn't happening before. Since the latest update, offline sync fails. It's inconsistent�sometimes it works, sometimes it doesn't�which makes it difficult to continue my coursework.",Platform Bugs & UI,Urgent,High
"I'm honestly disappointed. search returns nothing. I pay for this service because I rely on it every day, and repeated interruptions are affecting my assignments and preparation. Please provide a permanent solution rather than a temporary workaround.",Platform Bugs & UI,Angry,High
discussion page hangs.,Platform Bugs & UI,Frustrated,Medium
"Good evening, filter resets. Looking forward to your response.",Platform Bugs & UI,Angry,Low
"To whom it may concern, I'm facing an issue where search returns nothing. I updated the application, but nothing changed. Thank you.",Platform Bugs & UI,Frustrated,Low
"Dear LearnSphere Support,

I am writing to formally report that notifications don't open. This problem has persisted for the last few days and is preventing me from using the platform effectively. I switched devices without success. I would appreciate it if your technical team could investigate this matter at the earliest.

Kind regards,
A Learner",Platform Bugs & UI,Angry,Low
"Hello,

I understand technical problems can happen, but audio out of sync. I have an upcoming deadline, so I'd be grateful if this could be resolved soon.

Thank you.",Platform Bugs & UI,Frustrated,Medium
"subscrption... filter resets, plz fix. this keeps happening every time.",Platform Bugs & UI,Urgent,High
"This wasn't happening before. Since the latest update, filter resets. It's inconsistent�sometimes it works, sometimes it doesn't�which makes it difficult to continue my coursework.",Platform Bugs & UI,Angry,Medium
"I'm honestly disappointed. dashboard won't load. I pay for this service because I rely on it every day, and repeated interruptions are affecting my assignments and preparation. Please provide a permanent solution rather than a temporary workaround.",Platform Bugs & UI,Angry,High
notifications don't open.,Platform Bugs & UI,Angry,High
"To whom it may concern, dark mode unreadable. Regards.",Platform Bugs & UI,Confused,High
"Urgent: I'm facing an issue where search returns nothing. I even asked a classmate to verify the issue, but nothing changed. Regards.",Platform Bugs & UI,Urgent,High
"Dear LearnSphere Support,

I am writing to formally report that buttons overlap. This problem has persisted for the last few days and is preventing me from using the platform effectively. I reinstalled the app without success. I would appreciate it if your technical team could investigate this matter at the earliest.

Kind regards,
A Learner",Platform Bugs & UI,Angry,Medium
"Hello,

I understand technical problems can happen, but app crashes. I have an upcoming deadline, so I'd be grateful if this could be resolved soon.

Thank you.",Platform Bugs & UI,Confused,High
"idk... quiz page reloads, plz fix. this keeps happening every time.",Platform Bugs & UI,Urgent,Medium
"This wasn't happening before. Since the latest update, buttons overlap. It's inconsistent�sometimes it works, sometimes it doesn't�which makes it difficult to continue my coursework.",Platform Bugs & UI,Frustrated,Medium
"I'm honestly disappointed. dashboard won't load. I pay for this service because I rely on it every day, and repeated interruptions are affecting my assignments and preparation. Please provide a permanent solution rather than a temporary workaround.",Platform Bugs & UI,Neutral,Low
filter resets.,Platform Bugs & UI,Confused,Low
 quiz page reloads. Looking forward to your response.,Platform Bugs & UI,Neutral,Medium
"Hi LearnSphere Team, I'm facing an issue where dark mode unreadable. I switched devices, but nothing changed. Regards.",Platform Bugs & UI,Urgent,Medium
"Dear LearnSphere Support,

I am writing to formally report that app crashes. This problem has persisted for the last few days and is preventing me from using the platform effectively. I checked my email spam folder without success. I would appreciate it if your technical team could investigate this matter at the earliest.

Kind regards,
A Learner",Platform Bugs & UI,Neutral,Low
"Hello,

I understand technical problems can happen, but downloads fail. I have an upcoming deadline, so I'd be grateful if this could be resolved soon.

Thank you.",Platform Bugs & UI,Angry,Low
"vid... buttons overlap, plz fix. this keeps happening every time.",Platform Bugs & UI,Frustrated,Low
"This wasn't happening before. Since the latest update, notifications don't open. It's inconsistent�sometimes it works, sometimes it doesn't�which makes it difficult to continue my coursework.",Platform Bugs & UI,Angry,High
"I'm honestly disappointed. offline sync fails. I pay for this service because I rely on it every day, and repeated interruptions are affecting my assignments and preparation. Please provide a permanent solution rather than a temporary workaround.",Platform Bugs & UI,Urgent,Medium
theme changes randomly.,Platform Bugs & UI,Angry,Medium
"Dear Support Team, page formatting broken. Regards.",Platform Bugs & UI,Urgent,High
"Urgent: I'm facing an issue where audio out of sync. I even asked a classmate to verify the issue, but nothing changed. Regards.",Platform Bugs & UI,Neutral,Low
"Dear LearnSphere Support,

I am writing to formally report that page formatting broken. This problem has persisted for the last few days and is preventing me from using the platform effectively. I updated the application without success. I would appreciate it if your technical team could investigate this matter at the earliest.

Kind regards,
A Learner",Platform Bugs & UI,Angry,Low
"Hello,

I understand technical problems can happen, but spinner never stops. I have an upcoming deadline, so I'd be grateful if this could be resolved soon.

Thank you.",Platform Bugs & UI,Neutral,High
"asap... app crashes, plz fix. this keeps happening every time.",Platform Bugs & UI,Neutral,High
"This wasn't happening before. Since the latest update, blank screen. It's inconsistent�sometimes it works, sometimes it doesn't�which makes it difficult to continue my coursework.",Platform Bugs & UI,Confused,High
"I'm honestly disappointed. video freezes. I pay for this service because I rely on it every day, and repeated interruptions are affecting my assignments and preparation. Please provide a permanent solution rather than a temporary workaround.",Platform Bugs & UI,Urgent,High
offline sync fails.,Platform Bugs & UI,Urgent,High
"Hey team, buttons overlap. Thank you.",Platform Bugs & UI,Confused,High
"Hi LearnSphere Team, I'm facing an issue where mobile app closes. I reinstalled the app, but nothing changed. ",Platform Bugs & UI,Urgent,Low
"Dear LearnSphere Support,

I am writing to formally report that buttons overlap. This problem has persisted for the last few days and is preventing me from using the platform effectively. I switched devices without success. I would appreciate it if your technical team could investigate this matter at the earliest.

Kind regards,
A Learner",Platform Bugs & UI,Frustrated,Medium
"Hello,

I understand technical problems can happen, but captions overlap controls. I have an upcoming deadline, so I'd be grateful if this could be resolved soon.

Thank you.",Platform Bugs & UI,Confused,High
"asap... dashboard won't load, plz fix. this keeps happening every time.",Platform Bugs & UI,Frustrated,High
"This wasn't happening before. Since the latest update, page formatting broken. It's inconsistent�sometimes it works, sometimes it doesn't�which makes it difficult to continue my coursework.",Platform Bugs & UI,Neutral,Medium
"I'm honestly disappointed. dashboard won't load. I pay for this service because I rely on it every day, and repeated interruptions are affecting my assignments and preparation. Please provide a permanent solution rather than a temporary workaround.",Platform Bugs & UI,Frustrated,Medium
video freezes.,Platform Bugs & UI,Neutral,Medium
"To whom it may concern, downloads fail. Please look into this.",Platform Bugs & UI,Urgent,Medium
" I'm facing an issue where spinner never stops. I tried another browser, but nothing changed. Thank you.",Platform Bugs & UI,Frustrated,High
"Dear LearnSphere Support,

I am writing to formally report that downloads fail. This problem has persisted for the last few days and is preventing me from using the platform effectively. I checked my email spam folder without success. I would appreciate it if your technical team could investigate this matter at the earliest.

Kind regards,
A Learner",Platform Bugs & UI,Confused,Low
"Hello,

I understand technical problems can happen, but calendar broken. I have an upcoming deadline, so I'd be grateful if this could be resolved soon.

Thank you.",Platform Bugs & UI,Frustrated,Low
"subscrption... offline sync fails, plz fix. this keeps happening every time.",Platform Bugs & UI,Confused,Low
"This wasn't happening before. Since the latest update, page formatting broken. It's inconsistent�sometimes it works, sometimes it doesn't�which makes it difficult to continue my coursework.",Platform Bugs & UI,Neutral,Low
"I'm honestly disappointed. video freezes. I pay for this service because I rely on it every day, and repeated interruptions are affecting my assignments and preparation. Please provide a permanent solution rather than a temporary workaround.",Platform Bugs & UI,Frustrated,Medium
spinner never stops.,Platform Bugs & UI,Frustrated,Medium
"To whom it may concern, search returns nothing. Looking forward to your response.",Platform Bugs & UI,Neutral,Medium
"Hi LearnSphere Team, I'm facing an issue where buttons overlap. I reinstalled the app, but nothing changed. Kindly resolve this soon.",Platform Bugs & UI,Urgent,High
"Dear LearnSphere Support,

I am writing to formally report that discussion page hangs. This problem has persisted for the last few days and is preventing me from using the platform effectively. I even asked a classmate to verify the issue without success. I would appreciate it if your technical team could investigate this matter at the earliest.

Kind regards,
A Learner",Platform Bugs & UI,Urgent,High
"Hello,

I understand technical problems can happen, but spinner never stops. I have an upcoming deadline, so I'd be grateful if this could be resolved soon.

Thank you.",Platform Bugs & UI,Frustrated,Medium
"vid... app crashes, plz fix. this keeps happening every time.",Platform Bugs & UI,Angry,High
"This wasn't happening before. Since the latest update, notifications don't open. It's inconsistent�sometimes it works, sometimes it doesn't�which makes it difficult to continue my coursework.",Platform Bugs & UI,Frustrated,Medium
"I'm honestly disappointed. video freezes. I pay for this service because I rely on it every day, and repeated interruptions are affecting my assignments and preparation. Please provide a permanent solution rather than a temporary workaround.",Platform Bugs & UI,Angry,High
discussion page hangs.,Platform Bugs & UI,Frustrated,Medium
"Hello Support, mobile app closes. Kindly resolve this soon.",Platform Bugs & UI,Urgent,High
" I'm facing an issue where search returns nothing. I updated the application, but nothing changed. ",Platform Bugs & UI,Frustrated,High
"Dear LearnSphere Support,

I am writing to formally report that filter resets. This problem has persisted for the last few days and is preventing me from using the platform effectively. I reinstalled the app without success. I would appreciate it if your technical team could investigate this matter at the earliest.

Kind regards,
A Learner",Platform Bugs & UI,Confused,Medium
"Hello,

I understand technical problems can happen, but mobile app closes. I have an upcoming deadline, so I'd be grateful if this could be resolved soon.

Thank you.",Platform Bugs & UI,Confused,Low
"subscrption... mobile app closes, plz fix. this keeps happening every time.",Platform Bugs & UI,Urgent,Medium
"This wasn't happening before. Since the latest update, app crashes. It's inconsistent�sometimes it works, sometimes it doesn't�which makes it difficult to continue my coursework.",Platform Bugs & UI,Frustrated,Medium
"I'm honestly disappointed. page formatting broken. I pay for this service because I rely on it every day, and repeated interruptions are affecting my assignments and preparation. Please provide a permanent solution rather than a temporary workaround.",Platform Bugs & UI,Neutral,High
downloads fail.,Platform Bugs & UI,Frustrated,Low
 dark mode unreadable. This is affecting my learning.,Platform Bugs & UI,Angry,Medium
"Hey team, I'm facing an issue where captions overlap controls. I checked my email spam folder, but nothing changed. Please look into this.",Platform Bugs & UI,Confused,High
"Dear LearnSphere Support,

I am writing to formally report that mobile app closes. This problem has persisted for the last few days and is preventing me from using the platform effectively. I tried another browser without success. I would appreciate it if your technical team could investigate this matter at the earliest.

Kind regards,
A Learner",Platform Bugs & UI,Neutral,Low
"Hello,

I understand technical problems can happen, but spinner never stops. I have an upcoming deadline, so I'd be grateful if this could be resolved soon.

Thank you.",Platform Bugs & UI,Frustrated,Low
"cnt... mobile app closes, plz fix. this keeps happening every time.",Platform Bugs & UI,Angry,Low
"This wasn't happening before. Since the latest update, page formatting broken. It's inconsistent�sometimes it works, sometimes it doesn't�which makes it difficult to continue my coursework.",Platform Bugs & UI,Urgent,Medium
"I'm honestly disappointed. theme changes randomly. I pay for this service because I rely on it every day, and repeated interruptions are affecting my assignments and preparation. Please provide a permanent solution rather than a temporary workaround.",Platform Bugs & UI,Neutral,High
audio out of sync.,Platform Bugs & UI,Neutral,Low
I hope you're doing well. theme changes randomly. Kindly resolve this soon.,Platform Bugs & UI,Angry,High
"Hi LearnSphere Team, I'm facing an issue where theme changes randomly. I switched devices, but nothing changed. Please look into this.",Platform Bugs & UI,Urgent,Medium
"Dear LearnSphere Support,

I am writing to formally report that video freezes. This problem has persisted for the last few days and is preventing me from using the platform effectively. I cleared cache without success. I would appreciate it if your technical team could investigate this matter at the earliest.

Kind regards,
A Learner",Platform Bugs & UI,Confused,Medium
"Hello,

I understand technical problems can happen, but mobile app closes. I have an upcoming deadline, so I'd be grateful if this could be resolved soon.

Thank you.",Platform Bugs & UI,Angry,Medium
"idk... mobile app closes, plz fix. this keeps happening every time.",Platform Bugs & UI,Frustrated,High
"This wasn't happening before. Since the latest update, video freezes. It's inconsistent�sometimes it works, sometimes it doesn't�which makes it difficult to continue my coursework.",Platform Bugs & UI,Angry,High
"I'm honestly disappointed. buttons overlap. I pay for this service because I rely on it every day, and repeated interruptions are affecting my assignments and preparation. Please provide a permanent solution rather than a temporary workaround.",Platform Bugs & UI,Neutral,Medium
page formatting broken.,Platform Bugs & UI,Neutral,Medium
"Hi LearnSphere Team, downloads fail. Thank you.",Platform Bugs & UI,Angry,Medium
"Urgent: I'm facing an issue where captions overlap controls. I cleared cache, but nothing changed. Kindly resolve this soon.",Platform Bugs & UI,Frustrated,Medium
"Dear LearnSphere Support,

I am writing to formally report that quiz page reloads. This problem has persisted for the last few days and is preventing me from using the platform effectively. I reinstalled the app without success. I would appreciate it if your technical team could investigate this matter at the earliest.

Kind regards,
A Learner",Platform Bugs & UI,Frustrated,High
"Hello,

I understand technical problems can happen, but offline sync fails. I have an upcoming deadline, so I'd be grateful if this could be resolved soon.

Thank you.",Platform Bugs & UI,Confused,Low
"vid... dark mode unreadable, plz fix. this keeps happening every time.",Platform Bugs & UI,Frustrated,Medium
"This wasn't happening before. Since the latest update, dark mode unreadable. It's inconsistent�sometimes it works, sometimes it doesn't�which makes it difficult to continue my coursework.",Platform Bugs & UI,Urgent,Low
"I'm honestly disappointed. video freezes. I pay for this service because I rely on it every day, and repeated interruptions are affecting my assignments and preparation. Please provide a permanent solution rather than a temporary workaround.",Platform Bugs & UI,Confused,High
spinner never stops.,Platform Bugs & UI,Frustrated,Medium
"Hey team, dashboard won't load. ",Platform Bugs & UI,Confused,High
"Dear Support Team, I'm facing an issue where captions overlap controls. I tried another browser, but nothing changed. Regards.",Platform Bugs & UI,Frustrated,Low
"Dear LearnSphere Support,

I am writing to formally report that calendar broken. This problem has persisted for the last few days and is preventing me from using the platform effectively. I reinstalled the app without success. I would appreciate it if your technical team could investigate this matter at the earliest.

Kind regards,
A Learner",Platform Bugs & UI,Urgent,High
"Hello,

I understand technical problems can happen, but calendar broken. I have an upcoming deadline, so I'd be grateful if this could be resolved soon.

Thank you.",Platform Bugs & UI,Confused,High
"cnt... video freezes, plz fix. this keeps happening every time.",Platform Bugs & UI,Urgent,Medium
"This wasn't happening before. Since the latest update, video freezes. It's inconsistent�sometimes it works, sometimes it doesn't�which makes it difficult to continue my coursework.",Platform Bugs & UI,Angry,High
"I'm honestly disappointed. app crashes. I pay for this service because I rely on it every day, and repeated interruptions are affecting my assignments and preparation. Please provide a permanent solution rather than a temporary workaround.",Platform Bugs & UI,Neutral,Medium
notifications don't open.,Platform Bugs & UI,Neutral,Low
Urgent: filter resets. ,Platform Bugs & UI,Neutral,High
"Good evening, I'm facing an issue where app crashes. I cleared cache, but nothing changed. This is affecting my learning.",Platform Bugs & UI,Angry,High
"Dear LearnSphere Support,

I am writing to formally report that audio out of sync. This problem has persisted for the last few days and is preventing me from using the platform effectively. I logged out and back in without success. I would appreciate it if your technical team could investigate this matter at the earliest.

Kind regards,
A Learner",Platform Bugs & UI,Frustrated,Medium
"Hello,

I understand technical problems can happen, but captions overlap controls. I have an upcoming deadline, so I'd be grateful if this could be resolved soon.

Thank you.",Platform Bugs & UI,Neutral,Low
"plz... dashboard won't load, plz fix. this keeps happening every time.",Platform Bugs & UI,Confused,High
"This wasn't happening before. Since the latest update, notifications don't open. It's inconsistent�sometimes it works, sometimes it doesn't�which makes it difficult to continue my coursework.",Platform Bugs & UI,Frustrated,Low
"I'm honestly disappointed. captions overlap controls. I pay for this service because I rely on it every day, and repeated interruptions are affecting my assignments and preparation. Please provide a permanent solution rather than a temporary workaround.",Platform Bugs & UI,Confused,Medium
offline sync fails.,Platform Bugs & UI,Frustrated,High
"Hi LearnSphere Team, buttons overlap. ",Platform Bugs & UI,Angry,Low
"I hope you're doing well. I'm facing an issue where dashboard won't load. I checked my email spam folder, but nothing changed. Kindly resolve this soon.",Platform Bugs & UI,Frustrated,Medium
"Dear LearnSphere Support,

I am writing to formally report that discussion page hangs. This problem has persisted for the last few days and is preventing me from using the platform effectively. I logged out and back in without success. I would appreciate it if your technical team could investigate this matter at the earliest.

Kind regards,
A Learner",Platform Bugs & UI,Frustrated,Medium
"Hello,

I understand technical problems can happen, but filter resets. I have an upcoming deadline, so I'd be grateful if this could be resolved soon.

Thank you.",Platform Bugs & UI,Confused,Low
"asap... page formatting broken, plz fix. this keeps happening every time.",Platform Bugs & UI,Frustrated,High
"This wasn't happening before. Since the latest update, audio out of sync. It's inconsistent�sometimes it works, sometimes it doesn't�which makes it difficult to continue my coursework.",Platform Bugs & UI,Urgent,Low
"I'm honestly disappointed. blank screen. I pay for this service because I rely on it every day, and repeated interruptions are affecting my assignments and preparation. Please provide a permanent solution rather than a temporary workaround.",Platform Bugs & UI,Frustrated,Low
spinner never stops.,Platform Bugs & UI,Neutral,High
"Dear Support Team, blank screen. Please look into this.",Platform Bugs & UI,Angry,Low
"To whom it may concern, I'm facing an issue where offline sync fails. I tried another browser, but nothing changed. Thank you.",Platform Bugs & UI,Frustrated,High
"Dear LearnSphere Support,

I am writing to formally report that app crashes. This problem has persisted for the last few days and is preventing me from using the platform effectively. I checked my email spam folder without success. I would appreciate it if your technical team could investigate this matter at the earliest.

Kind regards,
A Learner",Platform Bugs & UI,Angry,Medium
"Hello,

I understand technical problems can happen, but buttons overlap. I have an upcoming deadline, so I'd be grateful if this could be resolved soon.

Thank you.",Platform Bugs & UI,Urgent,Medium
"plz... discussion page hangs, plz fix. this keeps happening every time.",Platform Bugs & UI,Angry,Medium
"This wasn't happening before. Since the latest update, audio out of sync. It's inconsistent�sometimes it works, sometimes it doesn't�which makes it difficult to continue my coursework.",Platform Bugs & UI,Angry,High
"I'm honestly disappointed. page formatting broken. I pay for this service because I rely on it every day, and repeated interruptions are affecting my assignments and preparation. Please provide a permanent solution rather than a temporary workaround.",Platform Bugs & UI,Frustrated,Medium
video freezes.,Platform Bugs & UI,Angry,High
"Good evening, theme changes randomly. Thank you.",Platform Bugs & UI,Frustrated,Low
"Hello Support, I'm facing an issue where page formatting broken. I reinstalled the app, but nothing changed. Regards.",Platform Bugs & UI,Urgent,Medium
"Dear LearnSphere Support,

I am writing to formally report that quiz page reloads. This problem has persisted for the last few days and is preventing me from using the platform effectively. I updated the application without success. I would appreciate it if your technical team could investigate this matter at the earliest.

Kind regards,
A Learner",Platform Bugs & UI,Angry,High
"Hello,

I understand technical problems can happen, but page formatting broken. I have an upcoming deadline, so I'd be grateful if this could be resolved soon.

Thank you.",Platform Bugs & UI,Angry,Low
"pasword... discussion page hangs, plz fix. this keeps happening every time.",Platform Bugs & UI,Frustrated,Low
"This wasn't happening before. Since the latest update, search returns nothing. It's inconsistent�sometimes it works, sometimes it doesn't�which makes it difficult to continue my coursework.",Platform Bugs & UI,Neutral,High
"I'm honestly disappointed. notifications don't open. I pay for this service because I rely on it every day, and repeated interruptions are affecting my assignments and preparation. Please provide a permanent solution rather than a temporary workaround.",Platform Bugs & UI,Urgent,High
quiz page reloads.,Platform Bugs & UI,Neutral,High
"Dear Support Team, mobile app closes. Regards.",Platform Bugs & UI,Angry,Medium
"I hope you're doing well. I'm facing an issue where page formatting broken. I checked my email spam folder, but nothing changed. Looking forward to your response.",Platform Bugs & UI,Frustrated,High
"Dear LearnSphere Support,

I am writing to formally report that dashboard won't load. This problem has persisted for the last few days and is preventing me from using the platform effectively. I switched devices without success. I would appreciate it if your technical team could investigate this matter at the earliest.

Kind regards,
A Learner",Platform Bugs & UI,Frustrated,Low
"Hello,

I understand technical problems can happen, but filter resets. I have an upcoming deadline, so I'd be grateful if this could be resolved soon.

Thank you.",Platform Bugs & UI,Urgent,Low
"vid... notifications don't open, plz fix. this keeps happening every time.",Platform Bugs & UI,Confused,Low
"This wasn't happening before. Since the latest update, captions overlap controls. It's inconsistent�sometimes it works, sometimes it doesn't�which makes it difficult to continue my coursework.",Platform Bugs & UI,Frustrated,Medium
"I'm honestly disappointed. captions overlap controls. I pay for this service because I rely on it every day, and repeated interruptions are affecting my assignments and preparation. Please provide a permanent solution rather than a temporary workaround.",Platform Bugs & UI,Angry,High
audio out of sync.,Platform Bugs & UI,Urgent,High
I hope you're doing well. theme changes randomly. This is affecting my learning.,Platform Bugs & UI,Angry,Medium
"Hello Support, I'm facing an issue where downloads fail. I even asked a classmate to verify the issue, but nothing changed. Please look into this.",Platform Bugs & UI,Angry,Low
"Dear LearnSphere Support,

I am writing to formally report that video freezes. This problem has persisted for the last few days and is preventing me from using the platform effectively. I reinstalled the app without success. I would appreciate it if your technical team could investigate this matter at the earliest.

Kind regards,
A Learner",Platform Bugs & UI,Confused,Medium
"Hello,

I understand technical problems can happen, but page formatting broken. I have an upcoming deadline, so I'd be grateful if this could be resolved soon.

Thank you.",Platform Bugs & UI,Confused,Low
"vid... dark mode unreadable, plz fix. this keeps happening every time.",Platform Bugs & UI,Angry,Low
"This wasn't happening before. Since the latest update, spinner never stops. It's inconsistent�sometimes it works, sometimes it doesn't�which makes it difficult to continue my coursework.",Platform Bugs & UI,Confused,Low
"I'm honestly disappointed. quiz page reloads. I pay for this service because I rely on it every day, and repeated interruptions are affecting my assignments and preparation. Please provide a permanent solution rather than a temporary workaround.",Platform Bugs & UI,Frustrated,Low
quiz page reloads.,Platform Bugs & UI,Frustrated,High
"Dear Support Team, buttons overlap. This is affecting my learning.",Platform Bugs & UI,Angry,Low
"I hope you're doing well. I'm facing an issue where dashboard won't load. I cleared cache, but nothing changed. Please look into this.",Platform Bugs & UI,Confused,Low
"Dear LearnSphere Support,

I am writing to formally report that offline sync fails. This problem has persisted for the last few days and is preventing me from using the platform effectively. I switched devices without success. I would appreciate it if your technical team could investigate this matter at the earliest.

Kind regards,
A Learner",Platform Bugs & UI,Confused,Medium
"Hello,

I understand technical problems can happen, but downloads fail. I have an upcoming deadline, so I'd be grateful if this could be resolved soon.

Thank you.",Platform Bugs & UI,Neutral,High
"pasword... discussion page hangs, plz fix. this keeps happening every time.",Platform Bugs & UI,Confused,Low
"This wasn't happening before. Since the latest update, downloads fail. It's inconsistent�sometimes it works, sometimes it doesn't�which makes it difficult to continue my coursework.",Platform Bugs & UI,Neutral,Low
"I'm honestly disappointed. video freezes. I pay for this service because I rely on it every day, and repeated interruptions are affecting my assignments and preparation. Please provide a permanent solution rather than a temporary workaround.",Platform Bugs & UI,Confused,Medium
buttons overlap.,Platform Bugs & UI,Neutral,Low
Urgent: offline sync fails. Kindly resolve this soon.,Platform Bugs & UI,Neutral,Medium
"Hey team, I'm facing an issue where downloads fail. I updated the application, but nothing changed. Thank you.",Platform Bugs & UI,Frustrated,Low
"Dear LearnSphere Support,

I am writing to formally report that search returns nothing. This problem has persisted for the last few days and is preventing me from using the platform effectively. I reinstalled the app without success. I would appreciate it if your technical team could investigate this matter at the earliest.

Kind regards,
A Learner",Platform Bugs & UI,Confused,High
"Hello,

I understand technical problems can happen, but spinner never stops. I have an upcoming deadline, so I'd be grateful if this could be resolved soon.

Thank you.",Platform Bugs & UI,Neutral,Medium
"subscrption... page formatting broken, plz fix. this keeps happening every time.",Platform Bugs & UI,Confused,Low
"This wasn't happening before. Since the latest update, page formatting broken. It's inconsistent�sometimes it works, sometimes it doesn't�which makes it difficult to continue my coursework.",Platform Bugs & UI,Urgent,Low
"I'm honestly disappointed. mobile app closes. I pay for this service because I rely on it every day, and repeated interruptions are affecting my assignments and preparation. Please provide a permanent solution rather than a temporary workaround.",Platform Bugs & UI,Neutral,Low
theme changes randomly.,Platform Bugs & UI,Confused,Low
"Dear Support Team, calendar broken. ",Platform Bugs & UI,Confused,High
"Urgent: I'm facing an issue where blank screen. I tried another browser, but nothing changed. Regards.",Platform Bugs & UI,Urgent,Medium
"Dear LearnSphere Support,

I am writing to formally report that filter resets. This problem has persisted for the last few days and is preventing me from using the platform effectively. I logged out and back in without success. I would appreciate it if your technical team could investigate this matter at the earliest.

Kind regards,
A Learner",Platform Bugs & UI,Angry,High
"Hello,

I understand technical problems can happen, but audio out of sync. I have an upcoming deadline, so I'd be grateful if this could be resolved soon.

Thank you.",Platform Bugs & UI,Confused,Medium
"asap... quiz page reloads, plz fix. this keeps happening every time.",Platform Bugs & UI,Angry,Medium
"This wasn't happening before. Since the latest update, calendar broken. It's inconsistent�sometimes it works, sometimes it doesn't�which makes it difficult to continue my coursework.",Platform Bugs & UI,Urgent,Medium
"I'm honestly disappointed. dashboard won't load. I pay for this service because I rely on it every day, and repeated interruptions are affecting my assignments and preparation. Please provide a permanent solution rather than a temporary workaround.",Platform Bugs & UI,Frustrated,Low
discussion page hangs.,Platform Bugs & UI,Confused,Medium
"To whom it may concern, discussion page hangs. Kindly resolve this soon.",Platform Bugs & UI,Neutral,Medium
"Dear Support Team, I'm facing an issue where spinner never stops. I logged out and back in, but nothing changed. This is affecting my learning.",Platform Bugs & UI,Urgent,Low
"Dear LearnSphere Support,

I am writing to formally report that search returns nothing. This problem has persisted for the last few days and is preventing me from using the platform effectively. I tried another browser without success. I would appreciate it if your technical team could investigate this matter at the earliest.

Kind regards,
A Learner",Platform Bugs & UI,Neutral,Medium
"Hello,

I understand technical problems can happen, but filter resets. I have an upcoming deadline, so I'd be grateful if this could be resolved soon.

Thank you.",Platform Bugs & UI,Neutral,Low
"plz... dashboard won't load, plz fix. this keeps happening every time.",Platform Bugs & UI,Angry,High
"This wasn't happening before. Since the latest update, page formatting broken. It's inconsistent�sometimes it works, sometimes it doesn't�which makes it difficult to continue my coursework.",Platform Bugs & UI,Neutral,Medium
"I'm honestly disappointed. audio out of sync. I pay for this service because I rely on it every day, and repeated interruptions are affecting my assignments and preparation. Please provide a permanent solution rather than a temporary workaround.",Platform Bugs & UI,Angry,Medium
notifications don't open.,Platform Bugs & UI,Neutral,Medium
 theme changes randomly. Please escalate if necessary.,Platform Bugs & UI,Frustrated,Low
"Good evening, I'm facing an issue where audio out of sync. I checked my email spam folder, but nothing changed. Thank you.",Platform Bugs & UI,Neutral,Low
"Dear LearnSphere Support,

I am writing to formally report that offline sync fails. This problem has persisted for the last few days and is preventing me from using the platform effectively. I tried another browser without success. I would appreciate it if your technical team could investigate this matter at the earliest.

Kind regards,
A Learner",Platform Bugs & UI,Neutral,Low
"Hello,

I understand technical problems can happen, but buttons overlap. I have an upcoming deadline, so I'd be grateful if this could be resolved soon.

Thank you.",Platform Bugs & UI,Frustrated,Low
"plz... quiz page reloads, plz fix. this keeps happening every time.",Platform Bugs & UI,Urgent,Low
"This wasn't happening before. Since the latest update, theme changes randomly. It's inconsistent�sometimes it works, sometimes it doesn't�which makes it difficult to continue my coursework.",Platform Bugs & UI,Confused,High
"I'm honestly disappointed. theme changes randomly. I pay for this service because I rely on it every day, and repeated interruptions are affecting my assignments and preparation. Please provide a permanent solution rather than a temporary workaround.",Platform Bugs & UI,Neutral,Medium
calendar broken.,Platform Bugs & UI,Confused,High
"Dear Support Team, page formatting broken. This is affecting my learning.",Platform Bugs & UI,Frustrated,Medium
"I hope you're doing well. I'm facing an issue where offline sync fails. I updated the application, but nothing changed. Please escalate if necessary.",Platform Bugs & UI,Urgent,High
"Dear LearnSphere Support,

I am writing to formally report that video freezes. This problem has persisted for the last few days and is preventing me from using the platform effectively. I even asked a classmate to verify the issue without success. I would appreciate it if your technical team could investigate this matter at the earliest.

Kind regards,
A Learner",Platform Bugs & UI,Urgent,Low
"Hello,

I understand technical problems can happen, but spinner never stops. I have an upcoming deadline, so I'd be grateful if this could be resolved soon.

Thank you.",Platform Bugs & UI,Confused,Low
"asap... captions overlap controls, plz fix. this keeps happening every time.",Platform Bugs & UI,Confused,High
"This wasn't happening before. Since the latest update, dashboard won't load. It's inconsistent�sometimes it works, sometimes it doesn't�which makes it difficult to continue my coursework.",Platform Bugs & UI,Urgent,Medium
"I'm honestly disappointed. audio out of sync. I pay for this service because I rely on it every day, and repeated interruptions are affecting my assignments and preparation. Please provide a permanent solution rather than a temporary workaround.",Platform Bugs & UI,Neutral,Low
theme changes randomly.,Platform Bugs & UI,Confused,Medium
"Good evening, notifications don't open. ",Platform Bugs & UI,Angry,High
"I hope you're doing well. I'm facing an issue where video freezes. I switched devices, but nothing changed. Regards.",Platform Bugs & UI,Neutral,High
"Dear LearnSphere Support,

I am writing to formally report that video freezes. This problem has persisted for the last few days and is preventing me from using the platform effectively. I even asked a classmate to verify the issue without success. I would appreciate it if your technical team could investigate this matter at the earliest.

Kind regards,
A Learner",Platform Bugs & UI,Neutral,Medium
"Hello,

I understand technical problems can happen, but discussion page hangs. I have an upcoming deadline, so I'd be grateful if this could be resolved soon.

Thank you.",Platform Bugs & UI,Angry,Medium
"cnt... spinner never stops, plz fix. this keeps happening every time.",Platform Bugs & UI,Neutral,High
"This wasn't happening before. Since the latest update, video freezes. It's inconsistent�sometimes it works, sometimes it doesn't�which makes it difficult to continue my coursework.",Platform Bugs & UI,Urgent,Low
"I'm honestly disappointed. search returns nothing. I pay for this service because I rely on it every day, and repeated interruptions are affecting my assignments and preparation. Please provide a permanent solution rather than a temporary workaround.",Platform Bugs & UI,Confused,Medium
dashboard won't load.,Platform Bugs & UI,Urgent,High
"To whom it may concern, dashboard won't load. Please escalate if necessary.",Platform Bugs & UI,Confused,Medium
"Hey team, I'm facing an issue where blank screen. I updated the application, but nothing changed. Kindly resolve this soon.",Platform Bugs & UI,Angry,Low
"Dear LearnSphere Support,

I am writing to formally report that theme changes randomly. This problem has persisted for the last few days and is preventing me from using the platform effectively. I even asked a classmate to verify the issue without success. I would appreciate it if your technical team could investigate this matter at the earliest.

Kind regards,
A Learner",Platform Bugs & UI,Neutral,Low
"Hello,

I understand technical problems can happen, but downloads fail. I have an upcoming deadline, so I'd be grateful if this could be resolved soon.

Thank you.",Platform Bugs & UI,Frustrated,High
"pasword... mobile app closes, plz fix. this keeps happening every time.",Platform Bugs & UI,Frustrated,High
"This wasn't happening before. Since the latest update, page formatting broken. It's inconsistent�sometimes it works, sometimes it doesn't�which makes it difficult to continue my coursework.",Platform Bugs & UI,Angry,Low
"I'm honestly disappointed. downloads fail. I pay for this service because I rely on it every day, and repeated interruptions are affecting my assignments and preparation. Please provide a permanent solution rather than a temporary workaround.",Platform Bugs & UI,Confused,Low
spinner never stops.,Platform Bugs & UI,Neutral,Low
 discussion page hangs. Thank you.,Platform Bugs & UI,Angry,Low
"Hey team, I'm facing an issue where quiz page reloads. I cleared cache, but nothing changed. Regards.",Platform Bugs & UI,Neutral,Medium
"Dear LearnSphere Support,

I am writing to formally report that spinner never stops. This problem has persisted for the last few days and is preventing me from using the platform effectively. I switched devices without success. I would appreciate it if your technical team could investigate this matter at the earliest.

Kind regards,
A Learner",Platform Bugs & UI,Frustrated,Low
"Hello,

I understand technical problems can happen, but mobile app closes. I have an upcoming deadline, so I'd be grateful if this could be resolved soon.

Thank you.",Platform Bugs & UI,Angry,Medium
"subscrption... blank screen, plz fix. this keeps happening every time.",Platform Bugs & UI,Confused,Low
"This wasn't happening before. Since the latest update, captions overlap controls. It's inconsistent�sometimes it works, sometimes it doesn't�which makes it difficult to continue my coursework.",Platform Bugs & UI,Neutral,Medium
"I'm honestly disappointed. dark mode unreadable. I pay for this service because I rely on it every day, and repeated interruptions are affecting my assignments and preparation. Please provide a permanent solution rather than a temporary workaround.",Platform Bugs & UI,Confused,High
dashboard won't load.,Platform Bugs & UI,Neutral,High
"Hey team, captions overlap controls. ",Platform Bugs & UI,Neutral,Low
"Dear Support Team, I'm facing an issue where video freezes. I even asked a classmate to verify the issue, but nothing changed. Thank you.",Platform Bugs & UI,Angry,High
"Dear LearnSphere Support,

I am writing to formally report that discussion page hangs. This problem has persisted for the last few days and is preventing me from using the platform effectively. I logged out and back in without success. I would appreciate it if your technical team could investigate this matter at the earliest.

Kind regards,
A Learner",Platform Bugs & UI,Urgent,Medium
"Hello,

I understand technical problems can happen, but audio out of sync. I have an upcoming deadline, so I'd be grateful if this could be resolved soon.

Thank you.",Platform Bugs & UI,Angry,High
"idk... app crashes, plz fix. this keeps happening every time.",Platform Bugs & UI,Neutral,High
"This wasn't happening before. Since the latest update, audio out of sync. It's inconsistent�sometimes it works, sometimes it doesn't�which makes it difficult to continue my coursework.",Platform Bugs & UI,Neutral,High
"I'm honestly disappointed. offline sync fails. I pay for this service because I rely on it every day, and repeated interruptions are affecting my assignments and preparation. Please provide a permanent solution rather than a temporary workaround.",Platform Bugs & UI,Angry,High
downloads fail.,Platform Bugs & UI,Angry,Low
"To whom it may concern, downloads fail. ",Platform Bugs & UI,Angry,High
"Hello Support, I'm facing an issue where downloads fail. I updated the application, but nothing changed. Please look into this.",Platform Bugs & UI,Confused,Low
"Dear LearnSphere Support,

I am writing to formally report that calendar broken. This problem has persisted for the last few days and is preventing me from using the platform effectively. I checked my email spam folder without success. I would appreciate it if your technical team could investigate this matter at the earliest.

Kind regards,
A Learner",Platform Bugs & UI,Frustrated,High
"Hello,

I understand technical problems can happen, but captions overlap controls. I have an upcoming deadline, so I'd be grateful if this could be resolved soon.

Thank you.",Platform Bugs & UI,Angry,Medium
"idk... mobile app closes, plz fix. this keeps happening every time.",Platform Bugs & UI,Neutral,Low
"This wasn't happening before. Since the latest update, buttons overlap. It's inconsistent�sometimes it works, sometimes it doesn't�which makes it difficult to continue my coursework.",Platform Bugs & UI,Urgent,Medium
"I'm honestly disappointed. notifications don't open. I pay for this service because I rely on it every day, and repeated interruptions are affecting my assignments and preparation. Please provide a permanent solution rather than a temporary workaround.",Platform Bugs & UI,Angry,Low
calendar broken.,Platform Bugs & UI,Confused,High
Urgent: app crashes. Please look into this.,Platform Bugs & UI,Frustrated,High
"To whom it may concern, I'm facing an issue where audio out of sync. I logged out and back in, but nothing changed. Please escalate if necessary.",Platform Bugs & UI,Confused,Medium
"Dear LearnSphere Support,

I am writing to formally report that app crashes. This problem has persisted for the last few days and is preventing me from using the platform effectively. I cleared cache without success. I would appreciate it if your technical team could investigate this matter at the earliest.

Kind regards,
A Learner",Platform Bugs & UI,Neutral,Low
"Hello,

I understand technical problems can happen, but search returns nothing. I have an upcoming deadline, so I'd be grateful if this could be resolved soon.

Thank you.",Platform Bugs & UI,Neutral,High
"asap... audio out of sync, plz fix. this keeps happening every time.",Platform Bugs & UI,Angry,Low
"This wasn't happening before. Since the latest update, blank screen. It's inconsistent�sometimes it works, sometimes it doesn't�which makes it difficult to continue my coursework.",Platform Bugs & UI,Urgent,High
"I'm honestly disappointed. discussion page hangs. I pay for this service because I rely on it every day, and repeated interruptions are affecting my assignments and preparation. Please provide a permanent solution rather than a temporary workaround.",Platform Bugs & UI,Angry,Low
dark mode unreadable.,Platform Bugs & UI,Neutral,Low
"Hi LearnSphere Team, downloads fail. Thank you.",Platform Bugs & UI,Confused,Medium
"Hey team, I'm facing an issue where buttons overlap. I updated the application, but nothing changed. Regards.",Platform Bugs & UI,Frustrated,High
"Dear LearnSphere Support,

I am writing to formally report that video freezes. This problem has persisted for the last few days and is preventing me from using the platform effectively. I checked my email spam folder without success. I would appreciate it if your technical team could investigate this matter at the earliest.

Kind regards,
A Learner",Platform Bugs & UI,Confused,Medium
"Hello,

I understand technical problems can happen, but quiz page reloads. I have an upcoming deadline, so I'd be grateful if this could be resolved soon.

Thank you.",Platform Bugs & UI,Confused,Low
"biling... app crashes, plz fix. this keeps happening every time.",Platform Bugs & UI,Angry,High
"This wasn't happening before. Since the latest update, app crashes. It's inconsistent�sometimes it works, sometimes it doesn't�which makes it difficult to continue my coursework.",Platform Bugs & UI,Urgent,High
"I'm honestly disappointed. buttons overlap. I pay for this service because I rely on it every day, and repeated interruptions are affecting my assignments and preparation. Please provide a permanent solution rather than a temporary workaround.",Platform Bugs & UI,Angry,High
examples outdated.,Content & Academic,Angry,Low
"Hi LearnSphere Team, lecture cuts off halfway. Please look into this.",Content & Academic,Angry,Low
"I hope you're doing well. I'm facing an issue where subtitle mismatch. I reinstalled the app, but nothing changed. Kindly resolve this soon.",Content & Academic,Frustrated,Low
"Dear LearnSphere Support,

I am writing to formally report that chapter order confusing. This problem has persisted for the last few days and is preventing me from using the platform effectively. I cleared cache without success. I would appreciate it if your technical team could investigate this matter at the earliest.

Kind regards,
A Learner",Content & Academic,Frustrated,Medium
"Hello,

I understand technical problems can happen, but poor audio. I have an upcoming deadline, so I'd be grateful if this could be resolved soon.

Thank you.",Content & Academic,Frustrated,Low
"pasword... assignment instructions unclear, plz fix. this keeps happening every time.",Content & Academic,Confused,Low
"This wasn't happening before. Since the latest update, chapter order confusing. It's inconsistent�sometimes it works, sometimes it doesn't�which makes it difficult to continue my coursework.",Content & Academic,Urgent,Low
"I'm honestly disappointed. lab instructions incomplete. I pay for this service because I rely on it every day, and repeated interruptions are affecting my assignments and preparation. Please provide a permanent solution rather than a temporary workaround.",Content & Academic,Neutral,Low
lecture cuts off halfway.,Content & Academic,Confused,Medium
"Hello Support, chapter order confusing. Kindly resolve this soon.",Content & Academic,Confused,Low
"I hope you're doing well. I'm facing an issue where practice dataset unavailable. I switched devices, but nothing changed. Please look into this.",Content & Academic,Angry,Medium
"Dear LearnSphere Support,

I am writing to formally report that outdated syllabus. This problem has persisted for the last few days and is preventing me from using the platform effectively. I updated the application without success. I would appreciate it if your technical team could investigate this matter at the earliest.

Kind regards,
A Learner",Content & Academic,Confused,Medium
"Hello,

I understand technical problems can happen, but subtitle mismatch. I have an upcoming deadline, so I'd be grateful if this could be resolved soon.

Thank you.",Content & Academic,Frustrated,Medium
"vid... lecture cuts off halfway, plz fix. this keeps happening every time.",Content & Academic,Frustrated,Low
"This wasn't happening before. Since the latest update, poor audio. It's inconsistent�sometimes it works, sometimes it doesn't�which makes it difficult to continue my coursework.",Content & Academic,Angry,Medium
"I'm honestly disappointed. lecture cuts off halfway. I pay for this service because I rely on it every day, and repeated interruptions are affecting my assignments and preparation. Please provide a permanent solution rather than a temporary workaround.",Content & Academic,Angry,Low
case studies too old.,Content & Academic,Urgent,Low
"Hello Support, translation inaccurate. Looking forward to your response.",Content & Academic,Angry,Low
"Dear Support Team, I'm facing an issue where lab instructions incomplete. I logged out and back in, but nothing changed. ",Content & Academic,Frustrated,Medium
"Dear LearnSphere Support,

I am writing to formally report that outdated syllabus. This problem has persisted for the last few days and is preventing me from using the platform effectively. I even asked a classmate to verify the issue without success. I would appreciate it if your technical team could investigate this matter at the earliest.

Kind regards,
A Learner",Content & Academic,Angry,Low
"Hello,

I understand technical problems can happen, but assessment explanation absent. I have an upcoming deadline, so I'd be grateful if this could be resolved soon.

Thank you.",Content & Academic,Urgent,Low
"plz... subtitle mismatch, plz fix. this keeps happening every time.",Content & Academic,Urgent,Low
"This wasn't happening before. Since the latest update, examples outdated. It's inconsistent�sometimes it works, sometimes it doesn't�which makes it difficult to continue my coursework.",Content & Academic,Confused,Medium
"I'm honestly disappointed. subtitle mismatch. I pay for this service because I rely on it every day, and repeated interruptions are affecting my assignments and preparation. Please provide a permanent solution rather than a temporary workaround.",Content & Academic,Urgent,Low
wrong quiz answers.,Content & Academic,Confused,Medium
 reading material missing. Kindly resolve this soon.,Content & Academic,Confused,Medium
"Hi LearnSphere Team, I'm facing an issue where poor audio. I reinstalled the app, but nothing changed. ",Content & Academic,Neutral,Low
"Dear LearnSphere Support,

I am writing to formally report that translation inaccurate. This problem has persisted for the last few days and is preventing me from using the platform effectively. I logged out and back in without success. I would appreciate it if your technical team could investigate this matter at the earliest.

Kind regards,
A Learner",Content & Academic,Frustrated,Medium
"Hello,

I understand technical problems can happen, but examples outdated. I have an upcoming deadline, so I'd be grateful if this could be resolved soon.

Thank you.",Content & Academic,Frustrated,Low
"vid... lab instructions incomplete, plz fix. this keeps happening every time.",Content & Academic,Confused,Low
"This wasn't happening before. Since the latest update, case studies too old. It's inconsistent�sometimes it works, sometimes it doesn't�which makes it difficult to continue my coursework.",Content & Academic,Frustrated,Low
"I'm honestly disappointed. subtitle mismatch. I pay for this service because I rely on it every day, and repeated interruptions are affecting my assignments and preparation. Please provide a permanent solution rather than a temporary workaround.",Content & Academic,Urgent,Medium
assessment explanation absent.,Content & Academic,Neutral,Low
"Hi LearnSphere Team, duplicate lessons. Thank you.",Content & Academic,Angry,Low
"Hi LearnSphere Team, I'm facing an issue where poor audio. I switched devices, but nothing changed. Kindly resolve this soon.",Content & Academic,Confused,Low
"Dear LearnSphere Support,

I am writing to formally report that empty module. This problem has persisted for the last few days and is preventing me from using the platform effectively. I reinstalled the app without success. I would appreciate it if your technical team could investigate this matter at the earliest.

Kind regards,
A Learner",Content & Academic,Confused,Low
"Hello,

I understand technical problems can happen, but chapter order confusing. I have an upcoming deadline, so I'd be grateful if this could be resolved soon.

Thank you.",Content & Academic,Angry,Medium
"biling... empty module, plz fix. this keeps happening every time.",Content & Academic,Confused,Medium
"This wasn't happening before. Since the latest update, empty module. It's inconsistent�sometimes it works, sometimes it doesn't�which makes it difficult to continue my coursework.",Content & Academic,Urgent,Low
"I'm honestly disappointed. examples outdated. I pay for this service because I rely on it every day, and repeated interruptions are affecting my assignments and preparation. Please provide a permanent solution rather than a temporary workaround.",Content & Academic,Neutral,Medium
poor audio.,Content & Academic,Neutral,Medium
I hope you're doing well. missing lesson. Please escalate if necessary.,Content & Academic,Angry,Low
"Urgent: I'm facing an issue where reading material missing. I updated the application, but nothing changed. Please escalate if necessary.",Content & Academic,Confused,Medium
"Dear LearnSphere Support,

I am writing to formally report that outdated syllabus. This problem has persisted for the last few days and is preventing me from using the platform effectively. I updated the application without success. I would appreciate it if your technical team could investigate this matter at the earliest.

Kind regards,
A Learner",Content & Academic,Angry,Low
"Hello,

I understand technical problems can happen, but examples outdated. I have an upcoming deadline, so I'd be grateful if this could be resolved soon.

Thank you.",Content & Academic,Urgent,Low
"pasword... case studies too old, plz fix. this keeps happening every time.",Content & Academic,Neutral,Medium
"This wasn't happening before. Since the latest update, duplicate lessons. It's inconsistent�sometimes it works, sometimes it doesn't�which makes it difficult to continue my coursework.",Content & Academic,Neutral,Medium
"I'm honestly disappointed. examples outdated. I pay for this service because I rely on it every day, and repeated interruptions are affecting my assignments and preparation. Please provide a permanent solution rather than a temporary workaround.",Content & Academic,Angry,Medium
missing lesson.,Content & Academic,Neutral,Low
"Good evening, reading material missing. Regards.",Content & Academic,Confused,Low
"Hey team, I'm facing an issue where outdated syllabus. I logged out and back in, but nothing changed. ",Content & Academic,Angry,Medium
"Dear LearnSphere Support,

I am writing to formally report that mentor notes outdated. This problem has persisted for the last few days and is preventing me from using the platform effectively. I logged out and back in without success. I would appreciate it if your technical team could investigate this matter at the earliest.

Kind regards,
A Learner",Content & Academic,Angry,Medium
"Hello,

I understand technical problems can happen, but examples outdated. I have an upcoming deadline, so I'd be grateful if this could be resolved soon.

Thank you.",Content & Academic,Urgent,Low
"plz... chapter order confusing, plz fix. this keeps happening every time.",Content & Academic,Frustrated,Medium
"This wasn't happening before. Since the latest update, rubric inconsistent. It's inconsistent�sometimes it works, sometimes it doesn't�which makes it difficult to continue my coursework.",Content & Academic,Confused,Low
"I'm honestly disappointed. chapter order confusing. I pay for this service because I rely on it every day, and repeated interruptions are affecting my assignments and preparation. Please provide a permanent solution rather than a temporary workaround.",Content & Academic,Neutral,Medium
assessment explanation absent.,Content & Academic,Angry,Medium
"To whom it may concern, wrong quiz answers. Please escalate if necessary.",Content & Academic,Confused,Low
"Hi LearnSphere Team, I'm facing an issue where reading material missing. I logged out and back in, but nothing changed. Please look into this.",Content & Academic,Confused,Medium
"Dear LearnSphere Support,

I am writing to formally report that lecture cuts off halfway. This problem has persisted for the last few days and is preventing me from using the platform effectively. I even asked a classmate to verify the issue without success. I would appreciate it if your technical team could investigate this matter at the earliest.

Kind regards,
A Learner",Content & Academic,Confused,Medium
"Hello,

I understand technical problems can happen, but subtitle mismatch. I have an upcoming deadline, so I'd be grateful if this could be resolved soon.

Thank you.",Content & Academic,Urgent,Low
"idk... outdated syllabus, plz fix. this keeps happening every time.",Content & Academic,Frustrated,Medium
"This wasn't happening before. Since the latest update, mentor notes outdated. It's inconsistent�sometimes it works, sometimes it doesn't�which makes it difficult to continue my coursework.",Content & Academic,Urgent,Low
"I'm honestly disappointed. assessment explanation absent. I pay for this service because I rely on it every day, and repeated interruptions are affecting my assignments and preparation. Please provide a permanent solution rather than a temporary workaround.",Content & Academic,Confused,Medium
empty module.,Content & Academic,Angry,Medium
"Hey team, examples outdated. Please escalate if necessary.",Content & Academic,Urgent,Medium
"Hello Support, I'm facing an issue where chapter order confusing. I tried another browser, but nothing changed. Looking forward to your response.",Content & Academic,Confused,Medium
"Dear LearnSphere Support,

I am writing to formally report that poor audio. This problem has persisted for the last few days and is preventing me from using the platform effectively. I updated the application without success. I would appreciate it if your technical team could investigate this matter at the earliest.

Kind regards,
A Learner",Content & Academic,Neutral,Low
"Hello,

I understand technical problems can happen, but empty module. I have an upcoming deadline, so I'd be grateful if this could be resolved soon.

Thank you.",Content & Academic,Angry,Low
"idk... assignment instructions unclear, plz fix. this keeps happening every time.",Content & Academic,Angry,Medium
"This wasn't happening before. Since the latest update, examples outdated. It's inconsistent�sometimes it works, sometimes it doesn't�which makes it difficult to continue my coursework.",Content & Academic,Angry,Low
"I'm honestly disappointed. empty module. I pay for this service because I rely on it every day, and repeated interruptions are affecting my assignments and preparation. Please provide a permanent solution rather than a temporary workaround.",Content & Academic,Neutral,Low
broken reference links.,Content & Academic,Confused,Medium
"Hey team, empty module. Thank you.",Content & Academic,Angry,Low
"Good evening, I'm facing an issue where empty module. I cleared cache, but nothing changed. Regards.",Content & Academic,Confused,Medium
"Dear LearnSphere Support,

I am writing to formally report that chapter order confusing. This problem has persisted for the last few days and is preventing me from using the platform effectively. I even asked a classmate to verify the issue without success. I would appreciate it if your technical team could investigate this matter at the earliest.

Kind regards,
A Learner",Content & Academic,Urgent,Low
"Hello,

I understand technical problems can happen, but empty module. I have an upcoming deadline, so I'd be grateful if this could be resolved soon.

Thank you.",Content & Academic,Frustrated,Medium
"subscrption... missing lesson, plz fix. this keeps happening every time.",Content & Academic,Frustrated,Medium
"This wasn't happening before. Since the latest update, missing lesson. It's inconsistent�sometimes it works, sometimes it doesn't�which makes it difficult to continue my coursework.",Content & Academic,Neutral,Low
"I'm honestly disappointed. rubric inconsistent. I pay for this service because I rely on it every day, and repeated interruptions are affecting my assignments and preparation. Please provide a permanent solution rather than a temporary workaround.",Content & Academic,Confused,Medium
reading material missing.,Content & Academic,Frustrated,Low
 wrong quiz answers. Please look into this.,Content & Academic,Urgent,Low
"Good evening, I'm facing an issue where assignment instructions unclear. I cleared cache, but nothing changed. Please escalate if necessary.",Content & Academic,Urgent,Medium
"Dear LearnSphere Support,

I am writing to formally report that reading material missing. This problem has persisted for the last few days and is preventing me from using the platform effectively. I even asked a classmate to verify the issue without success. I would appreciate it if your technical team could investigate this matter at the earliest.

Kind regards,
A Learner",Content & Academic,Neutral,Medium
"Hello,

I understand technical problems can happen, but lab instructions incomplete. I have an upcoming deadline, so I'd be grateful if this could be resolved soon.

Thank you.",Content & Academic,Neutral,Medium
"biling... lab instructions incomplete, plz fix. this keeps happening every time.",Content & Academic,Neutral,Medium
"This wasn't happening before. Since the latest update, mentor notes outdated. It's inconsistent�sometimes it works, sometimes it doesn't�which makes it difficult to continue my coursework.",Content & Academic,Urgent,Low
"I'm honestly disappointed. practice dataset unavailable. I pay for this service because I rely on it every day, and repeated interruptions are affecting my assignments and preparation. Please provide a permanent solution rather than a temporary workaround.",Content & Academic,Neutral,Low
outdated syllabus.,Content & Academic,Angry,Medium
"Hi LearnSphere Team, broken reference links. Thank you.",Content & Academic,Urgent,Medium
"I hope you're doing well. I'm facing an issue where subtitle mismatch. I even asked a classmate to verify the issue, but nothing changed. ",Content & Academic,Urgent,Medium
"Dear LearnSphere Support,

I am writing to formally report that poor audio. This problem has persisted for the last few days and is preventing me from using the platform effectively. I cleared cache without success. I would appreciate it if your technical team could investigate this matter at the earliest.

Kind regards,
A Learner",Content & Academic,Neutral,Low
"Hello,

I understand technical problems can happen, but practice dataset unavailable. I have an upcoming deadline, so I'd be grateful if this could be resolved soon.

Thank you.",Content & Academic,Frustrated,Medium
"biling... duplicate lessons, plz fix. this keeps happening every time.",Content & Academic,Urgent,Medium
"This wasn't happening before. Since the latest update, mentor notes outdated. It's inconsistent�sometimes it works, sometimes it doesn't�which makes it difficult to continue my coursework.",Content & Academic,Urgent,Low
"I'm honestly disappointed. practice dataset unavailable. I pay for this service because I rely on it every day, and repeated interruptions are affecting my assignments and preparation. Please provide a permanent solution rather than a temporary workaround.",Content & Academic,Angry,Medium
assignment instructions unclear.,Content & Academic,Angry,Medium
"Good evening, lecture cuts off halfway. Regards.",Content & Academic,Urgent,Low
"Urgent: I'm facing an issue where broken reference links. I tried another browser, but nothing changed. This is affecting my learning.",Content & Academic,Urgent,Medium
"Dear LearnSphere Support,

I am writing to formally report that empty module. This problem has persisted for the last few days and is preventing me from using the platform effectively. I even asked a classmate to verify the issue without success. I would appreciate it if your technical team could investigate this matter at the earliest.

Kind regards,
A Learner",Content & Academic,Frustrated,Medium
"Hello,

I understand technical problems can happen, but case studies too old. I have an upcoming deadline, so I'd be grateful if this could be resolved soon.

Thank you.",Content & Academic,Confused,Low
"pasword... poor audio, plz fix. this keeps happening every time.",Content & Academic,Frustrated,Low
"This wasn't happening before. Since the latest update, chapter order confusing. It's inconsistent�sometimes it works, sometimes it doesn't�which makes it difficult to continue my coursework.",Content & Academic,Frustrated,Low
"I'm honestly disappointed. lab instructions incomplete. I pay for this service because I rely on it every day, and repeated interruptions are affecting my assignments and preparation. Please provide a permanent solution rather than a temporary workaround.",Content & Academic,Angry,Medium
subtitle mismatch.,Content & Academic,Neutral,Medium
"Dear Support Team, assignment instructions unclear. ",Content & Academic,Frustrated,Medium
"Hello Support, I'm facing an issue where subtitle mismatch. I logged out and back in, but nothing changed. Please escalate if necessary.",Content & Academic,Angry,Medium
"Dear LearnSphere Support,

I am writing to formally report that subtitle mismatch. This problem has persisted for the last few days and is preventing me from using the platform effectively. I reinstalled the app without success. I would appreciate it if your technical team could investigate this matter at the earliest.

Kind regards,
A Learner",Content & Academic,Neutral,Low
"Hello,

I understand technical problems can happen, but examples outdated. I have an upcoming deadline, so I'd be grateful if this could be resolved soon.

Thank you.",Content & Academic,Frustrated,Low
"vid... missing lesson, plz fix. this keeps happening every time.",Content & Academic,Urgent,Low
"This wasn't happening before. Since the latest update, assignment instructions unclear. It's inconsistent�sometimes it works, sometimes it doesn't�which makes it difficult to continue my coursework.",Content & Academic,Urgent,Medium
"I'm honestly disappointed. broken reference links. I pay for this service because I rely on it every day, and repeated interruptions are affecting my assignments and preparation. Please provide a permanent solution rather than a temporary workaround.",Content & Academic,Neutral,Medium
rubric inconsistent.,Content & Academic,Frustrated,Medium
"Hey team, wrong quiz answers. Kindly resolve this soon.",Content & Academic,Angry,Medium
"I hope you're doing well. I'm facing an issue where lab instructions incomplete. I switched devices, but nothing changed. Kindly resolve this soon.",Content & Academic,Frustrated,Medium
"Dear LearnSphere Support,

I am writing to formally report that outdated syllabus. This problem has persisted for the last few days and is preventing me from using the platform effectively. I even asked a classmate to verify the issue without success. I would appreciate it if your technical team could investigate this matter at the earliest.

Kind regards,
A Learner",Content & Academic,Neutral,Low
"Hello,

I understand technical problems can happen, but examples outdated. I have an upcoming deadline, so I'd be grateful if this could be resolved soon.

Thank you.",Content & Academic,Confused,Medium
"pasword... duplicate lessons, plz fix. this keeps happening every time.",Content & Academic,Urgent,Medium
"This wasn't happening before. Since the latest update, broken reference links. It's inconsistent�sometimes it works, sometimes it doesn't�which makes it difficult to continue my coursework.",Content & Academic,Frustrated,Medium
"I'm honestly disappointed. examples outdated. I pay for this service because I rely on it every day, and repeated interruptions are affecting my assignments and preparation. Please provide a permanent solution rather than a temporary workaround.",Content & Academic,Urgent,Low
translation inaccurate.,Content & Academic,Urgent,Medium
Urgent: poor audio. This is affecting my learning.,Content & Academic,Angry,Low
"Dear Support Team, I'm facing an issue where lab instructions incomplete. I reinstalled the app, but nothing changed. Kindly resolve this soon.",Content & Academic,Frustrated,Low
"Dear LearnSphere Support,

I am writing to formally report that reading material missing. This problem has persisted for the last few days and is preventing me from using the platform effectively. I updated the application without success. I would appreciate it if your technical team could investigate this matter at the earliest.

Kind regards,
A Learner",Content & Academic,Neutral,Low
"Hello,

I understand technical problems can happen, but outdated syllabus. I have an upcoming deadline, so I'd be grateful if this could be resolved soon.

Thank you.",Content & Academic,Urgent,Medium
"subscrption... lab instructions incomplete, plz fix. this keeps happening every time.",Content & Academic,Angry,Medium
"This wasn't happening before. Since the latest update, mentor notes outdated. It's inconsistent�sometimes it works, sometimes it doesn't�which makes it difficult to continue my coursework.",Content & Academic,Angry,Low
"I'm honestly disappointed. assessment explanation absent. I pay for this service because I rely on it every day, and repeated interruptions are affecting my assignments and preparation. Please provide a permanent solution rather than a temporary workaround.",Content & Academic,Neutral,Medium
poor audio.,Content & Academic,Urgent,Medium
"Dear Support Team, assignment instructions unclear. Looking forward to your response.",Content & Academic,Urgent,Low
"Urgent: I'm facing an issue where examples outdated. I switched devices, but nothing changed. Regards.",Content & Academic,Angry,Medium
"Dear LearnSphere Support,

I am writing to formally report that examples outdated. This problem has persisted for the last few days and is preventing me from using the platform effectively. I switched devices without success. I would appreciate it if your technical team could investigate this matter at the earliest.

Kind regards,
A Learner",Content & Academic,Confused,Low
"Hello,

I understand technical problems can happen, but poor audio. I have an upcoming deadline, so I'd be grateful if this could be resolved soon.

Thank you.",Content & Academic,Frustrated,Medium
"idk... rubric inconsistent, plz fix. this keeps happening every time.",Content & Academic,Confused,Medium
"This wasn't happening before. Since the latest update, chapter order confusing. It's inconsistent�sometimes it works, sometimes it doesn't�which makes it difficult to continue my coursework.",Content & Academic,Confused,Low
"I'm honestly disappointed. assignment instructions unclear. I pay for this service because I rely on it every day, and repeated interruptions are affecting my assignments and preparation. Please provide a permanent solution rather than a temporary workaround.",Content & Academic,Neutral,Medium
empty module.,Content & Academic,Frustrated,Low
I hope you're doing well. assessment explanation absent. Please escalate if necessary.,Content & Academic,Confused,Medium
"Hi LearnSphere Team, I'm facing an issue where subtitle mismatch. I tried another browser, but nothing changed. Kindly resolve this soon.",Content & Academic,Angry,Medium
"Dear LearnSphere Support,

I am writing to formally report that examples outdated. This problem has persisted for the last few days and is preventing me from using the platform effectively. I switched devices without success. I would appreciate it if your technical team could investigate this matter at the earliest.

Kind regards,
A Learner",Content & Academic,Angry,Low
"Hello,

I understand technical problems can happen, but duplicate lessons. I have an upcoming deadline, so I'd be grateful if this could be resolved soon.

Thank you.",Content & Academic,Angry,Medium
"vid... duplicate lessons, plz fix. this keeps happening every time.",Content & Academic,Frustrated,Low
"This wasn't happening before. Since the latest update, assignment instructions unclear. It's inconsistent�sometimes it works, sometimes it doesn't�which makes it difficult to continue my coursework.",Content & Academic,Frustrated,Low
"I'm honestly disappointed. reading material missing. I pay for this service because I rely on it every day, and repeated interruptions are affecting my assignments and preparation. Please provide a permanent solution rather than a temporary workaround.",Content & Academic,Urgent,Low
outdated syllabus.,Content & Academic,Urgent,Medium
"Hello Support, translation inaccurate. Regards.",Content & Academic,Angry,Medium
" I'm facing an issue where chapter order confusing. I switched devices, but nothing changed. Thank you.",Content & Academic,Neutral,Low
"Dear LearnSphere Support,

I am writing to formally report that case studies too old. This problem has persisted for the last few days and is preventing me from using the platform effectively. I switched devices without success. I would appreciate it if your technical team could investigate this matter at the earliest.

Kind regards,
A Learner",Content & Academic,Angry,Low
"Hello,

I understand technical problems can happen, but mentor notes outdated. I have an upcoming deadline, so I'd be grateful if this could be resolved soon.

Thank you.",Content & Academic,Urgent,Medium
"idk... missing lesson, plz fix. this keeps happening every time.",Content & Academic,Confused,Low
"This wasn't happening before. Since the latest update, empty module. It's inconsistent�sometimes it works, sometimes it doesn't�which makes it difficult to continue my coursework.",Content & Academic,Urgent,Low
"I'm honestly disappointed. outdated syllabus. I pay for this service because I rely on it every day, and repeated interruptions are affecting my assignments and preparation. Please provide a permanent solution rather than a temporary workaround.",Content & Academic,Urgent,Medium
lab instructions incomplete.,Content & Academic,Frustrated,Low
"Good evening, broken reference links. Regards.",Content & Academic,Frustrated,Medium
"Hello Support, I'm facing an issue where wrong quiz answers. I tried another browser, but nothing changed. This is affecting my learning.",Content & Academic,Neutral,Low
"Dear LearnSphere Support,

I am writing to formally report that chapter order confusing. This problem has persisted for the last few days and is preventing me from using the platform effectively. I cleared cache without success. I would appreciate it if your technical team could investigate this matter at the earliest.

Kind regards,
A Learner",Content & Academic,Confused,Medium
"Hello,

I understand technical problems can happen, but wrong quiz answers. I have an upcoming deadline, so I'd be grateful if this could be resolved soon.

Thank you.",Content & Academic,Urgent,Medium
"asap... case studies too old, plz fix. this keeps happening every time.",Content & Academic,Confused,Medium
"This wasn't happening before. Since the latest update, lab instructions incomplete. It's inconsistent�sometimes it works, sometimes it doesn't�which makes it difficult to continue my coursework.",Content & Academic,Urgent,Medium
"I'm honestly disappointed. lecture cuts off halfway. I pay for this service because I rely on it every day, and repeated interruptions are affecting my assignments and preparation. Please provide a permanent solution rather than a temporary workaround.",Content & Academic,Urgent,Low
assignment instructions unclear.,Content & Academic,Frustrated,Low
"Good evening, wrong quiz answers. Regards.",Content & Academic,Neutral,Low
"Hey team, I'm facing an issue where broken reference links. I reinstalled the app, but nothing changed. Looking forward to your response.",Content & Academic,Neutral,Low
"Dear LearnSphere Support,

I am writing to formally report that lecture cuts off halfway. This problem has persisted for the last few days and is preventing me from using the platform effectively. I updated the application without success. I would appreciate it if your technical team could investigate this matter at the earliest.

Kind regards,
A Learner",Content & Academic,Frustrated,Medium
"Hello,

I understand technical problems can happen, but translation inaccurate. I have an upcoming deadline, so I'd be grateful if this could be resolved soon.

Thank you.",Content & Academic,Angry,Low
"asap... mentor notes outdated, plz fix. this keeps happening every time.",Content & Academic,Frustrated,Medium
"This wasn't happening before. Since the latest update, chapter order confusing. It's inconsistent�sometimes it works, sometimes it doesn't�which makes it difficult to continue my coursework.",Content & Academic,Confused,Low
"I'm honestly disappointed. missing lesson. I pay for this service because I rely on it every day, and repeated interruptions are affecting my assignments and preparation. Please provide a permanent solution rather than a temporary workaround.",Content & Academic,Neutral,Low
practice dataset unavailable.,Content & Academic,Urgent,Low
"Dear Support Team, chapter order confusing. Looking forward to your response.",Content & Academic,Angry,Medium
"Good evening, I'm facing an issue where outdated syllabus. I tried another browser, but nothing changed. This is affecting my learning.",Content & Academic,Frustrated,Low
"Dear LearnSphere Support,

I am writing to formally report that case studies too old. This problem has persisted for the last few days and is preventing me from using the platform effectively. I updated the application without success. I would appreciate it if your technical team could investigate this matter at the earliest.

Kind regards,
A Learner",Content & Academic,Frustrated,Medium
"Hello,

I understand technical problems can happen, but missing lesson. I have an upcoming deadline, so I'd be grateful if this could be resolved soon.

Thank you.",Content & Academic,Neutral,Medium
"pasword... translation inaccurate, plz fix. this keeps happening every time.",Content & Academic,Confused,Medium
"This wasn't happening before. Since the latest update, outdated syllabus. It's inconsistent�sometimes it works, sometimes it doesn't�which makes it difficult to continue my coursework.",Content & Academic,Frustrated,Medium
"I'm honestly disappointed. subtitle mismatch. I pay for this service because I rely on it every day, and repeated interruptions are affecting my assignments and preparation. Please provide a permanent solution rather than a temporary workaround.",Content & Academic,Angry,Low
assignment instructions unclear.,Content & Academic,Confused,Medium
Urgent: rubric inconsistent. Thank you.,Content & Academic,Urgent,Medium
" I'm facing an issue where rubric inconsistent. I checked my email spam folder, but nothing changed. Thank you.",Content & Academic,Frustrated,Low
"Dear LearnSphere Support,

I am writing to formally report that lab instructions incomplete. This problem has persisted for the last few days and is preventing me from using the platform effectively. I updated the application without success. I would appreciate it if your technical team could investigate this matter at the earliest.

Kind regards,
A Learner",Content & Academic,Confused,Medium
"Hello,

I understand technical problems can happen, but case studies too old. I have an upcoming deadline, so I'd be grateful if this could be resolved soon.

Thank you.",Content & Academic,Urgent,Medium
"pasword... reading material missing, plz fix. this keeps happening every time.",Content & Academic,Neutral,Low
"This wasn't happening before. Since the latest update, assessment explanation absent. It's inconsistent�sometimes it works, sometimes it doesn't�which makes it difficult to continue my coursework.",Content & Academic,Confused,Low
"I'm honestly disappointed. broken reference links. I pay for this service because I rely on it every day, and repeated interruptions are affecting my assignments and preparation. Please provide a permanent solution rather than a temporary workaround.",Content & Academic,Angry,Medium
wrong quiz answers.,Content & Academic,Neutral,Low
"To whom it may concern, lecture cuts off halfway. ",Content & Academic,Confused,Medium
"Urgent: I'm facing an issue where practice dataset unavailable. I checked my email spam folder, but nothing changed. This is affecting my learning.",Content & Academic,Angry,Low
"Dear LearnSphere Support,

I am writing to formally report that examples outdated. This problem has persisted for the last few days and is preventing me from using the platform effectively. I tried another browser without success. I would appreciate it if your technical team could investigate this matter at the earliest.

Kind regards,
A Learner",Content & Academic,Neutral,Medium
"Hello,

I understand technical problems can happen, but lab instructions incomplete. I have an upcoming deadline, so I'd be grateful if this could be resolved soon.

Thank you.",Content & Academic,Frustrated,Low
"biling... missing lesson, plz fix. this keeps happening every time.",Content & Academic,Frustrated,Low
"This wasn't happening before. Since the latest update, rubric inconsistent. It's inconsistent�sometimes it works, sometimes it doesn't�which makes it difficult to continue my coursework.",Content & Academic,Frustrated,Low
"I'm honestly disappointed. examples outdated. I pay for this service because I rely on it every day, and repeated interruptions are affecting my assignments and preparation. Please provide a permanent solution rather than a temporary workaround.",Content & Academic,Urgent,Medium
outdated syllabus.,Content & Academic,Angry,Low
Urgent: reading material missing. Thank you.,Content & Academic,Angry,Low
"Good evening, I'm facing an issue where lecture cuts off halfway. I cleared cache, but nothing changed. Please escalate if necessary.",Content & Academic,Urgent,Medium
"Dear LearnSphere Support,

I am writing to formally report that subtitle mismatch. This problem has persisted for the last few days and is preventing me from using the platform effectively. I cleared cache without success. I would appreciate it if your technical team could investigate this matter at the earliest.

Kind regards,
A Learner",Content & Academic,Urgent,Medium
"Hello,

I understand technical problems can happen, but empty module. I have an upcoming deadline, so I'd be grateful if this could be resolved soon.

Thank you.",Content & Academic,Urgent,Low
"idk... empty module, plz fix. this keeps happening every time.",Content & Academic,Neutral,Low
"This wasn't happening before. Since the latest update, assessment explanation absent. It's inconsistent�sometimes it works, sometimes it doesn't�which makes it difficult to continue my coursework.",Content & Academic,Neutral,Low
"I'm honestly disappointed. chapter order confusing. I pay for this service because I rely on it every day, and repeated interruptions are affecting my assignments and preparation. Please provide a permanent solution rather than a temporary workaround.",Content & Academic,Angry,Medium
empty module.,Content & Academic,Neutral,Low
"Good evening, lab instructions incomplete. Thank you.",Content & Academic,Neutral,Medium
" I'm facing an issue where reading material missing. I checked my email spam folder, but nothing changed. Kindly resolve this soon.",Content & Academic,Frustrated,Medium
"Dear LearnSphere Support,

I am writing to formally report that poor audio. This problem has persisted for the last few days and is preventing me from using the platform effectively. I checked my email spam folder without success. I would appreciate it if your technical team could investigate this matter at the earliest.

Kind regards,
A Learner",Content & Academic,Urgent,Low
"Hello,

I understand technical problems can happen, but duplicate lessons. I have an upcoming deadline, so I'd be grateful if this could be resolved soon.

Thank you.",Content & Academic,Urgent,Medium
"vid... wrong quiz answers, plz fix. this keeps happening every time.",Content & Academic,Frustrated,Medium
"This wasn't happening before. Since the latest update, lab instructions incomplete. It's inconsistent�sometimes it works, sometimes it doesn't�which makes it difficult to continue my coursework.",Content & Academic,Neutral,Medium
"I'm honestly disappointed. assignment instructions unclear. I pay for this service because I rely on it every day, and repeated interruptions are affecting my assignments and preparation. Please provide a permanent solution rather than a temporary workaround.",Content & Academic,Frustrated,Medium
empty module.,Content & Academic,Angry,Medium
"Hello Support, outdated syllabus. Please escalate if necessary.",Content & Academic,Angry,Low
"Hey team, I'm facing an issue where missing lesson. I switched devices, but nothing changed. Please escalate if necessary.",Content & Academic,Frustrated,Medium
"Dear LearnSphere Support,

I am writing to formally report that outdated syllabus. This problem has persisted for the last few days and is preventing me from using the platform effectively. I switched devices without success. I would appreciate it if your technical team could investigate this matter at the earliest.

Kind regards,
A Learner",Content & Academic,Neutral,Low
"Hello,

I understand technical problems can happen, but reading material missing. I have an upcoming deadline, so I'd be grateful if this could be resolved soon.

Thank you.",Content & Academic,Angry,Medium
"vid... examples outdated, plz fix. this keeps happening every time.",Content & Academic,Angry,Low
"This wasn't happening before. Since the latest update, case studies too old. It's inconsistent�sometimes it works, sometimes it doesn't�which makes it difficult to continue my coursework.",Content & Academic,Neutral,Low
"I'm honestly disappointed. duplicate lessons. I pay for this service because I rely on it every day, and repeated interruptions are affecting my assignments and preparation. Please provide a permanent solution rather than a temporary workaround.",Content & Academic,Angry,Low
broken reference links.,Content & Academic,Neutral,Medium
I hope you're doing well. outdated syllabus. Kindly resolve this soon.,Content & Academic,Frustrated,Low
"Hi LearnSphere Team, I'm facing an issue where examples outdated. I switched devices, but nothing changed. Please escalate if necessary.",Content & Academic,Angry,Medium
"Dear LearnSphere Support,

I am writing to formally report that wrong quiz answers. This problem has persisted for the last few days and is preventing me from using the platform effectively. I switched devices without success. I would appreciate it if your technical team could investigate this matter at the earliest.

Kind regards,
A Learner",Content & Academic,Confused,Medium
"Hello,

I understand technical problems can happen, but translation inaccurate. I have an upcoming deadline, so I'd be grateful if this could be resolved soon.

Thank you.",Content & Academic,Frustrated,Medium
"asap... reading material missing, plz fix. this keeps happening every time.",Content & Academic,Confused,Medium
"This wasn't happening before. Since the latest update, mentor notes outdated. It's inconsistent�sometimes it works, sometimes it doesn't�which makes it difficult to continue my coursework.",Content & Academic,Urgent,Medium
"I'm honestly disappointed. broken reference links. I pay for this service because I rely on it every day, and repeated interruptions are affecting my assignments and preparation. Please provide a permanent solution rather than a temporary workaround.",Content & Academic,Frustrated,Low
outdated syllabus.,Content & Academic,Confused,Low
"Hey team, practice dataset unavailable. Please look into this.",Content & Academic,Confused,Low
"To whom it may concern, I'm facing an issue where lab instructions incomplete. I cleared cache, but nothing changed. Please escalate if necessary.",Content & Academic,Angry,Medium
"Dear LearnSphere Support,

I am writing to formally report that examples outdated. This problem has persisted for the last few days and is preventing me from using the platform effectively. I even asked a classmate to verify the issue without success. I would appreciate it if your technical team could investigate this matter at the earliest.

Kind regards,
A Learner",Content & Academic,Frustrated,Medium
"Hello,

I understand technical problems can happen, but subtitle mismatch. I have an upcoming deadline, so I'd be grateful if this could be resolved soon.

Thank you.",Content & Academic,Urgent,Low
"pasword... assessment explanation absent, plz fix. this keeps happening every time.",Content & Academic,Confused,Medium
"This wasn't happening before. Since the latest update, assignment instructions unclear. It's inconsistent�sometimes it works, sometimes it doesn't�which makes it difficult to continue my coursework.",Content & Academic,Neutral,Low
"I'm honestly disappointed. chapter order confusing. I pay for this service because I rely on it every day, and repeated interruptions are affecting my assignments and preparation. Please provide a permanent solution rather than a temporary workaround.",Content & Academic,Confused,Medium
assignment instructions unclear.,Content & Academic,Urgent,Low
"Dear Support Team, poor audio. Kindly resolve this soon.",Content & Academic,Frustrated,Low
"Hi LearnSphere Team, I'm facing an issue where mentor notes outdated. I checked my email spam folder, but nothing changed. Kindly resolve this soon.",Content & Academic,Confused,Medium
"Dear LearnSphere Support,

I am writing to formally report that outdated syllabus. This problem has persisted for the last few days and is preventing me from using the platform effectively. I reinstalled the app without success. I would appreciate it if your technical team could investigate this matter at the earliest.

Kind regards,
A Learner",Content & Academic,Frustrated,Low
"Hello,

I understand technical problems can happen, but mentor notes outdated. I have an upcoming deadline, so I'd be grateful if this could be resolved soon.

Thank you.",Content & Academic,Angry,Medium
"biling... subtitle mismatch, plz fix. this keeps happening every time.",Content & Academic,Neutral,Medium
"This wasn't happening before. Since the latest update, reading material missing. It's inconsistent�sometimes it works, sometimes it doesn't�which makes it difficult to continue my coursework.",Content & Academic,Frustrated,Medium
"I'm honestly disappointed. wrong quiz answers. I pay for this service because I rely on it every day, and repeated interruptions are affecting my assignments and preparation. Please provide a permanent solution rather than a temporary workaround.",Content & Academic,Neutral,Low
translation inaccurate.,Content & Academic,Neutral,Medium
"To whom it may concern, practice dataset unavailable. Kindly resolve this soon.",Content & Academic,Neutral,Low
"Hi LearnSphere Team, I'm facing an issue where empty module. I cleared cache, but nothing changed. Please look into this.",Content & Academic,Neutral,Low
"Dear LearnSphere Support,

I am writing to formally report that examples outdated. This problem has persisted for the last few days and is preventing me from using the platform effectively. I even asked a classmate to verify the issue without success. I would appreciate it if your technical team could investigate this matter at the earliest.

Kind regards,
A Learner",Content & Academic,Neutral,Low
"Hello,

I understand technical problems can happen, but chapter order confusing. I have an upcoming deadline, so I'd be grateful if this could be resolved soon.

Thank you.",Content & Academic,Confused,Medium
"vid... reading material missing, plz fix. this keeps happening every time.",Content & Academic,Neutral,Medium
"This wasn't happening before. Since the latest update, assignment instructions unclear. It's inconsistent�sometimes it works, sometimes it doesn't�which makes it difficult to continue my coursework.",Content & Academic,Frustrated,Low
"I'm honestly disappointed. case studies too old. I pay for this service because I rely on it every day, and repeated interruptions are affecting my assignments and preparation. Please provide a permanent solution rather than a temporary workaround.",Content & Academic,Confused,Medium
practice dataset unavailable.,Content & Academic,Neutral,Medium
 subtitle mismatch. Kindly resolve this soon.,Content & Academic,Urgent,Medium
"Hello Support, I'm facing an issue where missing lesson. I switched devices, but nothing changed. Thank you.",Content & Academic,Frustrated,Low
"Dear LearnSphere Support,

I am writing to formally report that poor audio. This problem has persisted for the last few days and is preventing me from using the platform effectively. I even asked a classmate to verify the issue without success. I would appreciate it if your technical team could investigate this matter at the earliest.

Kind regards,
A Learner",Content & Academic,Frustrated,Low
"Hello,

I understand technical problems can happen, but case studies too old. I have an upcoming deadline, so I'd be grateful if this could be resolved soon.

Thank you.",Content & Academic,Urgent,Medium
"asap... examples outdated, plz fix. this keeps happening every time.",Content & Academic,Confused,Low
"This wasn't happening before. Since the latest update, wrong quiz answers. It's inconsistent�sometimes it works, sometimes it doesn't�which makes it difficult to continue my coursework.",Content & Academic,Confused,Low
"I'm honestly disappointed. chapter order confusing. I pay for this service because I rely on it every day, and repeated interruptions are affecting my assignments and preparation. Please provide a permanent solution rather than a temporary workaround.",Content & Academic,Urgent,Medium
case studies too old.,Content & Academic,Neutral,Medium
"Hello Support, duplicate lessons. Please escalate if necessary.",Content & Academic,Frustrated,Medium
"Hey team, I'm facing an issue where chapter order confusing. I cleared cache, but nothing changed. Regards.",Content & Academic,Urgent,Medium
"Dear LearnSphere Support,

I am writing to formally report that broken reference links. This problem has persisted for the last few days and is preventing me from using the platform effectively. I checked my email spam folder without success. I would appreciate it if your technical team could investigate this matter at the earliest.

Kind regards,
A Learner",Content & Academic,Frustrated,Low
"Hello,

I understand technical problems can happen, but poor audio. I have an upcoming deadline, so I'd be grateful if this could be resolved soon.

Thank you.",Content & Academic,Angry,Medium
"idk... case studies too old, plz fix. this keeps happening every time.",Content & Academic,Confused,Medium
"This wasn't happening before. Since the latest update, assessment explanation absent. It's inconsistent�sometimes it works, sometimes it doesn't�which makes it difficult to continue my coursework.",Content & Academic,Angry,Medium
"I'm honestly disappointed. mentor notes outdated. I pay for this service because I rely on it every day, and repeated interruptions are affecting my assignments and preparation. Please provide a permanent solution rather than a temporary workaround.",Content & Academic,Urgent,Medium
poor audio.,Content & Academic,Confused,Low
"Good evening, empty module. Please look into this.",Content & Academic,Urgent,Medium
"Hey team, I'm facing an issue where assessment explanation absent. I checked my email spam folder, but nothing changed. This is affecting my learning.",Content & Academic,Confused,Medium
"Dear LearnSphere Support,

I am writing to formally report that translation inaccurate. This problem has persisted for the last few days and is preventing me from using the platform effectively. I tried another browser without success. I would appreciate it if your technical team could investigate this matter at the earliest.

Kind regards,
A Learner",Content & Academic,Confused,Low
"Hello,

I understand technical problems can happen, but wrong quiz answers. I have an upcoming deadline, so I'd be grateful if this could be resolved soon.

Thank you.",Content & Academic,Urgent,Low
"plz... examples outdated, plz fix. this keeps happening every time.",Content & Academic,Confused,Medium
"This wasn't happening before. Since the latest update, broken reference links. It's inconsistent�sometimes it works, sometimes it doesn't�which makes it difficult to continue my coursework.",Content & Academic,Neutral,Low
"I'm honestly disappointed. subtitle mismatch. I pay for this service because I rely on it every day, and repeated interruptions are affecting my assignments and preparation. Please provide a permanent solution rather than a temporary workaround.",Content & Academic,Confused,Low
outdated syllabus.,Content & Academic,Neutral,Medium
"Hello Support, lab instructions incomplete. This is affecting my learning.",Content & Academic,Confused,Medium
" I'm facing an issue where lecture cuts off halfway. I logged out and back in, but nothing changed. Please look into this.",Content & Academic,Frustrated,Medium
"Dear LearnSphere Support,

I am writing to formally report that subtitle mismatch. This problem has persisted for the last few days and is preventing me from using the platform effectively. I checked my email spam folder without success. I would appreciate it if your technical team could investigate this matter at the earliest.

Kind regards,
A Learner",Content & Academic,Confused,Medium
"Hello,

I understand technical problems can happen, but outdated syllabus. I have an upcoming deadline, so I'd be grateful if this could be resolved soon.

Thank you.",Content & Academic,Urgent,Low
"cnt... mentor notes outdated, plz fix. this keeps happening every time.",Content & Academic,Urgent,Low
"This wasn't happening before. Since the latest update, duplicate lessons. It's inconsistent�sometimes it works, sometimes it doesn't�which makes it difficult to continue my coursework.",Content & Academic,Confused,Medium
"I'm honestly disappointed. translation inaccurate. I pay for this service because I rely on it every day, and repeated interruptions are affecting my assignments and preparation. Please provide a permanent solution rather than a temporary workaround.",Content & Academic,Confused,Medium
broken reference links.,Content & Academic,Angry,Low
I hope you're doing well. chapter order confusing. Regards.,Content & Academic,Angry,Low
"Dear Support Team, I'm facing an issue where reading material missing. I even asked a classmate to verify the issue, but nothing changed. Regards.",Content & Academic,Confused,Low
"Dear LearnSphere Support,

I am writing to formally report that rubric inconsistent. This problem has persisted for the last few days and is preventing me from using the platform effectively. I even asked a classmate to verify the issue without success. I would appreciate it if your technical team could investigate this matter at the earliest.

Kind regards,
A Learner",Content & Academic,Confused,Medium
"Hello,

I understand technical problems can happen, but outdated syllabus. I have an upcoming deadline, so I'd be grateful if this could be resolved soon.

Thank you.",Content & Academic,Neutral,Low
"subscrption... empty module, plz fix. this keeps happening every time.",Content & Academic,Urgent,Low
"This wasn't happening before. Since the latest update, missing lesson. It's inconsistent�sometimes it works, sometimes it doesn't�which makes it difficult to continue my coursework.",Content & Academic,Confused,Low
"I'm honestly disappointed. chapter order confusing. I pay for this service because I rely on it every day, and repeated interruptions are affecting my assignments and preparation. Please provide a permanent solution rather than a temporary workaround.",Content & Academic,Confused,Medium
mentor notes outdated.,Content & Academic,Frustrated,Low
"Hello Support, outdated syllabus. Please escalate if necessary.",Content & Academic,Angry,Low
"Hi LearnSphere Team, I'm facing an issue where assignment instructions unclear. I cleared cache, but nothing changed. Regards.",Content & Academic,Confused,Low
"Dear LearnSphere Support,

I am writing to formally report that translation inaccurate. This problem has persisted for the last few days and is preventing me from using the platform effectively. I switched devices without success. I would appreciate it if your technical team could investigate this matter at the earliest.

Kind regards,
A Learner",Content & Academic,Urgent,Low
"Hello,

I understand technical problems can happen, but outdated syllabus. I have an upcoming deadline, so I'd be grateful if this could be resolved soon.

Thank you.",Content & Academic,Frustrated,Medium
"biling... missing lesson, plz fix. this keeps happening every time.",Content & Academic,Confused,Medium
"This wasn't happening before. Since the latest update, rubric inconsistent. It's inconsistent�sometimes it works, sometimes it doesn't�which makes it difficult to continue my coursework.",Content & Academic,Angry,Low
"I'm honestly disappointed. examples outdated. I pay for this service because I rely on it every day, and repeated interruptions are affecting my assignments and preparation. Please provide a permanent solution rather than a temporary workaround.",Content & Academic,Neutral,Medium
broken reference links.,Content & Academic,Confused,Low
 case studies too old. Thank you.,Content & Academic,Frustrated,Low
"Hey team, I'm facing an issue where assignment instructions unclear. I checked my email spam folder, but nothing changed. Thank you.",Content & Academic,Urgent,Medium
"Dear LearnSphere Support,

I am writing to formally report that broken reference links. This problem has persisted for the last few days and is preventing me from using the platform effectively. I cleared cache without success. I would appreciate it if your technical team could investigate this matter at the earliest.

Kind regards,
A Learner",Content & Academic,Confused,Low
"Hello,

I understand technical problems can happen, but subtitle mismatch. I have an upcoming deadline, so I'd be grateful if this could be resolved soon.

Thank you.",Content & Academic,Angry,Medium
"vid... broken reference links, plz fix. this keeps happening every time.",Content & Academic,Neutral,Low
"This wasn't happening before. Since the latest update, mentor notes outdated. It's inconsistent�sometimes it works, sometimes it doesn't�which makes it difficult to continue my coursework.",Content & Academic,Frustrated,Medium
"I'm honestly disappointed. empty module. I pay for this service because I rely on it every day, and repeated interruptions are affecting my assignments and preparation. Please provide a permanent solution rather than a temporary workaround.",Content & Academic,Frustrated,Low
assignment instructions unclear.,Content & Academic,Neutral,Medium
I hope you're doing well. missing lesson. Thank you.,Content & Academic,Neutral,Low
"Dear Support Team, I'm facing an issue where wrong quiz answers. I switched devices, but nothing changed. Please escalate if necessary.",Content & Academic,Urgent,Medium
"Dear LearnSphere Support,

I am writing to formally report that lecture cuts off halfway. This problem has persisted for the last few days and is preventing me from using the platform effectively. I switched devices without success. I would appreciate it if your technical team could investigate this matter at the earliest.

Kind regards,
A Learner",Content & Academic,Angry,Low
"Hello,

I understand technical problems can happen, but examples outdated. I have an upcoming deadline, so I'd be grateful if this could be resolved soon.

Thank you.",Content & Academic,Urgent,Medium
"idk... practice dataset unavailable, plz fix. this keeps happening every time.",Content & Academic,Neutral,Medium
"This wasn't happening before. Since the latest update, practice dataset unavailable. It's inconsistent�sometimes it works, sometimes it doesn't�which makes it difficult to continue my coursework.",Content & Academic,Neutral,Low
"I'm honestly disappointed. outdated syllabus. I pay for this service because I rely on it every day, and repeated interruptions are affecting my assignments and preparation. Please provide a permanent solution rather than a temporary workaround.",Content & Academic,Confused,Low
lab instructions incomplete.,Content & Academic,Confused,Medium
Urgent: duplicate lessons. Thank you.,Content & Academic,Frustrated,Medium
"Dear Support Team, I'm facing an issue where translation inaccurate. I tried another browser, but nothing changed. Looking forward to your response.",Content & Academic,Confused,Low
"Dear LearnSphere Support,

I am writing to formally report that mentor notes outdated. This problem has persisted for the last few days and is preventing me from using the platform effectively. I logged out and back in without success. I would appreciate it if your technical team could investigate this matter at the earliest.

Kind regards,
A Learner",Content & Academic,Neutral,Medium
"Hello,

I understand technical problems can happen, but chapter order confusing. I have an upcoming deadline, so I'd be grateful if this could be resolved soon.

Thank you.",Content & Academic,Angry,Medium
"vid... lecture cuts off halfway, plz fix. this keeps happening every time.",Content & Academic,Confused,Low
"This wasn't happening before. Since the latest update, mentor notes outdated. It's inconsistent�sometimes it works, sometimes it doesn't�which makes it difficult to continue my coursework.",Content & Academic,Angry,Medium
"I'm honestly disappointed. case studies too old. I pay for this service because I rely on it every day, and repeated interruptions are affecting my assignments and preparation. Please provide a permanent solution rather than a temporary workaround.",Content & Academic,Urgent,Medium
case studies too old.,Content & Academic,Urgent,Low
"Hello Support, mentor notes outdated. Please escalate if necessary.",Content & Academic,Urgent,Low
"Good evening, I'm facing an issue where missing lesson. I logged out and back in, but nothing changed. Please look into this.",Content & Academic,Confused,Low
"Dear LearnSphere Support,

I am writing to formally report that practice dataset unavailable. This problem has persisted for the last few days and is preventing me from using the platform effectively. I even asked a classmate to verify the issue without success. I would appreciate it if your technical team could investigate this matter at the earliest.

Kind regards,
A Learner",Content & Academic,Confused,Low
"Hello,

I understand technical problems can happen, but wrong quiz answers. I have an upcoming deadline, so I'd be grateful if this could be resolved soon.

Thank you.",Content & Academic,Neutral,Medium
"cnt... broken reference links, plz fix. this keeps happening every time.",Content & Academic,Angry,Low
"This wasn't happening before. Since the latest update, case studies too old. It's inconsistent�sometimes it works, sometimes it doesn't�which makes it difficult to continue my coursework.",Content & Academic,Angry,Low
"I'm honestly disappointed. poor audio. I pay for this service because I rely on it every day, and repeated interruptions are affecting my assignments and preparation. Please provide a permanent solution rather than a temporary workaround.",Content & Academic,Confused,Low
broken reference links.,Content & Academic,Frustrated,Low
"Hi LearnSphere Team, mentor notes outdated. Please escalate if necessary.",Content & Academic,Neutral,Low
"Hello Support, I'm facing an issue where assignment instructions unclear. I even asked a classmate to verify the issue, but nothing changed. Regards.",Content & Academic,Frustrated,Low
"Dear LearnSphere Support,

I am writing to formally report that practice dataset unavailable. This problem has persisted for the last few days and is preventing me from using the platform effectively. I switched devices without success. I would appreciate it if your technical team could investigate this matter at the earliest.

Kind regards,
A Learner",Content & Academic,Frustrated,Low
"Hello,

I understand technical problems can happen, but missing lesson. I have an upcoming deadline, so I'd be grateful if this could be resolved soon.

Thank you.",Content & Academic,Frustrated,Medium
"pasword... broken reference links, plz fix. this keeps happening every time.",Content & Academic,Angry,Low
"This wasn't happening before. Since the latest update, assessment explanation absent. It's inconsistent�sometimes it works, sometimes it doesn't�which makes it difficult to continue my coursework.",Content & Academic,Neutral,Medium
"I'm honestly disappointed. chapter order confusing. I pay for this service because I rely on it every day, and repeated interruptions are affecting my assignments and preparation. Please provide a permanent solution rather than a temporary workaround.",Content & Academic,Neutral,Medium
outdated syllabus.,Content & Academic,Neutral,Low
"Hi LearnSphere Team, broken reference links. Please look into this.",Content & Academic,Urgent,Low
"Dear Support Team, I'm facing an issue where assessment explanation absent. I cleared cache, but nothing changed. Please escalate if necessary.",Content & Academic,Angry,Medium
"Dear LearnSphere Support,

I am writing to formally report that case studies too old. This problem has persisted for the last few days and is preventing me from using the platform effectively. I checked my email spam folder without success. I would appreciate it if your technical team could investigate this matter at the earliest.

Kind regards,
A Learner",Content & Academic,Urgent,Medium
"Hello,

I understand technical problems can happen, but subtitle mismatch. I have an upcoming deadline, so I'd be grateful if this could be resolved soon.

Thank you.",Content & Academic,Angry,Low
"idk... translation inaccurate, plz fix. this keeps happening every time.",Content & Academic,Urgent,Medium
"This wasn't happening before. Since the latest update, broken reference links. It's inconsistent�sometimes it works, sometimes it doesn't�which makes it difficult to continue my coursework.",Content & Academic,Confused,Medium
"I'm honestly disappointed. lecture cuts off halfway. I pay for this service because I rely on it every day, and repeated interruptions are affecting my assignments and preparation. Please provide a permanent solution rather than a temporary workaround.",Content & Academic,Frustrated,Low
mentor notes outdated.,Content & Academic,Confused,Low
Urgent: duplicate lessons. Looking forward to your response.,Content & Academic,Angry,Medium
"Hi LearnSphere Team, I'm facing an issue where empty module. I logged out and back in, but nothing changed. Please escalate if necessary.",Content & Academic,Confused,Medium
"Dear LearnSphere Support,

I am writing to formally report that assignment instructions unclear. This problem has persisted for the last few days and is preventing me from using the platform effectively. I tried another browser without success. I would appreciate it if your technical team could investigate this matter at the earliest.

Kind regards,
A Learner",Content & Academic,Frustrated,Medium
"Hello,

I understand technical problems can happen, but lecture cuts off halfway. I have an upcoming deadline, so I'd be grateful if this could be resolved soon.

Thank you.",Content & Academic,Neutral,Low
"cnt... subtitle mismatch, plz fix. this keeps happening every time.",Content & Academic,Confused,Low
"This wasn't happening before. Since the latest update, missing lesson. It's inconsistent�sometimes it works, sometimes it doesn't�which makes it difficult to continue my coursework.",Content & Academic,Confused,Low
"I'm honestly disappointed. examples outdated. I pay for this service because I rely on it every day, and repeated interruptions are affecting my assignments and preparation. Please provide a permanent solution rather than a temporary workaround.",Content & Academic,Confused,Low
wrong quiz answers.,Content & Academic,Confused,Medium
"Hi LearnSphere Team, missing lesson. ",Content & Academic,Frustrated,Low
"Hello Support, I'm facing an issue where lab instructions incomplete. I checked my email spam folder, but nothing changed. Please look into this.",Content & Academic,Neutral,Medium
"Dear LearnSphere Support,

I am writing to formally report that mentor notes outdated. This problem has persisted for the last few days and is preventing me from using the platform effectively. I reinstalled the app without success. I would appreciate it if your technical team could investigate this matter at the earliest.

Kind regards,
A Learner",Content & Academic,Neutral,Medium
"Hello,

I understand technical problems can happen, but practice dataset unavailable. I have an upcoming deadline, so I'd be grateful if this could be resolved soon.

Thank you.",Content & Academic,Confused,Low
"subscrption... lab instructions incomplete, plz fix. this keeps happening every time.",Content & Academic,Urgent,Low
"This wasn't happening before. Since the latest update, assessment explanation absent. It's inconsistent�sometimes it works, sometimes it doesn't�which makes it difficult to continue my coursework.",Content & Academic,Confused,Low
"I'm honestly disappointed. rubric inconsistent. I pay for this service because I rely on it every day, and repeated interruptions are affecting my assignments and preparation. Please provide a permanent solution rather than a temporary workaround.",Content & Academic,Angry,Medium
rubric inconsistent.,Content & Academic,Frustrated,Medium
"Dear Support Team, empty module. ",Content & Academic,Frustrated,Low
"Good evening, I'm facing an issue where subtitle mismatch. I switched devices, but nothing changed. Regards.",Content & Academic,Urgent,Medium
"Dear LearnSphere Support,

I am writing to formally report that duplicate lessons. This problem has persisted for the last few days and is preventing me from using the platform effectively. I switched devices without success. I would appreciate it if your technical team could investigate this matter at the earliest.

Kind regards,
A Learner",Content & Academic,Neutral,Medium
"Hello,

I understand technical problems can happen, but practice dataset unavailable. I have an upcoming deadline, so I'd be grateful if this could be resolved soon.

Thank you.",Content & Academic,Urgent,Medium
"subscrption... wrong quiz answers, plz fix. this keeps happening every time.",Content & Academic,Confused,Low
"This wasn't happening before. Since the latest update, lecture cuts off halfway. It's inconsistent�sometimes it works, sometimes it doesn't�which makes it difficult to continue my coursework.",Content & Academic,Urgent,Low
"I'm honestly disappointed. broken reference links. I pay for this service because I rely on it every day, and repeated interruptions are affecting my assignments and preparation. Please provide a permanent solution rather than a temporary workaround.",Content & Academic,Urgent,Medium
assignment instructions unclear.,Content & Academic,Frustrated,Low
"Hey team, examples outdated. Thank you.",Content & Academic,Angry,Low
"I hope you're doing well. I'm facing an issue where duplicate lessons. I switched devices, but nothing changed. This is affecting my learning.",Content & Academic,Confused,Low
"Dear LearnSphere Support,

I am writing to formally report that translation inaccurate. This problem has persisted for the last few days and is preventing me from using the platform effectively. I logged out and back in without success. I would appreciate it if your technical team could investigate this matter at the earliest.

Kind regards,
A Learner",Content & Academic,Neutral,Low
"Hello,

I understand technical problems can happen, but missing lesson. I have an upcoming deadline, so I'd be grateful if this could be resolved soon.

Thank you.",Content & Academic,Confused,Medium
"asap... translation inaccurate, plz fix. this keeps happening every time.",Content & Academic,Neutral,Medium
"This wasn't happening before. Since the latest update, broken reference links. It's inconsistent�sometimes it works, sometimes it doesn't�which makes it difficult to continue my coursework.",Content & Academic,Frustrated,Medium
"I'm honestly disappointed. wrong quiz answers. I pay for this service because I rely on it every day, and repeated interruptions are affecting my assignments and preparation. Please provide a permanent solution rather than a temporary workaround.",Content & Academic,Neutral,Medium
mentor notes outdated.,Content & Academic,Angry,Low
I hope you're doing well. duplicate lessons. Looking forward to your response.,Content & Academic,Neutral,Low
"Hey team, I'm facing an issue where chapter order confusing. I even asked a classmate to verify the issue, but nothing changed. This is affecting my learning.",Content & Academic,Frustrated,Low
"Dear LearnSphere Support,

I am writing to formally report that subtitle mismatch. This problem has persisted for the last few days and is preventing me from using the platform effectively. I cleared cache without success. I would appreciate it if your technical team could investigate this matter at the earliest.

Kind regards,
A Learner",Content & Academic,Confused,Low
"Hello,

I understand technical problems can happen, but examples outdated. I have an upcoming deadline, so I'd be grateful if this could be resolved soon.

Thank you.",Content & Academic,Angry,Low
"subscrption... rubric inconsistent, plz fix. this keeps happening every time.",Content & Academic,Frustrated,Low
"This wasn't happening before. Since the latest update, mentor notes outdated. It's inconsistent�sometimes it works, sometimes it doesn't�which makes it difficult to continue my coursework.",Content & Academic,Angry,Low
"I'm honestly disappointed. practice dataset unavailable. I pay for this service because I rely on it every day, and repeated interruptions are affecting my assignments and preparation. Please provide a permanent solution rather than a temporary workaround.",Content & Academic,Angry,Medium
case studies too old.,Content & Academic,Angry,Low
"Dear Support Team, missing lesson. Thank you.",Content & Academic,Angry,Medium
"To whom it may concern, I'm facing an issue where poor audio. I logged out and back in, but nothing changed. Thank you.",Content & Academic,Neutral,Medium
"Dear LearnSphere Support,

I am writing to formally report that lecture cuts off halfway. This problem has persisted for the last few days and is preventing me from using the platform effectively. I even asked a classmate to verify the issue without success. I would appreciate it if your technical team could investigate this matter at the earliest.

Kind regards,
A Learner",Content & Academic,Confused,Medium
"Hello,

I understand technical problems can happen, but assignment instructions unclear. I have an upcoming deadline, so I'd be grateful if this could be resolved soon.

Thank you.",Content & Academic,Neutral,Medium
"pasword... wrong quiz answers, plz fix. this keeps happening every time.",Content & Academic,Angry,Low
"This wasn't happening before. Since the latest update, poor audio. It's inconsistent�sometimes it works, sometimes it doesn't�which makes it difficult to continue my coursework.",Content & Academic,Neutral,Low
"I'm honestly disappointed. lecture cuts off halfway. I pay for this service because I rely on it every day, and repeated interruptions are affecting my assignments and preparation. Please provide a permanent solution rather than a temporary workaround.",Content & Academic,Angry,Low
practice dataset unavailable.,Content & Academic,Angry,Medium
"Hi LearnSphere Team, poor audio. Kindly resolve this soon.",Content & Academic,Frustrated,Medium
" I'm facing an issue where translation inaccurate. I switched devices, but nothing changed. Thank you.",Content & Academic,Confused,Low
"Dear LearnSphere Support,

I am writing to formally report that translation inaccurate. This problem has persisted for the last few days and is preventing me from using the platform effectively. I updated the application without success. I would appreciate it if your technical team could investigate this matter at the earliest.

Kind regards,
A Learner",Content & Academic,Frustrated,Medium
"Hello,

I understand technical problems can happen, but duplicate lessons. I have an upcoming deadline, so I'd be grateful if this could be resolved soon.

Thank you.",Content & Academic,Angry,Low
"pasword... translation inaccurate, plz fix. this keeps happening every time.",Content & Academic,Frustrated,Low
"This wasn't happening before. Since the latest update, chapter order confusing. It's inconsistent�sometimes it works, sometimes it doesn't�which makes it difficult to continue my coursework.",Content & Academic,Neutral,Medium
"I'm honestly disappointed. empty module. I pay for this service because I rely on it every day, and repeated interruptions are affecting my assignments and preparation. Please provide a permanent solution rather than a temporary workaround.",Content & Academic,Confused,Medium
chapter order confusing.,Content & Academic,Angry,Medium
"Dear Support Team, case studies too old. Please escalate if necessary.",Content & Academic,Neutral,Medium
"Hey team, I'm facing an issue where outdated syllabus. I reinstalled the app, but nothing changed. Thank you.",Content & Academic,Urgent,Low
"Dear LearnSphere Support,

I am writing to formally report that lab instructions incomplete. This problem has persisted for the last few days and is preventing me from using the platform effectively. I logged out and back in without success. I would appreciate it if your technical team could investigate this matter at the earliest.

Kind regards,
A Learner",Content & Academic,Frustrated,Low
"Hello,

I understand technical problems can happen, but duplicate lessons. I have an upcoming deadline, so I'd be grateful if this could be resolved soon.

Thank you.",Content & Academic,Confused,Medium
"idk... lab instructions incomplete, plz fix. this keeps happening every time.",Content & Academic,Angry,Medium
"This wasn't happening before. Since the latest update, assessment explanation absent. It's inconsistent�sometimes it works, sometimes it doesn't�which makes it difficult to continue my coursework.",Content & Academic,Frustrated,Medium
"I'm honestly disappointed. broken reference links. I pay for this service because I rely on it every day, and repeated interruptions are affecting my assignments and preparation. Please provide a permanent solution rather than a temporary workaround.",Content & Academic,Angry,Low
wrong quiz answers.,Content & Academic,Confused,Low
"Hey team, chapter order confusing. Regards.",Content & Academic,Urgent,Medium
"I hope you're doing well. I'm facing an issue where poor audio. I reinstalled the app, but nothing changed. Kindly resolve this soon.",Content & Academic,Urgent,Low
"Dear LearnSphere Support,

I am writing to formally report that practice dataset unavailable. This problem has persisted for the last few days and is preventing me from using the platform effectively. I logged out and back in without success. I would appreciate it if your technical team could investigate this matter at the earliest.

Kind regards,
A Learner",Content & Academic,Frustrated,Medium
"Hello,

I understand technical problems can happen, but examples outdated. I have an upcoming deadline, so I'd be grateful if this could be resolved soon.

Thank you.",Content & Academic,Urgent,Low
"asap... reading material missing, plz fix. this keeps happening every time.",Content & Academic,Angry,Medium
"This wasn't happening before. Since the latest update, practice dataset unavailable. It's inconsistent�sometimes it works, sometimes it doesn't�which makes it difficult to continue my coursework.",Content & Academic,Neutral,Medium
"I'm honestly disappointed. assessment explanation absent. I pay for this service because I rely on it every day, and repeated interruptions are affecting my assignments and preparation. Please provide a permanent solution rather than a temporary workaround.",Content & Academic,Neutral,Low
empty module.,Content & Academic,Angry,Medium
"Dear Support Team, practice dataset unavailable. Regards.",Content & Academic,Urgent,Medium
" I'm facing an issue where mentor notes outdated. I updated the application, but nothing changed. This is affecting my learning.",Content & Academic,Urgent,Low
"Dear LearnSphere Support,

I am writing to formally report that missing lesson. This problem has persisted for the last few days and is preventing me from using the platform effectively. I tried another browser without success. I would appreciate it if your technical team could investigate this matter at the earliest.

Kind regards,
A Learner",Content & Academic,Frustrated,Low
"Hello,

I understand technical problems can happen, but lecture cuts off halfway. I have an upcoming deadline, so I'd be grateful if this could be resolved soon.

Thank you.",Content & Academic,Angry,Low
"idk... reading material missing, plz fix. this keeps happening every time.",Content & Academic,Angry,Low
"This wasn't happening before. Since the latest update, examples outdated. It's inconsistent�sometimes it works, sometimes it doesn't�which makes it difficult to continue my coursework.",Content & Academic,Angry,Low
"I'm honestly disappointed. subtitle mismatch. I pay for this service because I rely on it every day, and repeated interruptions are affecting my assignments and preparation. Please provide a permanent solution rather than a temporary workaround.",Content & Academic,Angry,Medium
assignment instructions unclear.,Content & Academic,Confused,Medium
I hope you're doing well. assignment instructions unclear. ,Content & Academic,Angry,Medium
"I hope you're doing well. I'm facing an issue where outdated syllabus. I reinstalled the app, but nothing changed. This is affecting my learning.",Content & Academic,Neutral,Medium
"Dear LearnSphere Support,

I am writing to formally report that examples outdated. This problem has persisted for the last few days and is preventing me from using the platform effectively. I updated the application without success. I would appreciate it if your technical team could investigate this matter at the earliest.

Kind regards,
A Learner",Content & Academic,Confused,Low
"Hello,

I understand technical problems can happen, but chapter order confusing. I have an upcoming deadline, so I'd be grateful if this could be resolved soon.

Thank you.",Content & Academic,Frustrated,Low
"pasword... outdated syllabus, plz fix. this keeps happening every time.",Content & Academic,Neutral,Medium
"This wasn't happening before. Since the latest update, lab instructions incomplete. It's inconsistent�sometimes it works, sometimes it doesn't�which makes it difficult to continue my coursework.",Content & Academic,Confused,Medium
"I'm honestly disappointed. subtitle mismatch. I pay for this service because I rely on it every day, and repeated interruptions are affecting my assignments and preparation. Please provide a permanent solution rather than a temporary workaround.",Content & Academic,Urgent,Medium
poor audio.,Content & Academic,Urgent,Medium
"To whom it may concern, wrong quiz answers. Regards.",Content & Academic,Angry,Low
"I hope you're doing well. I'm facing an issue where mentor notes outdated. I switched devices, but nothing changed. Please escalate if necessary.",Content & Academic,Confused,Low
"Dear LearnSphere Support,

I am writing to formally report that broken reference links. This problem has persisted for the last few days and is preventing me from using the platform effectively. I tried another browser without success. I would appreciate it if your technical team could investigate this matter at the earliest.

Kind regards,
A Learner",Content & Academic,Urgent,Medium
"Hello,

I understand technical problems can happen, but translation inaccurate. I have an upcoming deadline, so I'd be grateful if this could be resolved soon.

Thank you.",Content & Academic,Urgent,Low
"biling... lab instructions incomplete, plz fix. this keeps happening every time.",Content & Academic,Frustrated,Low
"This wasn't happening before. Since the latest update, outdated syllabus. It's inconsistent�sometimes it works, sometimes it doesn't�which makes it difficult to continue my coursework.",Content & Academic,Angry,Low
"I'm honestly disappointed. rubric inconsistent. I pay for this service because I rely on it every day, and repeated interruptions are affecting my assignments and preparation. Please provide a permanent solution rather than a temporary workaround.",Content & Academic,Confused,Low
lecture cuts off halfway.,Content & Academic,Urgent,Low
"To whom it may concern, rubric inconsistent. Please look into this.",Content & Academic,Confused,Medium
"Dear Support Team, I'm facing an issue where practice dataset unavailable. I reinstalled the app, but nothing changed. Kindly resolve this soon.",Content & Academic,Neutral,Low
"Dear LearnSphere Support,

I am writing to formally report that case studies too old. This problem has persisted for the last few days and is preventing me from using the platform effectively. I reinstalled the app without success. I would appreciate it if your technical team could investigate this matter at the earliest.

Kind regards,
A Learner",Content & Academic,Angry,Medium
"Hello,

I understand technical problems can happen, but wrong quiz answers. I have an upcoming deadline, so I'd be grateful if this could be resolved soon.

Thank you.",Content & Academic,Neutral,Low
"plz... broken reference links, plz fix. this keeps happening every time.",Content & Academic,Urgent,Low
"This wasn't happening before. Since the latest update, assignment instructions unclear. It's inconsistent�sometimes it works, sometimes it doesn't�which makes it difficult to continue my coursework.",Content & Academic,Angry,Low
"I'm honestly disappointed. assignment instructions unclear. I pay for this service because I rely on it every day, and repeated interruptions are affecting my assignments and preparation. Please provide a permanent solution rather than a temporary workaround.",Content & Academic,Confused,Medium
translation inaccurate.,Content & Academic,Confused,Low
Urgent: missing lesson. Looking forward to your response.,Content & Academic,Confused,Medium
"Urgent: I'm facing an issue where assignment instructions unclear. I cleared cache, but nothing changed. Please escalate if necessary.",Content & Academic,Frustrated,Medium
"Dear LearnSphere Support,

I am writing to formally report that missing lesson. This problem has persisted for the last few days and is preventing me from using the platform effectively. I reinstalled the app without success. I would appreciate it if your technical team could investigate this matter at the earliest.

Kind regards,
A Learner",Content & Academic,Angry,Medium
"Hello,

I understand technical problems can happen, but lab instructions incomplete. I have an upcoming deadline, so I'd be grateful if this could be resolved soon.

Thank you.",Content & Academic,Angry,Low
"cnt... empty module, plz fix. this keeps happening every time.",Content & Academic,Frustrated,Low
"This wasn't happening before. Since the latest update, rubric inconsistent. It's inconsistent�sometimes it works, sometimes it doesn't�which makes it difficult to continue my coursework.",Content & Academic,Urgent,Low
"I'm honestly disappointed. assignment instructions unclear. I pay for this service because I rely on it every day, and repeated interruptions are affecting my assignments and preparation. Please provide a permanent solution rather than a temporary workaround.",Content & Academic,Neutral,Medium
reading material missing.,Content & Academic,Urgent,Low
"Hey team, empty module. This is affecting my learning.",Content & Academic,Frustrated,Low
"Hi LearnSphere Team, I'm facing an issue where lecture cuts off halfway. I cleared cache, but nothing changed. Regards.",Content & Academic,Confused,Medium
"Dear LearnSphere Support,

I am writing to formally report that assignment instructions unclear. This problem has persisted for the last few days and is preventing me from using the platform effectively. I reinstalled the app without success. I would appreciate it if your technical team could investigate this matter at the earliest.

Kind regards,
A Learner",Content & Academic,Frustrated,Medium
"Hello,

I understand technical problems can happen, but broken reference links. I have an upcoming deadline, so I'd be grateful if this could be resolved soon.

Thank you.",Content & Academic,Confused,Low
"cnt... broken reference links, plz fix. this keeps happening every time.",Content & Academic,Neutral,Medium
"This wasn't happening before. Since the latest update, poor audio. It's inconsistent�sometimes it works, sometimes it doesn't�which makes it difficult to continue my coursework.",Content & Academic,Frustrated,Medium
"I'm honestly disappointed. case studies too old. I pay for this service because I rely on it every day, and repeated interruptions are affecting my assignments and preparation. Please provide a permanent solution rather than a temporary workaround.",Content & Academic,Neutral,Medium
reading material missing.,Content & Academic,Angry,Medium
 poor audio. Regards.,Content & Academic,Confused,Medium
"Hello Support, I'm facing an issue where mentor notes outdated. I checked my email spam folder, but nothing changed. Regards.",Content & Academic,Confused,Medium
"Dear LearnSphere Support,

I am writing to formally report that chapter order confusing. This problem has persisted for the last few days and is preventing me from using the platform effectively. I even asked a classmate to verify the issue without success. I would appreciate it if your technical team could investigate this matter at the earliest.

Kind regards,
A Learner",Content & Academic,Angry,Medium
"Hello,

I understand technical problems can happen, but lab instructions incomplete. I have an upcoming deadline, so I'd be grateful if this could be resolved soon.

Thank you.",Content & Academic,Urgent,Low
"subscrption... lecture cuts off halfway, plz fix. this keeps happening every time.",Content & Academic,Angry,Low
"This wasn't happening before. Since the latest update, rubric inconsistent. It's inconsistent�sometimes it works, sometimes it doesn't�which makes it difficult to continue my coursework.",Content & Academic,Neutral,Medium
"I'm honestly disappointed. missing lesson. I pay for this service because I rely on it every day, and repeated interruptions are affecting my assignments and preparation. Please provide a permanent solution rather than a temporary workaround.",Content & Academic,Angry,Low
wrong quiz answers.,Content & Academic,Urgent,Medium
"To whom it may concern, rubric inconsistent. This is affecting my learning.",Content & Academic,Urgent,Medium
"Hi LearnSphere Team, I'm facing an issue where mentor notes outdated. I tried another browser, but nothing changed. Regards.",Content & Academic,Neutral,Medium
"Dear LearnSphere Support,

I am writing to formally report that empty module. This problem has persisted for the last few days and is preventing me from using the platform effectively. I logged out and back in without success. I would appreciate it if your technical team could investigate this matter at the earliest.

Kind regards,
A Learner",Content & Academic,Confused,Low
"Hello,

I understand technical problems can happen, but poor audio. I have an upcoming deadline, so I'd be grateful if this could be resolved soon.

Thank you.",Content & Academic,Neutral,Medium
"vid... broken reference links, plz fix. this keeps happening every time.",Content & Academic,Frustrated,Low
"This wasn't happening before. Since the latest update, lab instructions incomplete. It's inconsistent�sometimes it works, sometimes it doesn't�which makes it difficult to continue my coursework.",Content & Academic,Frustrated,Medium
"I'm honestly disappointed. poor audio. I pay for this service because I rely on it every day, and repeated interruptions are affecting my assignments and preparation. Please provide a permanent solution rather than a temporary workaround.",Content & Academic,Angry,Medium
subtitle mismatch.,Content & Academic,Urgent,Low
 mentor notes outdated. Kindly resolve this soon.,Content & Academic,Urgent,Low
"Hey team, I'm facing an issue where assignment instructions unclear. I checked my email spam folder, but nothing changed. Thank you.",Content & Academic,Urgent,Medium
"Dear LearnSphere Support,

I am writing to formally report that chapter order confusing. This problem has persisted for the last few days and is preventing me from using the platform effectively. I logged out and back in without success. I would appreciate it if your technical team could investigate this matter at the earliest.

Kind regards,
A Learner",Content & Academic,Neutral,Low
"Hello,

I understand technical problems can happen, but poor audio. I have an upcoming deadline, so I'd be grateful if this could be resolved soon.

Thank you.",Content & Academic,Frustrated,Medium
"plz... reading material missing, plz fix. this keeps happening every time.",Content & Academic,Neutral,Medium
"This wasn't happening before. Since the latest update, assignment instructions unclear. It's inconsistent�sometimes it works, sometimes it doesn't�which makes it difficult to continue my coursework.",Content & Academic,Frustrated,Medium
"I'm honestly disappointed. empty module. I pay for this service because I rely on it every day, and repeated interruptions are affecting my assignments and preparation. Please provide a permanent solution rather than a temporary workaround.",Content & Academic,Urgent,Medium
rubric inconsistent.,Content & Academic,Angry,Low
"Hi LearnSphere Team, rubric inconsistent. This is affecting my learning.",Content & Academic,Frustrated,Low
" I'm facing an issue where duplicate lessons. I switched devices, but nothing changed. Please escalate if necessary.",Content & Academic,Frustrated,Low
"Dear LearnSphere Support,

I am writing to formally report that lab instructions incomplete. This problem has persisted for the last few days and is preventing me from using the platform effectively. I cleared cache without success. I would appreciate it if your technical team could investigate this matter at the earliest.

Kind regards,
A Learner",Content & Academic,Frustrated,Medium
"Hello,

I understand technical problems can happen, but assignment instructions unclear. I have an upcoming deadline, so I'd be grateful if this could be resolved soon.

Thank you.",Content & Academic,Angry,Medium
"vid... translation inaccurate, plz fix. this keeps happening every time.",Content & Academic,Neutral,Medium
"This wasn't happening before. Since the latest update, missing lesson. It's inconsistent�sometimes it works, sometimes it doesn't�which makes it difficult to continue my coursework.",Content & Academic,Urgent,Medium
"I'm honestly disappointed. reading material missing. I pay for this service because I rely on it every day, and repeated interruptions are affecting my assignments and preparation. Please provide a permanent solution rather than a temporary workaround.",Content & Academic,Urgent,Low
mentor notes outdated.,Content & Academic,Neutral,Medium
"Hello Support, reading material missing. Looking forward to your response.",Content & Academic,Urgent,Low
"Good evening, I'm facing an issue where outdated syllabus. I cleared cache, but nothing changed. Please look into this.",Content & Academic,Confused,Low
"Dear LearnSphere Support,

I am writing to formally report that lab instructions incomplete. This problem has persisted for the last few days and is preventing me from using the platform effectively. I updated the application without success. I would appreciate it if your technical team could investigate this matter at the earliest.

Kind regards,
A Learner",Content & Academic,Confused,Low
"Hello,

I understand technical problems can happen, but missing lesson. I have an upcoming deadline, so I'd be grateful if this could be resolved soon.

Thank you.",Content & Academic,Confused,Medium
"plz... case studies too old, plz fix. this keeps happening every time.",Content & Academic,Frustrated,Medium
"This wasn't happening before. Since the latest update, wrong quiz answers. It's inconsistent�sometimes it works, sometimes it doesn't�which makes it difficult to continue my coursework.",Content & Academic,Frustrated,Low
"I'm honestly disappointed. examples outdated. I pay for this service because I rely on it every day, and repeated interruptions are affecting my assignments and preparation. Please provide a permanent solution rather than a temporary workaround.",Content & Academic,Frustrated,Medium
lab instructions incomplete.,Content & Academic,Urgent,Medium
"Dear Support Team, translation inaccurate. Regards.",Content & Academic,Urgent,Medium
"Dear Support Team, I'm facing an issue where assignment instructions unclear. I logged out and back in, but nothing changed. Regards.",Content & Academic,Urgent,Medium
"Dear LearnSphere Support,

I am writing to formally report that duplicate lessons. This problem has persisted for the last few days and is preventing me from using the platform effectively. I tried another browser without success. I would appreciate it if your technical team could investigate this matter at the earliest.

Kind regards,
A Learner",Content & Academic,Urgent,Low
"Hello,

I understand technical problems can happen, but rubric inconsistent. I have an upcoming deadline, so I'd be grateful if this could be resolved soon.

Thank you.",Content & Academic,Angry,Medium
"vid... translation inaccurate, plz fix. this keeps happening every time.",Content & Academic,Angry,Low
"This wasn't happening before. Since the latest update, missing lesson. It's inconsistent�sometimes it works, sometimes it doesn't�which makes it difficult to continue my coursework.",Content & Academic,Neutral,Medium
"I'm honestly disappointed. missing lesson. I pay for this service because I rely on it every day, and repeated interruptions are affecting my assignments and preparation. Please provide a permanent solution rather than a temporary workaround.",Content & Academic,Neutral,Low
poor audio.,Content & Academic,Frustrated,Low
"Hi LearnSphere Team, reading material missing. Kindly resolve this soon.",Content & Academic,Frustrated,Low
"To whom it may concern, I'm facing an issue where duplicate lessons. I reinstalled the app, but nothing changed. ",Content & Academic,Frustrated,Medium
"Dear LearnSphere Support,

I am writing to formally report that poor audio. This problem has persisted for the last few days and is preventing me from using the platform effectively. I logged out and back in without success. I would appreciate it if your technical team could investigate this matter at the earliest.

Kind regards,
A Learner",Content & Academic,Neutral,Medium
"Hello,

I understand technical problems can happen, but broken reference links. I have an upcoming deadline, so I'd be grateful if this could be resolved soon.

Thank you.",Content & Academic,Urgent,Low
"biling... broken reference links, plz fix. this keeps happening every time.",Content & Academic,Neutral,Medium
"This wasn't happening before. Since the latest update, duplicate lessons. It's inconsistent�sometimes it works, sometimes it doesn't�which makes it difficult to continue my coursework.",Content & Academic,Urgent,Low
"I'm honestly disappointed. mentor notes outdated. I pay for this service because I rely on it every day, and repeated interruptions are affecting my assignments and preparation. Please provide a permanent solution rather than a temporary workaround.",Content & Academic,Confused,Low
translation inaccurate.,Content & Academic,Angry,Low
"Hello Support, examples outdated. Regards.",Content & Academic,Angry,Low
"Good evening, I'm facing an issue where assignment instructions unclear. I cleared cache, but nothing changed. ",Content & Academic,Confused,Medium
"Dear LearnSphere Support,

I am writing to formally report that outdated syllabus. This problem has persisted for the last few days and is preventing me from using the platform effectively. I even asked a classmate to verify the issue without success. I would appreciate it if your technical team could investigate this matter at the earliest.

Kind regards,
A Learner",Content & Academic,Urgent,Medium
"Hello,

I understand technical problems can happen, but practice dataset unavailable. I have an upcoming deadline, so I'd be grateful if this could be resolved soon.

Thank you.",Content & Academic,Neutral,Low
"idk... case studies too old, plz fix. this keeps happening every time.",Content & Academic,Neutral,Medium
"This wasn't happening before. Since the latest update, poor audio. It's inconsistent�sometimes it works, sometimes it doesn't�which makes it difficult to continue my coursework.",Content & Academic,Confused,Medium
"I'm honestly disappointed. assessment explanation absent. I pay for this service because I rely on it every day, and repeated interruptions are affecting my assignments and preparation. Please provide a permanent solution rather than a temporary workaround.",Content & Academic,Angry,Medium
wrong quiz answers.,Content & Academic,Angry,Medium
"Hello Support, practice dataset unavailable. Please look into this.",Content & Academic,Angry,Medium
" I'm facing an issue where poor audio. I reinstalled the app, but nothing changed. Please escalate if necessary.",Content & Academic,Confused,Medium
"Dear LearnSphere Support,

I am writing to formally report that assessment explanation absent. This problem has persisted for the last few days and is preventing me from using the platform effectively. I even asked a classmate to verify the issue without success. I would appreciate it if your technical team could investigate this matter at the earliest.

Kind regards,
A Learner",Content & Academic,Urgent,Medium
"Hello,

I understand technical problems can happen, but assignment instructions unclear. I have an upcoming deadline, so I'd be grateful if this could be resolved soon.

Thank you.",Content & Academic,Frustrated,Low
"biling... assignment instructions unclear, plz fix. this keeps happening every time.",Content & Academic,Frustrated,Low
"This wasn't happening before. Since the latest update, wrong quiz answers. It's inconsistent�sometimes it works, sometimes it doesn't�which makes it difficult to continue my coursework.",Content & Academic,Urgent,Medium
"I'm honestly disappointed. subtitle mismatch. I pay for this service because I rely on it every day, and repeated interruptions are affecting my assignments and preparation. Please provide a permanent solution rather than a temporary workaround.",Content & Academic,Frustrated,Low
translation inaccurate.,Content & Academic,Confused,Medium
"To whom it may concern, mentor notes outdated. Thank you.",Content & Academic,Confused,Medium
"Good evening, I'm facing an issue where reading material missing. I switched devices, but nothing changed. Kindly resolve this soon.",Content & Academic,Neutral,Medium
"Dear LearnSphere Support,

I am writing to formally report that lecture cuts off halfway. This problem has persisted for the last few days and is preventing me from using the platform effectively. I checked my email spam folder without success. I would appreciate it if your technical team could investigate this matter at the earliest.

Kind regards,
A Learner",Content & Academic,Frustrated,Low
"Hello,

I understand technical problems can happen, but empty module. I have an upcoming deadline, so I'd be grateful if this could be resolved soon.

Thank you.",Content & Academic,Urgent,Medium
"biling... examples outdated, plz fix. this keeps happening every time.",Content & Academic,Confused,Medium
"This wasn't happening before. Since the latest update, missing lesson. It's inconsistent�sometimes it works, sometimes it doesn't�which makes it difficult to continue my coursework.",Content & Academic,Confused,Low
"I'm honestly disappointed. lab instructions incomplete. I pay for this service because I rely on it every day, and repeated interruptions are affecting my assignments and preparation. Please provide a permanent solution rather than a temporary workaround.",Content & Academic,Angry,Low
outdated syllabus.,Content & Academic,Angry,Medium
"Hi LearnSphere Team, lab instructions incomplete. Regards.",Content & Academic,Neutral,Low
"Hi LearnSphere Team, I'm facing an issue where empty module. I logged out and back in, but nothing changed. ",Content & Academic,Urgent,Low
"Dear LearnSphere Support,

I am writing to formally report that reading material missing. This problem has persisted for the last few days and is preventing me from using the platform effectively. I reinstalled the app without success. I would appreciate it if your technical team could investigate this matter at the earliest.

Kind regards,
A Learner",Content & Academic,Angry,Low
"Hello,

I understand technical problems can happen, but wrong quiz answers. I have an upcoming deadline, so I'd be grateful if this could be resolved soon.

Thank you.",Content & Academic,Frustrated,Medium
"pasword... subtitle mismatch, plz fix. this keeps happening every time.",Content & Academic,Confused,Low
"This wasn't happening before. Since the latest update, assignment instructions unclear. It's inconsistent�sometimes it works, sometimes it doesn't�which makes it difficult to continue my coursework.",Content & Academic,Neutral,Medium
"I'm honestly disappointed. duplicate lessons. I pay for this service because I rely on it every day, and repeated interruptions are affecting my assignments and preparation. Please provide a permanent solution rather than a temporary workaround.",Content & Academic,Angry,Medium
case studies too old.,Content & Academic,Neutral,Medium
I hope you're doing well. translation inaccurate. ,Content & Academic,Frustrated,Medium
"I hope you're doing well. I'm facing an issue where examples outdated. I even asked a classmate to verify the issue, but nothing changed. Thank you.",Content & Academic,Neutral,Low
"Dear LearnSphere Support,

I am writing to formally report that broken reference links. This problem has persisted for the last few days and is preventing me from using the platform effectively. I updated the application without success. I would appreciate it if your technical team could investigate this matter at the earliest.

Kind regards,
A Learner",Content & Academic,Confused,Low
"Hello,

I understand technical problems can happen, but practice dataset unavailable. I have an upcoming deadline, so I'd be grateful if this could be resolved soon.

Thank you.",Content & Academic,Angry,Low
"subscrption... subtitle mismatch, plz fix. this keeps happening every time.",Content & Academic,Neutral,Low
"This wasn't happening before. Since the latest update, missing lesson. It's inconsistent�sometimes it works, sometimes it doesn't�which makes it difficult to continue my coursework.",Content & Academic,Confused,Medium
"I'm honestly disappointed. assignment instructions unclear. I pay for this service because I rely on it every day, and repeated interruptions are affecting my assignments and preparation. Please provide a permanent solution rather than a temporary workaround.",Content & Academic,Neutral,Medium
assessment explanation absent.,Content & Academic,Confused,Medium
I hope you're doing well. practice dataset unavailable. Please escalate if necessary.,Content & Academic,Urgent,Medium
" I'm facing an issue where translation inaccurate. I reinstalled the app, but nothing changed. Please look into this.",Content & Academic,Urgent,Medium
"Dear LearnSphere Support,

I am writing to formally report that lecture cuts off halfway. This problem has persisted for the last few days and is preventing me from using the platform effectively. I tried another browser without success. I would appreciate it if your technical team could investigate this matter at the earliest.

Kind regards,
A Learner",Content & Academic,Angry,Medium
"Hello,

I understand technical problems can happen, but rubric inconsistent. I have an upcoming deadline, so I'd be grateful if this could be resolved soon.

Thank you.",Content & Academic,Neutral,Medium
"plz... assignment instructions unclear, plz fix. this keeps happening every time.",Content & Academic,Angry,Low
"This wasn't happening before. Since the latest update, duplicate lessons. It's inconsistent�sometimes it works, sometimes it doesn't�which makes it difficult to continue my coursework.",Content & Academic,Confused,Medium
"I'm honestly disappointed. lecture cuts off halfway. I pay for this service because I rely on it every day, and repeated interruptions are affecting my assignments and preparation. Please provide a permanent solution rather than a temporary workaround.",Content & Academic,Urgent,Low
examples outdated.,Content & Academic,Angry,Medium
 missing lesson. Please look into this.,Content & Academic,Angry,Low
" I'm facing an issue where poor audio. I tried another browser, but nothing changed. Please look into this.",Content & Academic,Angry,Medium
"Dear LearnSphere Support,

I am writing to formally report that outdated syllabus. This problem has persisted for the last few days and is preventing me from using the platform effectively. I updated the application without success. I would appreciate it if your technical team could investigate this matter at the earliest.

Kind regards,
A Learner",Content & Academic,Neutral,Low
"Hello,

I understand technical problems can happen, but wrong quiz answers. I have an upcoming deadline, so I'd be grateful if this could be resolved soon.

Thank you.",Content & Academic,Neutral,Low
"cnt... practice dataset unavailable, plz fix. this keeps happening every time.",Content & Academic,Urgent,Low
"This wasn't happening before. Since the latest update, missing lesson. It's inconsistent�sometimes it works, sometimes it doesn't�which makes it difficult to continue my coursework.",Content & Academic,Neutral,Low
"I'm honestly disappointed. poor audio. I pay for this service because I rely on it every day, and repeated interruptions are affecting my assignments and preparation. Please provide a permanent solution rather than a temporary workaround.",Content & Academic,Angry,Low
examples outdated.,Content & Academic,Confused,Low
I hope you're doing well. reading material missing. Kindly resolve this soon.,Content & Academic,Angry,Medium
"Hello Support, I'm facing an issue where mentor notes outdated. I checked my email spam folder, but nothing changed. This is affecting my learning.",Content & Academic,Urgent,Medium
"Dear LearnSphere Support,

I am writing to formally report that empty module. This problem has persisted for the last few days and is preventing me from using the platform effectively. I updated the application without success. I would appreciate it if your technical team could investigate this matter at the earliest.

Kind regards,
A Learner",Content & Academic,Neutral,Low
"Hello,

I understand technical problems can happen, but poor audio. I have an upcoming deadline, so I'd be grateful if this could be resolved soon.

Thank you.",Content & Academic,Neutral,Low
"biling... chapter order confusing, plz fix. this keeps happening every time.",Content & Academic,Neutral,Medium
"This wasn't happening before. Since the latest update, missing lesson. It's inconsistent�sometimes it works, sometimes it doesn't�which makes it difficult to continue my coursework.",Content & Academic,Neutral,Medium
"I'm honestly disappointed. case studies too old. I pay for this service because I rely on it every day, and repeated interruptions are affecting my assignments and preparation. Please provide a permanent solution rather than a temporary workaround.",Content & Academic,Confused,Medium
chapter order confusing.,Content & Academic,Frustrated,Low
Urgent: assessment explanation absent. Looking forward to your response.,Content & Academic,Urgent,Medium
"I hope you're doing well. I'm facing an issue where duplicate lessons. I updated the application, but nothing changed. ",Content & Academic,Angry,Medium
"Dear LearnSphere Support,

I am writing to formally report that duplicate lessons. This problem has persisted for the last few days and is preventing me from using the platform effectively. I cleared cache without success. I would appreciate it if your technical team could investigate this matter at the earliest.

Kind regards,
A Learner",Content & Academic,Urgent,Low
"Hello,

I understand technical problems can happen, but chapter order confusing. I have an upcoming deadline, so I'd be grateful if this could be resolved soon.

Thank you.",Content & Academic,Frustrated,Low
"cnt... lecture cuts off halfway, plz fix. this keeps happening every time.",Content & Academic,Confused,Medium
"This wasn't happening before. Since the latest update, broken reference links. It's inconsistent�sometimes it works, sometimes it doesn't�which makes it difficult to continue my coursework.",Content & Academic,Urgent,Medium
"I'm honestly disappointed. wrong quiz answers. I pay for this service because I rely on it every day, and repeated interruptions are affecting my assignments and preparation. Please provide a permanent solution rather than a temporary workaround.",Content & Academic,Angry,Low
mentor notes outdated.,Content & Academic,Frustrated,Medium
Urgent: assessment explanation absent. Please look into this.,Content & Academic,Frustrated,Low
"Hello Support, I'm facing an issue where translation inaccurate. I logged out and back in, but nothing changed. Thank you.",Content & Academic,Neutral,Medium
"Dear LearnSphere Support,

I am writing to formally report that lab instructions incomplete. This problem has persisted for the last few days and is preventing me from using the platform effectively. I cleared cache without success. I would appreciate it if your technical team could investigate this matter at the earliest.

Kind regards,
A Learner",Content & Academic,Frustrated,Low
"Hello,

I understand technical problems can happen, but poor audio. I have an upcoming deadline, so I'd be grateful if this could be resolved soon.

Thank you.",Content & Academic,Urgent,Low
"asap... case studies too old, plz fix. this keeps happening every time.",Content & Academic,Confused,Low
"This wasn't happening before. Since the latest update, broken reference links. It's inconsistent�sometimes it works, sometimes it doesn't�which makes it difficult to continue my coursework.",Content & Academic,Neutral,Medium
"I'm honestly disappointed. outdated syllabus. I pay for this service because I rely on it every day, and repeated interruptions are affecting my assignments and preparation. Please provide a permanent solution rather than a temporary workaround.",Content & Academic,Angry,Low
assignment instructions unclear.,Content & Academic,Frustrated,Low
"Hello Support, broken reference links. Thank you.",Content & Academic,Confused,Low
"Urgent: I'm facing an issue where assignment instructions unclear. I cleared cache, but nothing changed. ",Content & Academic,Angry,Low
"Dear LearnSphere Support,

I am writing to formally report that assignment instructions unclear. This problem has persisted for the last few days and is preventing me from using the platform effectively. I checked my email spam folder without success. I would appreciate it if your technical team could investigate this matter at the earliest.

Kind regards,
A Learner",Content & Academic,Angry,Medium
"Hello,

I understand technical problems can happen, but empty module. I have an upcoming deadline, so I'd be grateful if this could be resolved soon.

Thank you.",Content & Academic,Confused,Medium
"asap... lecture cuts off halfway, plz fix. this keeps happening every time.",Content & Academic,Urgent,Low
"This wasn't happening before. Since the latest update, chapter order confusing. It's inconsistent�sometimes it works, sometimes it doesn't�which makes it difficult to continue my coursework.",Content & Academic,Confused,Low
"I'm honestly disappointed. empty module. I pay for this service because I rely on it every day, and repeated interruptions are affecting my assignments and preparation. Please provide a permanent solution rather than a temporary workaround.",Content & Academic,Confused,Low
empty module.,Content & Academic,Urgent,Low
Urgent: reading material missing. This is affecting my learning.,Content & Academic,Neutral,Low
"Urgent: I'm facing an issue where rubric inconsistent. I logged out and back in, but nothing changed. This is affecting my learning.",Content & Academic,Angry,Medium
"Dear LearnSphere Support,

I am writing to formally report that assignment instructions unclear. This problem has persisted for the last few days and is preventing me from using the platform effectively. I even asked a classmate to verify the issue without success. I would appreciate it if your technical team could investigate this matter at the earliest.

Kind regards,
A Learner",Content & Academic,Angry,Medium
"Hello,

I understand technical problems can happen, but broken reference links. I have an upcoming deadline, so I'd be grateful if this could be resolved soon.

Thank you.",Content & Academic,Frustrated,Medium
"idk... duplicate lessons, plz fix. this keeps happening every time.",Content & Academic,Urgent,Medium
"This wasn't happening before. Since the latest update, outdated syllabus. It's inconsistent�sometimes it works, sometimes it doesn't�which makes it difficult to continue my coursework.",Content & Academic,Urgent,Medium
"I'm honestly disappointed. wrong quiz answers. I pay for this service because I rely on it every day, and repeated interruptions are affecting my assignments and preparation. Please provide a permanent solution rather than a temporary workaround.",Content & Academic,Urgent,Medium
wrong quiz answers.,Content & Academic,Neutral,Low
Urgent: duplicate lessons. This is affecting my learning.,Content & Academic,Frustrated,Low
"Hey team, I'm facing an issue where practice dataset unavailable. I reinstalled the app, but nothing changed. Looking forward to your response.",Content & Academic,Urgent,Medium
"Dear LearnSphere Support,

I am writing to formally report that assessment explanation absent. This problem has persisted for the last few days and is preventing me from using the platform effectively. I tried another browser without success. I would appreciate it if your technical team could investigate this matter at the earliest.

Kind regards,
A Learner",Content & Academic,Confused,Low
"Hello,

I understand technical problems can happen, but practice dataset unavailable. I have an upcoming deadline, so I'd be grateful if this could be resolved soon.

Thank you.",Content & Academic,Urgent,Medium
"pasword... duplicate lessons, plz fix. this keeps happening every time.",Content & Academic,Neutral,Medium
"This wasn't happening before. Since the latest update, mentor notes outdated. It's inconsistent�sometimes it works, sometimes it doesn't�which makes it difficult to continue my coursework.",Content & Academic,Frustrated,Medium
"I'm honestly disappointed. mentor notes outdated. I pay for this service because I rely on it every day, and repeated interruptions are affecting my assignments and preparation. Please provide a permanent solution rather than a temporary workaround.",Content & Academic,Angry,Low
rubric inconsistent.,Content & Academic,Urgent,Medium
I hope you're doing well. broken reference links. Looking forward to your response.,Content & Academic,Urgent,Medium
"Hi LearnSphere Team, I'm facing an issue where missing lesson. I cleared cache, but nothing changed. Regards.",Content & Academic,Confused,Low
"Dear LearnSphere Support,

I am writing to formally report that assignment instructions unclear. This problem has persisted for the last few days and is preventing me from using the platform effectively. I even asked a classmate to verify the issue without success. I would appreciate it if your technical team could investigate this matter at the earliest.

Kind regards,
A Learner",Content & Academic,Angry,Medium
"Hello,

I understand technical problems can happen, but subtitle mismatch. I have an upcoming deadline, so I'd be grateful if this could be resolved soon.

Thank you.",Content & Academic,Confused,Low
"subscrption... empty module, plz fix. this keeps happening every time.",Content & Academic,Angry,Low
"This wasn't happening before. Since the latest update, wrong quiz answers. It's inconsistent�sometimes it works, sometimes it doesn't�which makes it difficult to continue my coursework.",Content & Academic,Urgent,Medium
"I'm honestly disappointed. assignment instructions unclear. I pay for this service because I rely on it every day, and repeated interruptions are affecting my assignments and preparation. Please provide a permanent solution rather than a temporary workaround.",Content & Academic,Frustrated,Low
duplicate lessons.,Content & Academic,Neutral,Low
I hope you're doing well. empty module. Thank you.,Content & Academic,Angry,Medium
"Hey team, I'm facing an issue where broken reference links. I reinstalled the app, but nothing changed. Kindly resolve this soon.",Content & Academic,Neutral,Medium
"Dear LearnSphere Support,

I am writing to formally report that duplicate lessons. This problem has persisted for the last few days and is preventing me from using the platform effectively. I checked my email spam folder without success. I would appreciate it if your technical team could investigate this matter at the earliest.

Kind regards,
A Learner",Content & Academic,Confused,Low
"Hello,

I understand technical problems can happen, but empty module. I have an upcoming deadline, so I'd be grateful if this could be resolved soon.

Thank you.",Content & Academic,Angry,Low
"plz... missing lesson, plz fix. this keeps happening every time.",Content & Academic,Frustrated,Low
"This wasn't happening before. Since the latest update, wrong quiz answers. It's inconsistent�sometimes it works, sometimes it doesn't�which makes it difficult to continue my coursework.",Content & Academic,Confused,Low
"I'm honestly disappointed. practice dataset unavailable. I pay for this service because I rely on it every day, and repeated interruptions are affecting my assignments and preparation. Please provide a permanent solution rather than a temporary workaround.",Content & Academic,Angry,Low
lab instructions incomplete.,Content & Academic,Confused,Medium
"Good evening, poor audio. ",Content & Academic,Urgent,Medium
"Hey team, I'm facing an issue where practice dataset unavailable. I switched devices, but nothing changed. Thank you.",Content & Academic,Angry,Medium
"Dear LearnSphere Support,

I am writing to formally report that mentor notes outdated. This problem has persisted for the last few days and is preventing me from using the platform effectively. I tried another browser without success. I would appreciate it if your technical team could investigate this matter at the earliest.

Kind regards,
A Learner",Content & Academic,Urgent,Low
"Hello,

I understand technical problems can happen, but broken reference links. I have an upcoming deadline, so I'd be grateful if this could be resolved soon.

Thank you.",Content & Academic,Urgent,Medium
"idk... assignment instructions unclear, plz fix. this keeps happening every time.",Content & Academic,Angry,Low
"This wasn't happening before. Since the latest update, wrong quiz answers. It's inconsistent�sometimes it works, sometimes it doesn't�which makes it difficult to continue my coursework.",Content & Academic,Urgent,Medium
"I'm honestly disappointed. outdated syllabus. I pay for this service because I rely on it every day, and repeated interruptions are affecting my assignments and preparation. Please provide a permanent solution rather than a temporary workaround.",Content & Academic,Confused,Medium
translation inaccurate.,Content & Academic,Angry,Medium
"Dear Support Team, missing lesson. This is affecting my learning.",Content & Academic,Frustrated,Low
"Hey team, I'm facing an issue where assessment explanation absent. I checked my email spam folder, but nothing changed. Please escalate if necessary.",Content & Academic,Urgent,Low
"Dear LearnSphere Support,

I am writing to formally report that case studies too old. This problem has persisted for the last few days and is preventing me from using the platform effectively. I tried another browser without success. I would appreciate it if your technical team could investigate this matter at the earliest.

Kind regards,
A Learner",Content & Academic,Urgent,Medium
"Hello,

I understand technical problems can happen, but translation inaccurate. I have an upcoming deadline, so I'd be grateful if this could be resolved soon.

Thank you.",Content & Academic,Frustrated,Low
"subscrption... lab instructions incomplete, plz fix. this keeps happening every time.",Content & Academic,Neutral,Low
"This wasn't happening before. Since the latest update, lab instructions incomplete. It's inconsistent�sometimes it works, sometimes it doesn't�which makes it difficult to continue my coursework.",Content & Academic,Frustrated,Low
"I'm honestly disappointed. poor audio. I pay for this service because I rely on it every day, and repeated interruptions are affecting my assignments and preparation. Please provide a permanent solution rather than a temporary workaround.",Content & Academic,Urgent,Medium
wrong quiz answers.,Content & Academic,Confused,Medium
"Hi LearnSphere Team, missing lesson. Looking forward to your response.",Content & Academic,Frustrated,Medium
"Hello Support, I'm facing an issue where lecture cuts off halfway. I even asked a classmate to verify the issue, but nothing changed. Regards.",Content & Academic,Neutral,Low
"Dear LearnSphere Support,

I am writing to formally report that assignment instructions unclear. This problem has persisted for the last few days and is preventing me from using the platform effectively. I cleared cache without success. I would appreciate it if your technical team could investigate this matter at the earliest.

Kind regards,
A Learner",Content & Academic,Angry,Low
"Hello,

I understand technical problems can happen, but practice dataset unavailable. I have an upcoming deadline, so I'd be grateful if this could be resolved soon.

Thank you.",Content & Academic,Angry,Medium
"biling... examples outdated, plz fix. this keeps happening every time.",Content & Academic,Frustrated,Low
"This wasn't happening before. Since the latest update, outdated syllabus. It's inconsistent�sometimes it works, sometimes it doesn't�which makes it difficult to continue my coursework.",Content & Academic,Confused,Medium
"I'm honestly disappointed. outdated syllabus. I pay for this service because I rely on it every day, and repeated interruptions are affecting my assignments and preparation. Please provide a permanent solution rather than a temporary workaround.",Content & Academic,Urgent,Medium
wrong quiz answers.,Content & Academic,Angry,Medium
"To whom it may concern, broken reference links. Please escalate if necessary.",Content & Academic,Urgent,Low
"Urgent: I'm facing an issue where assignment instructions unclear. I tried another browser, but nothing changed. Looking forward to your response.",Content & Academic,Neutral,Low
"Dear LearnSphere Support,

I am writing to formally report that lab instructions incomplete. This problem has persisted for the last few days and is preventing me from using the platform effectively. I updated the application without success. I would appreciate it if your technical team could investigate this matter at the earliest.

Kind regards,
A Learner",Content & Academic,Frustrated,Low
"Hello,

I understand technical problems can happen, but subtitle mismatch. I have an upcoming deadline, so I'd be grateful if this could be resolved soon.

Thank you.",Content & Academic,Frustrated,Low
"subscrption... subtitle mismatch, plz fix. this keeps happening every time.",Content & Academic,Urgent,Low
"This wasn't happening before. Since the latest update, outdated syllabus. It's inconsistent�sometimes it works, sometimes it doesn't�which makes it difficult to continue my coursework.",Content & Academic,Confused,Low
"I'm honestly disappointed. missing lesson. I pay for this service because I rely on it every day, and repeated interruptions are affecting my assignments and preparation. Please provide a permanent solution rather than a temporary workaround.",Content & Academic,Frustrated,Low
duplicate lessons.,Content & Academic,Confused,Medium
I hope you're doing well. wrong quiz answers. Looking forward to your response.,Content & Academic,Urgent,Low
"Dear Support Team, I'm facing an issue where examples outdated. I updated the application, but nothing changed. ",Content & Academic,Frustrated,Low
"Dear LearnSphere Support,

I am writing to formally report that missing lesson. This problem has persisted for the last few days and is preventing me from using the platform effectively. I checked my email spam folder without success. I would appreciate it if your technical team could investigate this matter at the earliest.

Kind regards,
A Learner",Content & Academic,Urgent,Low
"Hello,

I understand technical problems can happen, but reading material missing. I have an upcoming deadline, so I'd be grateful if this could be resolved soon.

Thank you.",Content & Academic,Neutral,Low
"cnt... duplicate lessons, plz fix. this keeps happening every time.",Content & Academic,Neutral,Medium
"This wasn't happening before. Since the latest update, subtitle mismatch. It's inconsistent�sometimes it works, sometimes it doesn't�which makes it difficult to continue my coursework.",Content & Academic,Urgent,Medium
"I'm honestly disappointed. lab instructions incomplete. I pay for this service because I rely on it every day, and repeated interruptions are affecting my assignments and preparation. Please provide a permanent solution rather than a temporary workaround.",Content & Academic,Urgent,Low
wrong quiz answers.,Content & Academic,Neutral,Medium
Urgent: lecture cuts off halfway. This is affecting my learning.,Content & Academic,Frustrated,Low
"Hey team, I'm facing an issue where broken reference links. I reinstalled the app, but nothing changed. This is affecting my learning.",Content & Academic,Urgent,Low
"Dear LearnSphere Support,

I am writing to formally report that assignment instructions unclear. This problem has persisted for the last few days and is preventing me from using the platform effectively. I logged out and back in without success. I would appreciate it if your technical team could investigate this matter at the earliest.

Kind regards,
A Learner",Content & Academic,Confused,Low
"Hello,

I understand technical problems can happen, but subtitle mismatch. I have an upcoming deadline, so I'd be grateful if this could be resolved soon.

Thank you.",Content & Academic,Angry,Medium
"plz... assignment instructions unclear, plz fix. this keeps happening every time.",Content & Academic,Angry,Low
"This wasn't happening before. Since the latest update, translation inaccurate. It's inconsistent�sometimes it works, sometimes it doesn't�which makes it difficult to continue my coursework.",Content & Academic,Neutral,Medium
"I'm honestly disappointed. examples outdated. I pay for this service because I rely on it every day, and repeated interruptions are affecting my assignments and preparation. Please provide a permanent solution rather than a temporary workaround.",Content & Academic,Frustrated,Low
translation inaccurate.,Content & Academic,Urgent,Medium
"Hi LearnSphere Team, reading material missing. Please escalate if necessary.",Content & Academic,Angry,Medium
"Good evening, I'm facing an issue where wrong quiz answers. I reinstalled the app, but nothing changed. Please escalate if necessary.",Content & Academic,Confused,Medium
"Dear LearnSphere Support,

I am writing to formally report that case studies too old. This problem has persisted for the last few days and is preventing me from using the platform effectively. I cleared cache without success. I would appreciate it if your technical team could investigate this matter at the earliest.

Kind regards,
A Learner",Content & Academic,Neutral,Low
"Hello,

I understand technical problems can happen, but case studies too old. I have an upcoming deadline, so I'd be grateful if this could be resolved soon.

Thank you.",Content & Academic,Neutral,Low
"vid... lecture cuts off halfway, plz fix. this keeps happening every time.",Content & Academic,Neutral,Low
"This wasn't happening before. Since the latest update, outdated syllabus. It's inconsistent�sometimes it works, sometimes it doesn't�which makes it difficult to continue my coursework.",Content & Academic,Neutral,Medium
"I'm honestly disappointed. chapter order confusing. I pay for this service because I rely on it every day, and repeated interruptions are affecting my assignments and preparation. Please provide a permanent solution rather than a temporary workaround.",Content & Academic,Frustrated,Low
case studies too old.,Content & Academic,Angry,Medium
Urgent: case studies too old. Please escalate if necessary.,Content & Academic,Urgent,Medium
"To whom it may concern, I'm facing an issue where empty module. I even asked a classmate to verify the issue, but nothing changed. Kindly resolve this soon.",Content & Academic,Confused,Low
"Dear LearnSphere Support,

I am writing to formally report that translation inaccurate. This problem has persisted for the last few days and is preventing me from using the platform effectively. I checked my email spam folder without success. I would appreciate it if your technical team could investigate this matter at the earliest.

Kind regards,
A Learner",Content & Academic,Frustrated,Low
"Hello,

I understand technical problems can happen, but case studies too old. I have an upcoming deadline, so I'd be grateful if this could be resolved soon.

Thank you.",Content & Academic,Neutral,Medium
"subscrption... rubric inconsistent, plz fix. this keeps happening every time.",Content & Academic,Frustrated,Medium
"This wasn't happening before. Since the latest update, practice dataset unavailable. It's inconsistent�sometimes it works, sometimes it doesn't�which makes it difficult to continue my coursework.",Content & Academic,Neutral,Medium
"I'm honestly disappointed. lecture cuts off halfway. I pay for this service because I rely on it every day, and repeated interruptions are affecting my assignments and preparation. Please provide a permanent solution rather than a temporary workaround.",Content & Academic,Frustrated,Low
examples outdated.,Content & Academic,Urgent,Medium
"Dear Support Team, translation inaccurate. ",Content & Academic,Angry,Low
"Hi LearnSphere Team, I'm facing an issue where duplicate lessons. I even asked a classmate to verify the issue, but nothing changed. Please look into this.",Content & Academic,Neutral,Medium
"Dear LearnSphere Support,

I am writing to formally report that case studies too old. This problem has persisted for the last few days and is preventing me from using the platform effectively. I reinstalled the app without success. I would appreciate it if your technical team could investigate this matter at the earliest.

Kind regards,
A Learner",Content & Academic,Angry,Low
"Hello,

I understand technical problems can happen, but rubric inconsistent. I have an upcoming deadline, so I'd be grateful if this could be resolved soon.

Thank you.",Content & Academic,Frustrated,Medium
"vid... lecture cuts off halfway, plz fix. this keeps happening every time.",Content & Academic,Frustrated,Medium
"This wasn't happening before. Since the latest update, empty module. It's inconsistent�sometimes it works, sometimes it doesn't�which makes it difficult to continue my coursework.",Content & Academic,Neutral,Medium
"I'm honestly disappointed. translation inaccurate. I pay for this service because I rely on it every day, and repeated interruptions are affecting my assignments and preparation. Please provide a permanent solution rather than a temporary workaround.",Content & Academic,Angry,Low
subtitle mismatch.,Content & Academic,Confused,Low
"Hi LearnSphere Team, lecture cuts off halfway. Kindly resolve this soon.",Content & Academic,Frustrated,Low
"Hey team, I'm facing an issue where empty module. I even asked a classmate to verify the issue, but nothing changed. Looking forward to your response.",Content & Academic,Frustrated,Low
"Dear LearnSphere Support,

I am writing to formally report that wrong quiz answers. This problem has persisted for the last few days and is preventing me from using the platform effectively. I checked my email spam folder without success. I would appreciate it if your technical team could investigate this matter at the earliest.

Kind regards,
A Learner",Content & Academic,Neutral,Low
"Hello,

I understand technical problems can happen, but practice dataset unavailable. I have an upcoming deadline, so I'd be grateful if this could be resolved soon.

Thank you.",Content & Academic,Urgent,Low
"biling... lecture cuts off halfway, plz fix. this keeps happening every time.",Content & Academic,Neutral,Low
"This wasn't happening before. Since the latest update, missing lesson. It's inconsistent�sometimes it works, sometimes it doesn't�which makes it difficult to continue my coursework.",Content & Academic,Urgent,Medium
"I'm honestly disappointed. assignment instructions unclear. I pay for this service because I rely on it every day, and repeated interruptions are affecting my assignments and preparation. Please provide a permanent solution rather than a temporary workaround.",Content & Academic,Urgent,Low
subtitle mismatch.,Content & Academic,Confused,Medium
I hope you're doing well. rubric inconsistent. Please escalate if necessary.,Content & Academic,Frustrated,Medium
"Dear Support Team, I'm facing an issue where examples outdated. I cleared cache, but nothing changed. Looking forward to your response.",Content & Academic,Urgent,Medium
"Dear LearnSphere Support,

I am writing to formally report that lab instructions incomplete. This problem has persisted for the last few days and is preventing me from using the platform effectively. I updated the application without success. I would appreciate it if your technical team could investigate this matter at the earliest.

Kind regards,
A Learner",Content & Academic,Neutral,Medium
"Hello,

I understand technical problems can happen, but examples outdated. I have an upcoming deadline, so I'd be grateful if this could be resolved soon.

Thank you.",Content & Academic,Urgent,Low
"vid... empty module, plz fix. this keeps happening every time.",Content & Academic,Frustrated,Medium
"This wasn't happening before. Since the latest update, broken reference links. It's inconsistent�sometimes it works, sometimes it doesn't�which makes it difficult to continue my coursework.",Content & Academic,Urgent,Low
"I'm honestly disappointed. assignment instructions unclear. I pay for this service because I rely on it every day, and repeated interruptions are affecting my assignments and preparation. Please provide a permanent solution rather than a temporary workaround.",Content & Academic,Urgent,Low
lab instructions incomplete.,Content & Academic,Urgent,Medium
"To whom it may concern, poor audio. Please look into this.",Content & Academic,Confused,Medium
"Hello Support, I'm facing an issue where missing lesson. I reinstalled the app, but nothing changed. Please escalate if necessary.",Content & Academic,Urgent,Low
"Dear LearnSphere Support,

I am writing to formally report that assessment explanation absent. This problem has persisted for the last few days and is preventing me from using the platform effectively. I cleared cache without success. I would appreciate it if your technical team could investigate this matter at the earliest.

Kind regards,
A Learner",Content & Academic,Urgent,Medium
"Hello,

I understand technical problems can happen, but assessment explanation absent. I have an upcoming deadline, so I'd be grateful if this could be resolved soon.

Thank you.",Content & Academic,Urgent,Medium
"cnt... lab instructions incomplete, plz fix. this keeps happening every time.",Content & Academic,Confused,Medium
"This wasn't happening before. Since the latest update, subtitle mismatch. It's inconsistent�sometimes it works, sometimes it doesn't�which makes it difficult to continue my coursework.",Content & Academic,Neutral,Low
"I'm honestly disappointed. practice dataset unavailable. I pay for this service because I rely on it every day, and repeated interruptions are affecting my assignments and preparation. Please provide a permanent solution rather than a temporary workaround.",Content & Academic,Confused,Medium
lab instructions incomplete.,Content & Academic,Frustrated,Low
"To whom it may concern, duplicate lessons. Looking forward to your response.",Content & Academic,Frustrated,Medium
"Hey team, I'm facing an issue where case studies too old. I tried another browser, but nothing changed. Looking forward to your response.",Content & Academic,Angry,Low
"Dear LearnSphere Support,

I am writing to formally report that duplicate lessons. This problem has persisted for the last few days and is preventing me from using the platform effectively. I updated the application without success. I would appreciate it if your technical team could investigate this matter at the earliest.

Kind regards,
A Learner",Content & Academic,Confused,Low
"Hello,

I understand technical problems can happen, but case studies too old. I have an upcoming deadline, so I'd be grateful if this could be resolved soon.

Thank you.",Content & Academic,Confused,Medium
"pasword... rubric inconsistent, plz fix. this keeps happening every time.",Content & Academic,Urgent,Medium
"This wasn't happening before. Since the latest update, examples outdated. It's inconsistent�sometimes it works, sometimes it doesn't�which makes it difficult to continue my coursework.",Content & Academic,Neutral,Medium
"I'm honestly disappointed. assignment instructions unclear. I pay for this service because I rely on it every day, and repeated interruptions are affecting my assignments and preparation. Please provide a permanent solution rather than a temporary workaround.",Content & Academic,Frustrated,Medium
chapter order confusing.,Content & Academic,Urgent,Low
Urgent: rubric inconsistent. Kindly resolve this soon.,Content & Academic,Confused,Medium
"Dear Support Team, I'm facing an issue where outdated syllabus. I tried another browser, but nothing changed. Please escalate if necessary.",Content & Academic,Neutral,Medium
"Dear LearnSphere Support,

I am writing to formally report that assignment instructions unclear. This problem has persisted for the last few days and is preventing me from using the platform effectively. I switched devices without success. I would appreciate it if your technical team could investigate this matter at the earliest.

Kind regards,
A Learner",Content & Academic,Frustrated,Medium
"Hello,

I understand technical problems can happen, but outdated syllabus. I have an upcoming deadline, so I'd be grateful if this could be resolved soon.

Thank you.",Content & Academic,Confused,Low
"subscrption... broken reference links, plz fix. this keeps happening every time.",Content & Academic,Angry,Medium
"This wasn't happening before. Since the latest update, broken reference links. It's inconsistent�sometimes it works, sometimes it doesn't�which makes it difficult to continue my coursework.",Content & Academic,Angry,Low
"I'm honestly disappointed. examples outdated. I pay for this service because I rely on it every day, and repeated interruptions are affecting my assignments and preparation. Please provide a permanent solution rather than a temporary workaround.",Content & Academic,Frustrated,Medium
lab instructions incomplete.,Content & Academic,Urgent,Low
"Hello Support, wrong quiz answers. Looking forward to your response.",Content & Academic,Angry,Medium
"To whom it may concern, I'm facing an issue where duplicate lessons. I checked my email spam folder, but nothing changed. ",Content & Academic,Confused,Low
"Dear LearnSphere Support,

I am writing to formally report that rubric inconsistent. This problem has persisted for the last few days and is preventing me from using the platform effectively. I tried another browser without success. I would appreciate it if your technical team could investigate this matter at the earliest.

Kind regards,
A Learner",Content & Academic,Confused,Low
"Hello,

I understand technical problems can happen, but rubric inconsistent. I have an upcoming deadline, so I'd be grateful if this could be resolved soon.

Thank you.",Content & Academic,Urgent,Medium
"subscrption... duplicate lessons, plz fix. this keeps happening every time.",Content & Academic,Neutral,Medium
"This wasn't happening before. Since the latest update, empty module. It's inconsistent�sometimes it works, sometimes it doesn't�which makes it difficult to continue my coursework.",Content & Academic,Urgent,Medium
"I'm honestly disappointed. assignment instructions unclear. I pay for this service because I rely on it every day, and repeated interruptions are affecting my assignments and preparation. Please provide a permanent solution rather than a temporary workaround.",Content & Academic,Confused,Medium
reading material missing.,Content & Academic,Neutral,Low
"Hey team, rubric inconsistent. Please escalate if necessary.",Content & Academic,Neutral,Medium
"I hope you're doing well. I'm facing an issue where mentor notes outdated. I switched devices, but nothing changed. Regards.",Content & Academic,Frustrated,Low
"Dear LearnSphere Support,

I am writing to formally report that chapter order confusing. This problem has persisted for the last few days and is preventing me from using the platform effectively. I checked my email spam folder without success. I would appreciate it if your technical team could investigate this matter at the earliest.

Kind regards,
A Learner",Content & Academic,Urgent,Medium
"Hello,

I understand technical problems can happen, but assignment instructions unclear. I have an upcoming deadline, so I'd be grateful if this could be resolved soon.

Thank you.",Content & Academic,Neutral,Medium
"idk... empty module, plz fix. this keeps happening every time.",Content & Academic,Neutral,Medium
"This wasn't happening before. Since the latest update, reading material missing. It's inconsistent�sometimes it works, sometimes it doesn't�which makes it difficult to continue my coursework.",Content & Academic,Angry,Low
"I'm honestly disappointed. empty module. I pay for this service because I rely on it every day, and repeated interruptions are affecting my assignments and preparation. Please provide a permanent solution rather than a temporary workaround.",Content & Academic,Neutral,Medium
lecture cuts off halfway.,Content & Academic,Frustrated,Low
"Dear Support Team, translation inaccurate. Thank you.",Content & Academic,Confused,Low
"Hi LearnSphere Team, I'm facing an issue where outdated syllabus. I reinstalled the app, but nothing changed. Please look into this.",Content & Academic,Angry,Low
"Dear LearnSphere Support,

I am writing to formally report that practice dataset unavailable. This problem has persisted for the last few days and is preventing me from using the platform effectively. I reinstalled the app without success. I would appreciate it if your technical team could investigate this matter at the earliest.

Kind regards,
A Learner",Content & Academic,Neutral,Medium
"Hello,

I understand technical problems can happen, but duplicate lessons. I have an upcoming deadline, so I'd be grateful if this could be resolved soon.

Thank you.",Content & Academic,Urgent,Low
"cnt... duplicate lessons, plz fix. this keeps happening every time.",Content & Academic,Frustrated,Low
"This wasn't happening before. Since the latest update, duplicate lessons. It's inconsistent�sometimes it works, sometimes it doesn't�which makes it difficult to continue my coursework.",Content & Academic,Angry,Medium
"I'm honestly disappointed. translation inaccurate. I pay for this service because I rely on it every day, and repeated interruptions are affecting my assignments and preparation. Please provide a permanent solution rather than a temporary workaround.",Content & Academic,Frustrated,Low
translation inaccurate.,Content & Academic,Frustrated,Medium
"Good evening, missing lesson. Thank you.",Content & Academic,Neutral,Low
"I hope you're doing well. I'm facing an issue where assessment explanation absent. I checked my email spam folder, but nothing changed. ",Content & Academic,Urgent,Low
"Dear LearnSphere Support,

I am writing to formally report that lab instructions incomplete. This problem has persisted for the last few days and is preventing me from using the platform effectively. I cleared cache without success. I would appreciate it if your technical team could investigate this matter at the earliest.

Kind regards,
A Learner",Content & Academic,Angry,Low
"Hello,

I understand technical problems can happen, but assessment explanation absent. I have an upcoming deadline, so I'd be grateful if this could be resolved soon.

Thank you.",Content & Academic,Neutral,Low
"plz... case studies too old, plz fix. this keeps happening every time.",Content & Academic,Frustrated,Low
"This wasn't happening before. Since the latest update, broken reference links. It's inconsistent�sometimes it works, sometimes it doesn't�which makes it difficult to continue my coursework.",Content & Academic,Urgent,Medium
"I'm honestly disappointed. subtitle mismatch. I pay for this service because I rely on it every day, and repeated interruptions are affecting my assignments and preparation. Please provide a permanent solution rather than a temporary workaround.",Content & Academic,Confused,Medium
reading material missing.,Content & Academic,Confused,Medium
Urgent: empty module. This is affecting my learning.,Content & Academic,Confused,Low
"Hey team, I'm facing an issue where missing lesson. I reinstalled the app, but nothing changed. Please look into this.",Content & Academic,Angry,Low
"Dear LearnSphere Support,

I am writing to formally report that reading material missing. This problem has persisted for the last few days and is preventing me from using the platform effectively. I reinstalled the app without success. I would appreciate it if your technical team could investigate this matter at the earliest.

Kind regards,
A Learner",Content & Academic,Confused,Low
"Hello,

I understand technical problems can happen, but chapter order confusing. I have an upcoming deadline, so I'd be grateful if this could be resolved soon.

Thank you.",Content & Academic,Neutral,Medium
"biling... rubric inconsistent, plz fix. this keeps happening every time.",Content & Academic,Neutral,Medium
"This wasn't happening before. Since the latest update, assessment explanation absent. It's inconsistent�sometimes it works, sometimes it doesn't�which makes it difficult to continue my coursework.",Content & Academic,Confused,Medium
"I'm honestly disappointed. subtitle mismatch. I pay for this service because I rely on it every day, and repeated interruptions are affecting my assignments and preparation. Please provide a permanent solution rather than a temporary workaround.",Content & Academic,Neutral,Medium
reading material missing.,Content & Academic,Angry,Medium
Urgent: case studies too old. This is affecting my learning.,Content & Academic,Frustrated,Low
" I'm facing an issue where assignment instructions unclear. I updated the application, but nothing changed. ",Content & Academic,Neutral,Low
"Dear LearnSphere Support,

I am writing to formally report that chapter order confusing. This problem has persisted for the last few days and is preventing me from using the platform effectively. I tried another browser without success. I would appreciate it if your technical team could investigate this matter at the earliest.

Kind regards,
A Learner",Content & Academic,Confused,Medium
"Hello,

I understand technical problems can happen, but lab instructions incomplete. I have an upcoming deadline, so I'd be grateful if this could be resolved soon.

Thank you.",Content & Academic,Frustrated,Medium
"pasword... mentor notes outdated, plz fix. this keeps happening every time.",Content & Academic,Angry,Medium
"This wasn't happening before. Since the latest update, lecture cuts off halfway. It's inconsistent�sometimes it works, sometimes it doesn't�which makes it difficult to continue my coursework.",Content & Academic,Angry,Low
"I'm honestly disappointed. outdated syllabus. I pay for this service because I rely on it every day, and repeated interruptions are affecting my assignments and preparation. Please provide a permanent solution rather than a temporary workaround.",Content & Academic,Neutral,Medium
profile missing achievement.,Certificates & Progress,Confused,High
"Hey team, progress stuck. Looking forward to your response.",Certificates & Progress,Neutral,Critical
"To whom it may concern, I'm facing an issue where QR code invalid. I updated the application, but nothing changed. ",Certificates & Progress,Angry,High
"Dear LearnSphere Support,

I am writing to formally report that transcript export failed. This problem has persisted for the last few days and is preventing me from using the platform effectively. I cleared cache without success. I would appreciate it if your technical team could investigate this matter at the earliest.

Kind regards,
A Learner",Certificates & Progress,Neutral,High
"Hello,

I understand technical problems can happen, but PDF won't open. I have an upcoming deadline, so I'd be grateful if this could be resolved soon.

Thank you.",Certificates & Progress,Neutral,Critical
"cnt... progress stuck, plz fix. this keeps happening every time.",Certificates & Progress,Angry,High
"This wasn't happening before. Since the latest update, PDF won't open. It's inconsistent�sometimes it works, sometimes it doesn't�which makes it difficult to continue my coursework.",Certificates & Progress,Urgent,Medium
"I'm honestly disappointed. completion percentage incorrect. I pay for this service because I rely on it every day, and repeated interruptions are affecting my assignments and preparation. Please provide a permanent solution rather than a temporary workaround.",Certificates & Progress,Confused,Critical
completion reset.,Certificates & Progress,Urgent,Critical
"Dear Support Team, QR code invalid. Please look into this.",Certificates & Progress,Frustrated,High
"I hope you're doing well. I'm facing an issue where badge disappeared. I logged out and back in, but nothing changed. Thank you.",Certificates & Progress,Frustrated,Critical
"Dear LearnSphere Support,

I am writing to formally report that assessment locked. This problem has persisted for the last few days and is preventing me from using the platform effectively. I logged out and back in without success. I would appreciate it if your technical team could investigate this matter at the earliest.

Kind regards,
A Learner",Certificates & Progress,Urgent,Medium
"Hello,

I understand technical problems can happen, but tracker not updating. I have an upcoming deadline, so I'd be grateful if this could be resolved soon.

Thank you.",Certificates & Progress,Urgent,High
"cnt... PDF won't open, plz fix. this keeps happening every time.",Certificates & Progress,Confused,High
"This wasn't happening before. Since the latest update, QR code invalid. It's inconsistent�sometimes it works, sometimes it doesn't�which makes it difficult to continue my coursework.",Certificates & Progress,Angry,Medium
"I'm honestly disappointed. completion percentage incorrect. I pay for this service because I rely on it every day, and repeated interruptions are affecting my assignments and preparation. Please provide a permanent solution rather than a temporary workaround.",Certificates & Progress,Confused,Medium
progress stuck.,Certificates & Progress,Frustrated,Critical
"Hey team, completion reset. Please escalate if necessary.",Certificates & Progress,Angry,Medium
" I'm facing an issue where tracker not updating. I checked my email spam folder, but nothing changed. Please look into this.",Certificates & Progress,Confused,Critical
"Dear LearnSphere Support,

I am writing to formally report that PDF won't open. This problem has persisted for the last few days and is preventing me from using the platform effectively. I cleared cache without success. I would appreciate it if your technical team could investigate this matter at the earliest.

Kind regards,
A Learner",Certificates & Progress,Neutral,Critical
"Hello,

I understand technical problems can happen, but completion reset. I have an upcoming deadline, so I'd be grateful if this could be resolved soon.

Thank you.",Certificates & Progress,Angry,Critical
"pasword... course marked unfinished, plz fix. this keeps happening every time.",Certificates & Progress,Neutral,Medium
"This wasn't happening before. Since the latest update, badge disappeared. It's inconsistent�sometimes it works, sometimes it doesn't�which makes it difficult to continue my coursework.",Certificates & Progress,Frustrated,Critical
"I'm honestly disappointed. completion not syncing. I pay for this service because I rely on it every day, and repeated interruptions are affecting my assignments and preparation. Please provide a permanent solution rather than a temporary workaround.",Certificates & Progress,Frustrated,Medium
completion percentage incorrect.,Certificates & Progress,Urgent,Medium
"To whom it may concern, completion reset. Kindly resolve this soon.",Certificates & Progress,Urgent,High
"To whom it may concern, I'm facing an issue where QR code invalid. I cleared cache, but nothing changed. This is affecting my learning.",Certificates & Progress,Neutral,High
"Dear LearnSphere Support,

I am writing to formally report that assessment locked. This problem has persisted for the last few days and is preventing me from using the platform effectively. I tried another browser without success. I would appreciate it if your technical team could investigate this matter at the earliest.

Kind regards,
A Learner",Certificates & Progress,Neutral,Critical
"Hello,

I understand technical problems can happen, but digital badge unavailable. I have an upcoming deadline, so I'd be grateful if this could be resolved soon.

Thank you.",Certificates & Progress,Angry,High
"subscrption... verification page unavailable, plz fix. this keeps happening every time.",Certificates & Progress,Frustrated,Medium
"This wasn't happening before. Since the latest update, completion not syncing. It's inconsistent�sometimes it works, sometimes it doesn't�which makes it difficult to continue my coursework.",Certificates & Progress,Urgent,High
"I'm honestly disappointed. gradebook incomplete. I pay for this service because I rely on it every day, and repeated interruptions are affecting my assignments and preparation. Please provide a permanent solution rather than a temporary workaround.",Certificates & Progress,Neutral,Critical
completion percentage incorrect.,Certificates & Progress,Urgent,Medium
"Hi LearnSphere Team, course marked unfinished. ",Certificates & Progress,Angry,High
"Hello Support, I'm facing an issue where completion percentage incorrect. I even asked a classmate to verify the issue, but nothing changed. Kindly resolve this soon.",Certificates & Progress,Urgent,Medium
"Dear LearnSphere Support,

I am writing to formally report that course marked unfinished. This problem has persisted for the last few days and is preventing me from using the platform effectively. I reinstalled the app without success. I would appreciate it if your technical team could investigate this matter at the earliest.

Kind regards,
A Learner",Certificates & Progress,Angry,High
"Hello,

I understand technical problems can happen, but gradebook incomplete. I have an upcoming deadline, so I'd be grateful if this could be resolved soon.

Thank you.",Certificates & Progress,Urgent,Medium
"vid... verification page unavailable, plz fix. this keeps happening every time.",Certificates & Progress,Confused,Critical
"This wasn't happening before. Since the latest update, badge disappeared. It's inconsistent�sometimes it works, sometimes it doesn't�which makes it difficult to continue my coursework.",Certificates & Progress,Frustrated,Critical
"I'm honestly disappointed. tracker not updating. I pay for this service because I rely on it every day, and repeated interruptions are affecting my assignments and preparation. Please provide a permanent solution rather than a temporary workaround.",Certificates & Progress,Confused,High
digital badge unavailable.,Certificates & Progress,Confused,Medium
"To whom it may concern, certificate typo. ",Certificates & Progress,Urgent,Critical
"Good evening, I'm facing an issue where digital badge unavailable. I cleared cache, but nothing changed. ",Certificates & Progress,Neutral,High
"Dear LearnSphere Support,

I am writing to formally report that verification page unavailable. This problem has persisted for the last few days and is preventing me from using the platform effectively. I logged out and back in without success. I would appreciate it if your technical team could investigate this matter at the earliest.

Kind regards,
A Learner",Certificates & Progress,Confused,Medium
"Hello,

I understand technical problems can happen, but QR code invalid. I have an upcoming deadline, so I'd be grateful if this could be resolved soon.

Thank you.",Certificates & Progress,Urgent,Critical
"plz... completion not syncing, plz fix. this keeps happening every time.",Certificates & Progress,Neutral,Critical
"This wasn't happening before. Since the latest update, assessment locked. It's inconsistent�sometimes it works, sometimes it doesn't�which makes it difficult to continue my coursework.",Certificates & Progress,Urgent,High
"I'm honestly disappointed. completion percentage incorrect. I pay for this service because I rely on it every day, and repeated interruptions are affecting my assignments and preparation. Please provide a permanent solution rather than a temporary workaround.",Certificates & Progress,Angry,High
PDF won't open.,Certificates & Progress,Neutral,High
"Hey team, gradebook incomplete. Thank you.",Certificates & Progress,Frustrated,High
"To whom it may concern, I'm facing an issue where badge disappeared. I switched devices, but nothing changed. Please look into this.",Certificates & Progress,Confused,Critical
"Dear LearnSphere Support,

I am writing to formally report that completion reset. This problem has persisted for the last few days and is preventing me from using the platform effectively. I switched devices without success. I would appreciate it if your technical team could investigate this matter at the earliest.

Kind regards,
A Learner",Certificates & Progress,Confused,High
"Hello,

I understand technical problems can happen, but completion reset. I have an upcoming deadline, so I'd be grateful if this could be resolved soon.

Thank you.",Certificates & Progress,Frustrated,High
"pasword... gradebook incomplete, plz fix. this keeps happening every time.",Certificates & Progress,Urgent,High
"This wasn't happening before. Since the latest update, certificate typo. It's inconsistent�sometimes it works, sometimes it doesn't�which makes it difficult to continue my coursework.",Certificates & Progress,Urgent,High
"I'm honestly disappointed. course marked unfinished. I pay for this service because I rely on it every day, and repeated interruptions are affecting my assignments and preparation. Please provide a permanent solution rather than a temporary workaround.",Certificates & Progress,Frustrated,High
completion reset.,Certificates & Progress,Angry,High
"Hey team, transcript export failed. Looking forward to your response.",Certificates & Progress,Urgent,High
"Dear Support Team, I'm facing an issue where digital badge unavailable. I switched devices, but nothing changed. This is affecting my learning.",Certificates & Progress,Urgent,Critical
"Dear LearnSphere Support,

I am writing to formally report that assessment locked. This problem has persisted for the last few days and is preventing me from using the platform effectively. I logged out and back in without success. I would appreciate it if your technical team could investigate this matter at the earliest.

Kind regards,
A Learner",Certificates & Progress,Urgent,Critical
"Hello,

I understand technical problems can happen, but transcript export failed. I have an upcoming deadline, so I'd be grateful if this could be resolved soon.

Thank you.",Certificates & Progress,Angry,High
"vid... assessment locked, plz fix. this keeps happening every time.",Certificates & Progress,Confused,Medium
"This wasn't happening before. Since the latest update, profile missing achievement. It's inconsistent�sometimes it works, sometimes it doesn't�which makes it difficult to continue my coursework.",Certificates & Progress,Angry,Medium
"I'm honestly disappointed. QR code invalid. I pay for this service because I rely on it every day, and repeated interruptions are affecting my assignments and preparation. Please provide a permanent solution rather than a temporary workaround.",Certificates & Progress,Angry,Medium
certificate typo.,Certificates & Progress,Angry,Medium
 certificate not generated. Kindly resolve this soon.,Certificates & Progress,Confused,Critical
"Hey team, I'm facing an issue where completion reset. I even asked a classmate to verify the issue, but nothing changed. Looking forward to your response.",Certificates & Progress,Frustrated,Medium
"Dear LearnSphere Support,

I am writing to formally report that completion proof missing. This problem has persisted for the last few days and is preventing me from using the platform effectively. I even asked a classmate to verify the issue without success. I would appreciate it if your technical team could investigate this matter at the earliest.

Kind regards,
A Learner",Certificates & Progress,Urgent,Medium
"Hello,

I understand technical problems can happen, but badge disappeared. I have an upcoming deadline, so I'd be grateful if this could be resolved soon.

Thank you.",Certificates & Progress,Neutral,Critical
"biling... completion percentage incorrect, plz fix. this keeps happening every time.",Certificates & Progress,Neutral,Critical
"This wasn't happening before. Since the latest update, certificate not generated. It's inconsistent�sometimes it works, sometimes it doesn't�which makes it difficult to continue my coursework.",Certificates & Progress,Confused,High
"I'm honestly disappointed. verification page unavailable. I pay for this service because I rely on it every day, and repeated interruptions are affecting my assignments and preparation. Please provide a permanent solution rather than a temporary workaround.",Certificates & Progress,Angry,Critical
verification page unavailable.,Certificates & Progress,Neutral,Critical
 course marked unfinished. Kindly resolve this soon.,Certificates & Progress,Frustrated,Critical
"Hello Support, I'm facing an issue where certificate typo. I reinstalled the app, but nothing changed. This is affecting my learning.",Certificates & Progress,Confused,High
"Dear LearnSphere Support,

I am writing to formally report that digital badge unavailable. This problem has persisted for the last few days and is preventing me from using the platform effectively. I tried another browser without success. I would appreciate it if your technical team could investigate this matter at the earliest.

Kind regards,
A Learner",Certificates & Progress,Confused,Critical
"Hello,

I understand technical problems can happen, but digital badge unavailable. I have an upcoming deadline, so I'd be grateful if this could be resolved soon.

Thank you.",Certificates & Progress,Angry,High
"cnt... digital badge unavailable, plz fix. this keeps happening every time.",Certificates & Progress,Urgent,Critical
"This wasn't happening before. Since the latest update, gradebook incomplete. It's inconsistent�sometimes it works, sometimes it doesn't�which makes it difficult to continue my coursework.",Certificates & Progress,Confused,Medium
"I'm honestly disappointed. certificate not generated. I pay for this service because I rely on it every day, and repeated interruptions are affecting my assignments and preparation. Please provide a permanent solution rather than a temporary workaround.",Certificates & Progress,Confused,Medium
badge disappeared.,Certificates & Progress,Urgent,Medium
"Dear Support Team, certificate typo. ",Certificates & Progress,Frustrated,High
"Hi LearnSphere Team, I'm facing an issue where badge disappeared. I switched devices, but nothing changed. ",Certificates & Progress,Angry,Critical
"Dear LearnSphere Support,

I am writing to formally report that gradebook incomplete. This problem has persisted for the last few days and is preventing me from using the platform effectively. I logged out and back in without success. I would appreciate it if your technical team could investigate this matter at the earliest.

Kind regards,
A Learner",Certificates & Progress,Neutral,Critical
"Hello,

I understand technical problems can happen, but completion reset. I have an upcoming deadline, so I'd be grateful if this could be resolved soon.

Thank you.",Certificates & Progress,Confused,Critical
"subscrption... course marked unfinished, plz fix. this keeps happening every time.",Certificates & Progress,Angry,Critical
"This wasn't happening before. Since the latest update, gradebook incomplete. It's inconsistent�sometimes it works, sometimes it doesn't�which makes it difficult to continue my coursework.",Certificates & Progress,Neutral,High
"I'm honestly disappointed. profile missing achievement. I pay for this service because I rely on it every day, and repeated interruptions are affecting my assignments and preparation. Please provide a permanent solution rather than a temporary workaround.",Certificates & Progress,Neutral,Critical
badge disappeared.,Certificates & Progress,Urgent,Medium
 tracker not updating. Regards.,Certificates & Progress,Angry,Critical
"Urgent: I'm facing an issue where certificate download broken. I checked my email spam folder, but nothing changed. Thank you.",Certificates & Progress,Urgent,High
"Dear LearnSphere Support,

I am writing to formally report that learning streak reset. This problem has persisted for the last few days and is preventing me from using the platform effectively. I switched devices without success. I would appreciate it if your technical team could investigate this matter at the earliest.

Kind regards,
A Learner",Certificates & Progress,Frustrated,High
"Hello,

I understand technical problems can happen, but certificate download broken. I have an upcoming deadline, so I'd be grateful if this could be resolved soon.

Thank you.",Certificates & Progress,Neutral,Critical
"biling... completion not syncing, plz fix. this keeps happening every time.",Certificates & Progress,Urgent,Critical
"This wasn't happening before. Since the latest update, assessment locked. It's inconsistent�sometimes it works, sometimes it doesn't�which makes it difficult to continue my coursework.",Certificates & Progress,Angry,High
"I'm honestly disappointed. tracker not updating. I pay for this service because I rely on it every day, and repeated interruptions are affecting my assignments and preparation. Please provide a permanent solution rather than a temporary workaround.",Certificates & Progress,Frustrated,Medium
certificate download broken.,Certificates & Progress,Neutral,Critical
"Hi LearnSphere Team, assessment locked. This is affecting my learning.",Certificates & Progress,Neutral,Medium
" I'm facing an issue where learning streak reset. I cleared cache, but nothing changed. This is affecting my learning.",Certificates & Progress,Frustrated,Critical
"Dear LearnSphere Support,

I am writing to formally report that transcript export failed. This problem has persisted for the last few days and is preventing me from using the platform effectively. I even asked a classmate to verify the issue without success. I would appreciate it if your technical team could investigate this matter at the earliest.

Kind regards,
A Learner",Certificates & Progress,Angry,Medium
"Hello,

I understand technical problems can happen, but transcript export failed. I have an upcoming deadline, so I'd be grateful if this could be resolved soon.

Thank you.",Certificates & Progress,Neutral,Critical
"plz... progress stuck, plz fix. this keeps happening every time.",Certificates & Progress,Angry,Critical
"This wasn't happening before. Since the latest update, certificate download broken. It's inconsistent�sometimes it works, sometimes it doesn't�which makes it difficult to continue my coursework.",Certificates & Progress,Angry,Medium
"I'm honestly disappointed. gradebook incomplete. I pay for this service because I rely on it every day, and repeated interruptions are affecting my assignments and preparation. Please provide a permanent solution rather than a temporary workaround.",Certificates & Progress,Urgent,Medium
progress stuck.,Certificates & Progress,Neutral,Medium
"Dear Support Team, completion proof missing. Regards.",Certificates & Progress,Confused,Medium
"Hello Support, I'm facing an issue where completion not syncing. I cleared cache, but nothing changed. ",Certificates & Progress,Frustrated,High
"Dear LearnSphere Support,

I am writing to formally report that completion reset. This problem has persisted for the last few days and is preventing me from using the platform effectively. I checked my email spam folder without success. I would appreciate it if your technical team could investigate this matter at the earliest.

Kind regards,
A Learner",Certificates & Progress,Confused,Critical
"Hello,

I understand technical problems can happen, but completion proof missing. I have an upcoming deadline, so I'd be grateful if this could be resolved soon.

Thank you.",Certificates & Progress,Frustrated,High
"pasword... QR code invalid, plz fix. this keeps happening every time.",Certificates & Progress,Urgent,Critical
"This wasn't happening before. Since the latest update, learning streak reset. It's inconsistent�sometimes it works, sometimes it doesn't�which makes it difficult to continue my coursework.",Certificates & Progress,Urgent,Medium
"I'm honestly disappointed. course marked unfinished. I pay for this service because I rely on it every day, and repeated interruptions are affecting my assignments and preparation. Please provide a permanent solution rather than a temporary workaround.",Certificates & Progress,Angry,Critical
progress stuck.,Certificates & Progress,Frustrated,Medium
"Dear Support Team, profile missing achievement. This is affecting my learning.",Certificates & Progress,Frustrated,Medium
"Hi LearnSphere Team, I'm facing an issue where certificate download broken. I checked my email spam folder, but nothing changed. Kindly resolve this soon.",Certificates & Progress,Urgent,High
"Dear LearnSphere Support,

I am writing to formally report that tracker not updating. This problem has persisted for the last few days and is preventing me from using the platform effectively. I cleared cache without success. I would appreciate it if your technical team could investigate this matter at the earliest.

Kind regards,
A Learner",Certificates & Progress,Neutral,High
"Hello,

I understand technical problems can happen, but completion percentage incorrect. I have an upcoming deadline, so I'd be grateful if this could be resolved soon.

Thank you.",Certificates & Progress,Neutral,Medium
"asap... QR code invalid, plz fix. this keeps happening every time.",Certificates & Progress,Urgent,Critical
"This wasn't happening before. Since the latest update, badge disappeared. It's inconsistent�sometimes it works, sometimes it doesn't�which makes it difficult to continue my coursework.",Certificates & Progress,Urgent,High
"I'm honestly disappointed. badge disappeared. I pay for this service because I rely on it every day, and repeated interruptions are affecting my assignments and preparation. Please provide a permanent solution rather than a temporary workaround.",Certificates & Progress,Frustrated,Medium
tracker not updating.,Certificates & Progress,Frustrated,Medium
"Hi LearnSphere Team, QR code invalid. Regards.",Certificates & Progress,Frustrated,Medium
"Urgent: I'm facing an issue where learning streak reset. I tried another browser, but nothing changed. Kindly resolve this soon.",Certificates & Progress,Neutral,Critical
"Dear LearnSphere Support,

I am writing to formally report that assessment locked. This problem has persisted for the last few days and is preventing me from using the platform effectively. I switched devices without success. I would appreciate it if your technical team could investigate this matter at the earliest.

Kind regards,
A Learner",Certificates & Progress,Neutral,Medium
"Hello,

I understand technical problems can happen, but course marked unfinished. I have an upcoming deadline, so I'd be grateful if this could be resolved soon.

Thank you.",Certificates & Progress,Neutral,Medium
"pasword... transcript export failed, plz fix. this keeps happening every time.",Certificates & Progress,Urgent,High
"This wasn't happening before. Since the latest update, completion not syncing. It's inconsistent�sometimes it works, sometimes it doesn't�which makes it difficult to continue my coursework.",Certificates & Progress,Confused,Medium
"I'm honestly disappointed. transcript export failed. I pay for this service because I rely on it every day, and repeated interruptions are affecting my assignments and preparation. Please provide a permanent solution rather than a temporary workaround.",Certificates & Progress,Confused,Medium
verification page unavailable.,Certificates & Progress,Neutral,Critical
 certificate download broken. Thank you.,Certificates & Progress,Angry,High
"I hope you're doing well. I'm facing an issue where digital badge unavailable. I logged out and back in, but nothing changed. ",Certificates & Progress,Confused,Medium
"Dear LearnSphere Support,

I am writing to formally report that digital badge unavailable. This problem has persisted for the last few days and is preventing me from using the platform effectively. I updated the application without success. I would appreciate it if your technical team could investigate this matter at the earliest.

Kind regards,
A Learner",Certificates & Progress,Confused,Critical
"Hello,

I understand technical problems can happen, but digital badge unavailable. I have an upcoming deadline, so I'd be grateful if this could be resolved soon.

Thank you.",Certificates & Progress,Confused,Critical
"vid... completion not syncing, plz fix. this keeps happening every time.",Certificates & Progress,Neutral,Medium
"This wasn't happening before. Since the latest update, QR code invalid. It's inconsistent�sometimes it works, sometimes it doesn't�which makes it difficult to continue my coursework.",Certificates & Progress,Urgent,Critical
"I'm honestly disappointed. transcript export failed. I pay for this service because I rely on it every day, and repeated interruptions are affecting my assignments and preparation. Please provide a permanent solution rather than a temporary workaround.",Certificates & Progress,Frustrated,Critical
assessment locked.,Certificates & Progress,Neutral,Medium
 certificate download broken. Please look into this.,Certificates & Progress,Frustrated,Critical
"Urgent: I'm facing an issue where tracker not updating. I switched devices, but nothing changed. ",Certificates & Progress,Urgent,High
"Dear LearnSphere Support,

I am writing to formally report that learning streak reset. This problem has persisted for the last few days and is preventing me from using the platform effectively. I updated the application without success. I would appreciate it if your technical team could investigate this matter at the earliest.

Kind regards,
A Learner",Certificates & Progress,Urgent,Medium
"Hello,

I understand technical problems can happen, but QR code invalid. I have an upcoming deadline, so I'd be grateful if this could be resolved soon.

Thank you.",Certificates & Progress,Frustrated,Critical
"plz... learning streak reset, plz fix. this keeps happening every time.",Certificates & Progress,Confused,High
"This wasn't happening before. Since the latest update, gradebook incomplete. It's inconsistent�sometimes it works, sometimes it doesn't�which makes it difficult to continue my coursework.",Certificates & Progress,Neutral,High
"I'm honestly disappointed. completion reset. I pay for this service because I rely on it every day, and repeated interruptions are affecting my assignments and preparation. Please provide a permanent solution rather than a temporary workaround.",Certificates & Progress,Confused,High
verification page unavailable.,Certificates & Progress,Confused,High
"Dear Support Team, completion percentage incorrect. Please look into this.",Certificates & Progress,Angry,Critical
"To whom it may concern, I'm facing an issue where certificate download broken. I updated the application, but nothing changed. ",Certificates & Progress,Confused,High
"Dear LearnSphere Support,

I am writing to formally report that learning streak reset. This problem has persisted for the last few days and is preventing me from using the platform effectively. I logged out and back in without success. I would appreciate it if your technical team could investigate this matter at the earliest.

Kind regards,
A Learner",Certificates & Progress,Angry,Critical
"Hello,

I understand technical problems can happen, but course marked unfinished. I have an upcoming deadline, so I'd be grateful if this could be resolved soon.

Thank you.",Certificates & Progress,Neutral,Medium
"idk... PDF won't open, plz fix. this keeps happening every time.",Certificates & Progress,Angry,High
"This wasn't happening before. Since the latest update, transcript export failed. It's inconsistent�sometimes it works, sometimes it doesn't�which makes it difficult to continue my coursework.",Certificates & Progress,Urgent,High
"I'm honestly disappointed. digital badge unavailable. I pay for this service because I rely on it every day, and repeated interruptions are affecting my assignments and preparation. Please provide a permanent solution rather than a temporary workaround.",Certificates & Progress,Frustrated,Medium
profile missing achievement.,Certificates & Progress,Confused,High
"Hey team, completion proof missing. Kindly resolve this soon.",Certificates & Progress,Urgent,Medium
"I hope you're doing well. I'm facing an issue where certificate typo. I cleared cache, but nothing changed. Thank you.",Certificates & Progress,Neutral,Medium
"Dear LearnSphere Support,

I am writing to formally report that learning streak reset. This problem has persisted for the last few days and is preventing me from using the platform effectively. I even asked a classmate to verify the issue without success. I would appreciate it if your technical team could investigate this matter at the earliest.

Kind regards,
A Learner",Certificates & Progress,Angry,Medium
"Hello,

I understand technical problems can happen, but certificate download broken. I have an upcoming deadline, so I'd be grateful if this could be resolved soon.

Thank you.",Certificates & Progress,Frustrated,Critical
"biling... certificate typo, plz fix. this keeps happening every time.",Certificates & Progress,Confused,High
"This wasn't happening before. Since the latest update, verification page unavailable. It's inconsistent�sometimes it works, sometimes it doesn't�which makes it difficult to continue my coursework.",Certificates & Progress,Frustrated,Medium
"I'm honestly disappointed. PDF won't open. I pay for this service because I rely on it every day, and repeated interruptions are affecting my assignments and preparation. Please provide a permanent solution rather than a temporary workaround.",Certificates & Progress,Confused,High
badge disappeared.,Certificates & Progress,Confused,Medium
I hope you're doing well. completion percentage incorrect. Please look into this.,Certificates & Progress,Angry,Medium
"Hello Support, I'm facing an issue where learning streak reset. I even asked a classmate to verify the issue, but nothing changed. Please escalate if necessary.",Certificates & Progress,Confused,High
"Dear LearnSphere Support,

I am writing to formally report that course marked unfinished. This problem has persisted for the last few days and is preventing me from using the platform effectively. I even asked a classmate to verify the issue without success. I would appreciate it if your technical team could investigate this matter at the earliest.

Kind regards,
A Learner",Certificates & Progress,Confused,Medium
"Hello,

I understand technical problems can happen, but course marked unfinished. I have an upcoming deadline, so I'd be grateful if this could be resolved soon.

Thank you.",Certificates & Progress,Confused,High
"subscrption... certificate typo, plz fix. this keeps happening every time.",Certificates & Progress,Neutral,High
"This wasn't happening before. Since the latest update, completion not syncing. It's inconsistent�sometimes it works, sometimes it doesn't�which makes it difficult to continue my coursework.",Certificates & Progress,Urgent,High
"I'm honestly disappointed. completion percentage incorrect. I pay for this service because I rely on it every day, and repeated interruptions are affecting my assignments and preparation. Please provide a permanent solution rather than a temporary workaround.",Certificates & Progress,Frustrated,High
gradebook incomplete.,Certificates & Progress,Urgent,Medium
"Dear Support Team, PDF won't open. Kindly resolve this soon.",Certificates & Progress,Neutral,High
"Hey team, I'm facing an issue where QR code invalid. I cleared cache, but nothing changed. Please escalate if necessary.",Certificates & Progress,Frustrated,Critical
"Dear LearnSphere Support,

I am writing to formally report that PDF won't open. This problem has persisted for the last few days and is preventing me from using the platform effectively. I switched devices without success. I would appreciate it if your technical team could investigate this matter at the earliest.

Kind regards,
A Learner",Certificates & Progress,Angry,Medium
"Hello,

I understand technical problems can happen, but progress stuck. I have an upcoming deadline, so I'd be grateful if this could be resolved soon.

Thank you.",Certificates & Progress,Confused,High
"idk... completion not syncing, plz fix. this keeps happening every time.",Certificates & Progress,Neutral,High
"This wasn't happening before. Since the latest update, tracker not updating. It's inconsistent�sometimes it works, sometimes it doesn't�which makes it difficult to continue my coursework.",Certificates & Progress,Angry,Medium
"I'm honestly disappointed. verification page unavailable. I pay for this service because I rely on it every day, and repeated interruptions are affecting my assignments and preparation. Please provide a permanent solution rather than a temporary workaround.",Certificates & Progress,Neutral,High
gradebook incomplete.,Certificates & Progress,Frustrated,High
"Dear Support Team, completion not syncing. Regards.",Certificates & Progress,Angry,Critical
"Hello Support, I'm facing an issue where profile missing achievement. I even asked a classmate to verify the issue, but nothing changed. Thank you.",Certificates & Progress,Neutral,Critical
"Dear LearnSphere Support,

I am writing to formally report that completion reset. This problem has persisted for the last few days and is preventing me from using the platform effectively. I updated the application without success. I would appreciate it if your technical team could investigate this matter at the earliest.

Kind regards,
A Learner",Certificates & Progress,Frustrated,Medium
"Hello,

I understand technical problems can happen, but QR code invalid. I have an upcoming deadline, so I'd be grateful if this could be resolved soon.

Thank you.",Certificates & Progress,Confused,Critical
"subscrption... profile missing achievement, plz fix. this keeps happening every time.",Certificates & Progress,Angry,Medium
"This wasn't happening before. Since the latest update, gradebook incomplete. It's inconsistent�sometimes it works, sometimes it doesn't�which makes it difficult to continue my coursework.",Certificates & Progress,Angry,High
"I'm honestly disappointed. progress stuck. I pay for this service because I rely on it every day, and repeated interruptions are affecting my assignments and preparation. Please provide a permanent solution rather than a temporary workaround.",Certificates & Progress,Neutral,High
transcript export failed.,Certificates & Progress,Frustrated,Critical
"Hey team, certificate download broken. Looking forward to your response.",Certificates & Progress,Angry,Critical
"Hey team, I'm facing an issue where QR code invalid. I logged out and back in, but nothing changed. Thank you.",Certificates & Progress,Confused,High
"Dear LearnSphere Support,

I am writing to formally report that completion percentage incorrect. This problem has persisted for the last few days and is preventing me from using the platform effectively. I updated the application without success. I would appreciate it if your technical team could investigate this matter at the earliest.

Kind regards,
A Learner",Certificates & Progress,Frustrated,Medium
"Hello,

I understand technical problems can happen, but certificate not generated. I have an upcoming deadline, so I'd be grateful if this could be resolved soon.

Thank you.",Certificates & Progress,Neutral,Critical
"cnt... digital badge unavailable, plz fix. this keeps happening every time.",Certificates & Progress,Confused,Critical
"This wasn't happening before. Since the latest update, completion proof missing. It's inconsistent�sometimes it works, sometimes it doesn't�which makes it difficult to continue my coursework.",Certificates & Progress,Angry,High
"I'm honestly disappointed. progress stuck. I pay for this service because I rely on it every day, and repeated interruptions are affecting my assignments and preparation. Please provide a permanent solution rather than a temporary workaround.",Certificates & Progress,Angry,High
progress stuck.,Certificates & Progress,Frustrated,High
I hope you're doing well. certificate download broken. Please look into this.,Certificates & Progress,Urgent,Critical
" I'm facing an issue where learning streak reset. I updated the application, but nothing changed. Looking forward to your response.",Certificates & Progress,Neutral,Medium
"Dear LearnSphere Support,

I am writing to formally report that completion percentage incorrect. This problem has persisted for the last few days and is preventing me from using the platform effectively. I checked my email spam folder without success. I would appreciate it if your technical team could investigate this matter at the earliest.

Kind regards,
A Learner",Certificates & Progress,Confused,High
"Hello,

I understand technical problems can happen, but learning streak reset. I have an upcoming deadline, so I'd be grateful if this could be resolved soon.

Thank you.",Certificates & Progress,Angry,Medium
"vid... certificate download broken, plz fix. this keeps happening every time.",Certificates & Progress,Neutral,Critical
"This wasn't happening before. Since the latest update, progress stuck. It's inconsistent�sometimes it works, sometimes it doesn't�which makes it difficult to continue my coursework.",Certificates & Progress,Urgent,Medium
"I'm honestly disappointed. learning streak reset. I pay for this service because I rely on it every day, and repeated interruptions are affecting my assignments and preparation. Please provide a permanent solution rather than a temporary workaround.",Certificates & Progress,Frustrated,Critical
course marked unfinished.,Certificates & Progress,Confused,Medium
"Hey team, badge disappeared. Thank you.",Certificates & Progress,Confused,Critical
"Urgent: I'm facing an issue where certificate typo. I updated the application, but nothing changed. This is affecting my learning.",Certificates & Progress,Neutral,High
"Dear LearnSphere Support,

I am writing to formally report that completion proof missing. This problem has persisted for the last few days and is preventing me from using the platform effectively. I reinstalled the app without success. I would appreciate it if your technical team could investigate this matter at the earliest.

Kind regards,
A Learner",Certificates & Progress,Urgent,Critical
"Hello,

I understand technical problems can happen, but certificate download broken. I have an upcoming deadline, so I'd be grateful if this could be resolved soon.

Thank you.",Certificates & Progress,Frustrated,Medium
"vid... QR code invalid, plz fix. this keeps happening every time.",Certificates & Progress,Frustrated,Medium
"This wasn't happening before. Since the latest update, completion proof missing. It's inconsistent�sometimes it works, sometimes it doesn't�which makes it difficult to continue my coursework.",Certificates & Progress,Frustrated,High
"I'm honestly disappointed. profile missing achievement. I pay for this service because I rely on it every day, and repeated interruptions are affecting my assignments and preparation. Please provide a permanent solution rather than a temporary workaround.",Certificates & Progress,Frustrated,High
verification page unavailable.,Certificates & Progress,Angry,High
"Dear Support Team, certificate not generated. This is affecting my learning.",Certificates & Progress,Frustrated,High
"Good evening, I'm facing an issue where completion reset. I checked my email spam folder, but nothing changed. This is affecting my learning.",Certificates & Progress,Urgent,Critical
"Dear LearnSphere Support,

I am writing to formally report that completion percentage incorrect. This problem has persisted for the last few days and is preventing me from using the platform effectively. I reinstalled the app without success. I would appreciate it if your technical team could investigate this matter at the earliest.

Kind regards,
A Learner",Certificates & Progress,Frustrated,High
"Hello,

I understand technical problems can happen, but digital badge unavailable. I have an upcoming deadline, so I'd be grateful if this could be resolved soon.

Thank you.",Certificates & Progress,Angry,Medium
"cnt... completion not syncing, plz fix. this keeps happening every time.",Certificates & Progress,Confused,High
"This wasn't happening before. Since the latest update, profile missing achievement. It's inconsistent�sometimes it works, sometimes it doesn't�which makes it difficult to continue my coursework.",Certificates & Progress,Frustrated,Critical
"I'm honestly disappointed. course marked unfinished. I pay for this service because I rely on it every day, and repeated interruptions are affecting my assignments and preparation. Please provide a permanent solution rather than a temporary workaround.",Certificates & Progress,Confused,Critical
verification page unavailable.,Certificates & Progress,Neutral,Medium
"Good evening, completion not syncing. Please look into this.",Certificates & Progress,Angry,Critical
" I'm facing an issue where certificate typo. I checked my email spam folder, but nothing changed. ",Certificates & Progress,Urgent,Critical
"Dear LearnSphere Support,

I am writing to formally report that QR code invalid. This problem has persisted for the last few days and is preventing me from using the platform effectively. I tried another browser without success. I would appreciate it if your technical team could investigate this matter at the earliest.

Kind regards,
A Learner",Certificates & Progress,Confused,Medium
"Hello,

I understand technical problems can happen, but certificate not generated. I have an upcoming deadline, so I'd be grateful if this could be resolved soon.

Thank you.",Certificates & Progress,Neutral,Medium
"cnt... badge disappeared, plz fix. this keeps happening every time.",Certificates & Progress,Urgent,High
"This wasn't happening before. Since the latest update, digital badge unavailable. It's inconsistent�sometimes it works, sometimes it doesn't�which makes it difficult to continue my coursework.",Certificates & Progress,Angry,Critical
"I'm honestly disappointed. completion proof missing. I pay for this service because I rely on it every day, and repeated interruptions are affecting my assignments and preparation. Please provide a permanent solution rather than a temporary workaround.",Certificates & Progress,Neutral,Critical
course marked unfinished.,Certificates & Progress,Angry,Critical
I hope you're doing well. certificate not generated. Looking forward to your response.,Certificates & Progress,Neutral,High
"Dear Support Team, I'm facing an issue where certificate download broken. I even asked a classmate to verify the issue, but nothing changed. ",Certificates & Progress,Confused,Critical
"Dear LearnSphere Support,

I am writing to formally report that tracker not updating. This problem has persisted for the last few days and is preventing me from using the platform effectively. I updated the application without success. I would appreciate it if your technical team could investigate this matter at the earliest.

Kind regards,
A Learner",Certificates & Progress,Neutral,High
"Hello,

I understand technical problems can happen, but progress stuck. I have an upcoming deadline, so I'd be grateful if this could be resolved soon.

Thank you.",Certificates & Progress,Urgent,Medium
"vid... gradebook incomplete, plz fix. this keeps happening every time.",Certificates & Progress,Frustrated,Medium
"This wasn't happening before. Since the latest update, profile missing achievement. It's inconsistent�sometimes it works, sometimes it doesn't�which makes it difficult to continue my coursework.",Certificates & Progress,Neutral,High
"I'm honestly disappointed. verification page unavailable. I pay for this service because I rely on it every day, and repeated interruptions are affecting my assignments and preparation. Please provide a permanent solution rather than a temporary workaround.",Certificates & Progress,Neutral,High
certificate download broken.,Certificates & Progress,Frustrated,Medium
"Dear Support Team, completion proof missing. Looking forward to your response.",Certificates & Progress,Urgent,High
"Hi LearnSphere Team, I'm facing an issue where completion not syncing. I checked my email spam folder, but nothing changed. ",Certificates & Progress,Confused,High
"Dear LearnSphere Support,

I am writing to formally report that completion percentage incorrect. This problem has persisted for the last few days and is preventing me from using the platform effectively. I switched devices without success. I would appreciate it if your technical team could investigate this matter at the earliest.

Kind regards,
A Learner",Certificates & Progress,Angry,Critical
"Hello,

I understand technical problems can happen, but completion reset. I have an upcoming deadline, so I'd be grateful if this could be resolved soon.

Thank you.",Certificates & Progress,Frustrated,High
"biling... assessment locked, plz fix. this keeps happening every time.",Certificates & Progress,Frustrated,Critical
"This wasn't happening before. Since the latest update, verification page unavailable. It's inconsistent�sometimes it works, sometimes it doesn't�which makes it difficult to continue my coursework.",Certificates & Progress,Confused,Medium
"I'm honestly disappointed. course marked unfinished. I pay for this service because I rely on it every day, and repeated interruptions are affecting my assignments and preparation. Please provide a permanent solution rather than a temporary workaround.",Certificates & Progress,Urgent,High
learning streak reset.,Certificates & Progress,Confused,High
 completion proof missing. Looking forward to your response.,Certificates & Progress,Neutral,Critical
"I hope you're doing well. I'm facing an issue where completion reset. I updated the application, but nothing changed. Kindly resolve this soon.",Certificates & Progress,Angry,High
"Dear LearnSphere Support,

I am writing to formally report that certificate download broken. This problem has persisted for the last few days and is preventing me from using the platform effectively. I checked my email spam folder without success. I would appreciate it if your technical team could investigate this matter at the earliest.

Kind regards,
A Learner",Certificates & Progress,Angry,Medium
"Hello,

I understand technical problems can happen, but tracker not updating. I have an upcoming deadline, so I'd be grateful if this could be resolved soon.

Thank you.",Certificates & Progress,Angry,High
"vid... certificate not generated, plz fix. this keeps happening every time.",Certificates & Progress,Angry,Critical
"This wasn't happening before. Since the latest update, tracker not updating. It's inconsistent�sometimes it works, sometimes it doesn't�which makes it difficult to continue my coursework.",Certificates & Progress,Frustrated,High
"I'm honestly disappointed. digital badge unavailable. I pay for this service because I rely on it every day, and repeated interruptions are affecting my assignments and preparation. Please provide a permanent solution rather than a temporary workaround.",Certificates & Progress,Angry,High
completion not syncing.,Certificates & Progress,Confused,Critical
"Good evening, certificate not generated. Regards.",Certificates & Progress,Urgent,Critical
"Hello Support, I'm facing an issue where profile missing achievement. I updated the application, but nothing changed. Please look into this.",Certificates & Progress,Neutral,Critical
"Dear LearnSphere Support,

I am writing to formally report that PDF won't open. This problem has persisted for the last few days and is preventing me from using the platform effectively. I switched devices without success. I would appreciate it if your technical team could investigate this matter at the earliest.

Kind regards,
A Learner",Certificates & Progress,Urgent,Critical
"Hello,

I understand technical problems can happen, but gradebook incomplete. I have an upcoming deadline, so I'd be grateful if this could be resolved soon.

Thank you.",Certificates & Progress,Frustrated,High
"subscrption... certificate not generated, plz fix. this keeps happening every time.",Certificates & Progress,Urgent,Critical
"This wasn't happening before. Since the latest update, assessment locked. It's inconsistent�sometimes it works, sometimes it doesn't�which makes it difficult to continue my coursework.",Certificates & Progress,Confused,High
"I'm honestly disappointed. learning streak reset. I pay for this service because I rely on it every day, and repeated interruptions are affecting my assignments and preparation. Please provide a permanent solution rather than a temporary workaround.",Certificates & Progress,Confused,Medium
gradebook incomplete.,Certificates & Progress,Confused,High
 certificate typo. Thank you.,Certificates & Progress,Frustrated,Medium
"Urgent: I'm facing an issue where digital badge unavailable. I even asked a classmate to verify the issue, but nothing changed. Kindly resolve this soon.",Certificates & Progress,Urgent,High
"Dear LearnSphere Support,

I am writing to formally report that PDF won't open. This problem has persisted for the last few days and is preventing me from using the platform effectively. I switched devices without success. I would appreciate it if your technical team could investigate this matter at the earliest.

Kind regards,
A Learner",Certificates & Progress,Angry,Critical
"Hello,

I understand technical problems can happen, but completion reset. I have an upcoming deadline, so I'd be grateful if this could be resolved soon.

Thank you.",Certificates & Progress,Urgent,High
"biling... tracker not updating, plz fix. this keeps happening every time.",Certificates & Progress,Angry,Critical
"This wasn't happening before. Since the latest update, badge disappeared. It's inconsistent�sometimes it works, sometimes it doesn't�which makes it difficult to continue my coursework.",Certificates & Progress,Frustrated,Critical
"I'm honestly disappointed. progress stuck. I pay for this service because I rely on it every day, and repeated interruptions are affecting my assignments and preparation. Please provide a permanent solution rather than a temporary workaround.",Certificates & Progress,Angry,Critical
gradebook incomplete.,Certificates & Progress,Angry,Medium
 completion not syncing. Thank you.,Certificates & Progress,Urgent,Critical
"Hi LearnSphere Team, I'm facing an issue where completion percentage incorrect. I even asked a classmate to verify the issue, but nothing changed. ",Certificates & Progress,Frustrated,High
"Dear LearnSphere Support,

I am writing to formally report that course marked unfinished. This problem has persisted for the last few days and is preventing me from using the platform effectively. I cleared cache without success. I would appreciate it if your technical team could investigate this matter at the earliest.

Kind regards,
A Learner",Certificates & Progress,Neutral,High
"Hello,

I understand technical problems can happen, but profile missing achievement. I have an upcoming deadline, so I'd be grateful if this could be resolved soon.

Thank you.",Certificates & Progress,Angry,High
"idk... completion reset, plz fix. this keeps happening every time.",Certificates & Progress,Confused,High
"This wasn't happening before. Since the latest update, digital badge unavailable. It's inconsistent�sometimes it works, sometimes it doesn't�which makes it difficult to continue my coursework.",Certificates & Progress,Frustrated,Critical
"I'm honestly disappointed. tracker not updating. I pay for this service because I rely on it every day, and repeated interruptions are affecting my assignments and preparation. Please provide a permanent solution rather than a temporary workaround.",Certificates & Progress,Neutral,High
QR code invalid.,Certificates & Progress,Confused,Medium
"Good evening, gradebook incomplete. This is affecting my learning.",Certificates & Progress,Frustrated,High
"Urgent: I'm facing an issue where badge disappeared. I even asked a classmate to verify the issue, but nothing changed. Kindly resolve this soon.",Certificates & Progress,Neutral,High
"Dear LearnSphere Support,

I am writing to formally report that verification page unavailable. This problem has persisted for the last few days and is preventing me from using the platform effectively. I even asked a classmate to verify the issue without success. I would appreciate it if your technical team could investigate this matter at the earliest.

Kind regards,
A Learner",Certificates & Progress,Neutral,High
"Hello,

I understand technical problems can happen, but transcript export failed. I have an upcoming deadline, so I'd be grateful if this could be resolved soon.

Thank you.",Certificates & Progress,Urgent,High
"plz... completion proof missing, plz fix. this keeps happening every time.",Certificates & Progress,Confused,Medium
"This wasn't happening before. Since the latest update, profile missing achievement. It's inconsistent�sometimes it works, sometimes it doesn't�which makes it difficult to continue my coursework.",Certificates & Progress,Neutral,Medium
"I'm honestly disappointed. PDF won't open. I pay for this service because I rely on it every day, and repeated interruptions are affecting my assignments and preparation. Please provide a permanent solution rather than a temporary workaround.",Certificates & Progress,Neutral,Critical
learning streak reset.,Certificates & Progress,Neutral,High
 tracker not updating. ,Certificates & Progress,Angry,Critical
"Dear Support Team, I'm facing an issue where verification page unavailable. I switched devices, but nothing changed. Regards.",Certificates & Progress,Urgent,High
"Dear LearnSphere Support,

I am writing to formally report that course marked unfinished. This problem has persisted for the last few days and is preventing me from using the platform effectively. I checked my email spam folder without success. I would appreciate it if your technical team could investigate this matter at the earliest.

Kind regards,
A Learner",Certificates & Progress,Confused,Medium
"Hello,

I understand technical problems can happen, but assessment locked. I have an upcoming deadline, so I'd be grateful if this could be resolved soon.

Thank you.",Certificates & Progress,Urgent,High
"plz... certificate typo, plz fix. this keeps happening every time.",Certificates & Progress,Neutral,High
"This wasn't happening before. Since the latest update, profile missing achievement. It's inconsistent�sometimes it works, sometimes it doesn't�which makes it difficult to continue my coursework.",Certificates & Progress,Urgent,High
"I'm honestly disappointed. gradebook incomplete. I pay for this service because I rely on it every day, and repeated interruptions are affecting my assignments and preparation. Please provide a permanent solution rather than a temporary workaround.",Certificates & Progress,Urgent,Medium
learning streak reset.,Certificates & Progress,Confused,Critical
I hope you're doing well. profile missing achievement. Looking forward to your response.,Certificates & Progress,Angry,High
"Hey team, I'm facing an issue where tracker not updating. I even asked a classmate to verify the issue, but nothing changed. Regards.",Certificates & Progress,Angry,High
"Dear LearnSphere Support,

I am writing to formally report that certificate not generated. This problem has persisted for the last few days and is preventing me from using the platform effectively. I tried another browser without success. I would appreciate it if your technical team could investigate this matter at the earliest.

Kind regards,
A Learner",Certificates & Progress,Neutral,Medium
"Hello,

I understand technical problems can happen, but verification page unavailable. I have an upcoming deadline, so I'd be grateful if this could be resolved soon.

Thank you.",Certificates & Progress,Confused,Medium
"cnt... certificate typo, plz fix. this keeps happening every time.",Certificates & Progress,Urgent,Critical
"This wasn't happening before. Since the latest update, completion reset. It's inconsistent�sometimes it works, sometimes it doesn't�which makes it difficult to continue my coursework.",Certificates & Progress,Confused,High
"I'm honestly disappointed. gradebook incomplete. I pay for this service because I rely on it every day, and repeated interruptions are affecting my assignments and preparation. Please provide a permanent solution rather than a temporary workaround.",Certificates & Progress,Angry,Critical
certificate not generated.,Certificates & Progress,Urgent,Medium
I hope you're doing well. assessment locked. Please look into this.,Certificates & Progress,Angry,Critical
"I hope you're doing well. I'm facing an issue where completion reset. I tried another browser, but nothing changed. This is affecting my learning.",Certificates & Progress,Urgent,Critical
"Dear LearnSphere Support,

I am writing to formally report that completion percentage incorrect. This problem has persisted for the last few days and is preventing me from using the platform effectively. I tried another browser without success. I would appreciate it if your technical team could investigate this matter at the earliest.

Kind regards,
A Learner",Certificates & Progress,Frustrated,High
"Hello,

I understand technical problems can happen, but digital badge unavailable. I have an upcoming deadline, so I'd be grateful if this could be resolved soon.

Thank you.",Certificates & Progress,Urgent,Medium
"cnt... PDF won't open, plz fix. this keeps happening every time.",Certificates & Progress,Confused,Critical
"This wasn't happening before. Since the latest update, PDF won't open. It's inconsistent�sometimes it works, sometimes it doesn't�which makes it difficult to continue my coursework.",Certificates & Progress,Confused,Critical
"I'm honestly disappointed. certificate download broken. I pay for this service because I rely on it every day, and repeated interruptions are affecting my assignments and preparation. Please provide a permanent solution rather than a temporary workaround.",Certificates & Progress,Confused,Medium
completion proof missing.,Certificates & Progress,Neutral,Critical
"Hello Support, transcript export failed. Kindly resolve this soon.",Certificates & Progress,Frustrated,Medium
" I'm facing an issue where profile missing achievement. I cleared cache, but nothing changed. Kindly resolve this soon.",Certificates & Progress,Confused,Medium
"Dear LearnSphere Support,

I am writing to formally report that digital badge unavailable. This problem has persisted for the last few days and is preventing me from using the platform effectively. I even asked a classmate to verify the issue without success. I would appreciate it if your technical team could investigate this matter at the earliest.

Kind regards,
A Learner",Certificates & Progress,Angry,Medium
"Hello,

I understand technical problems can happen, but completion percentage incorrect. I have an upcoming deadline, so I'd be grateful if this could be resolved soon.

Thank you.",Certificates & Progress,Frustrated,High
"biling... badge disappeared, plz fix. this keeps happening every time.",Certificates & Progress,Angry,Medium
"This wasn't happening before. Since the latest update, certificate download broken. It's inconsistent�sometimes it works, sometimes it doesn't�which makes it difficult to continue my coursework.",Certificates & Progress,Frustrated,High
"I'm honestly disappointed. assessment locked. I pay for this service because I rely on it every day, and repeated interruptions are affecting my assignments and preparation. Please provide a permanent solution rather than a temporary workaround.",Certificates & Progress,Frustrated,Critical
digital badge unavailable.,Certificates & Progress,Confused,Critical
 gradebook incomplete. Please look into this.,Certificates & Progress,Urgent,High
"Urgent: I'm facing an issue where completion reset. I reinstalled the app, but nothing changed. ",Certificates & Progress,Frustrated,High
"Dear LearnSphere Support,

I am writing to formally report that completion not syncing. This problem has persisted for the last few days and is preventing me from using the platform effectively. I checked my email spam folder without success. I would appreciate it if your technical team could investigate this matter at the earliest.

Kind regards,
A Learner",Certificates & Progress,Angry,Critical
"Hello,

I understand technical problems can happen, but tracker not updating. I have an upcoming deadline, so I'd be grateful if this could be resolved soon.

Thank you.",Certificates & Progress,Neutral,Critical
"cnt... gradebook incomplete, plz fix. this keeps happening every time.",Certificates & Progress,Neutral,High
"This wasn't happening before. Since the latest update, completion percentage incorrect. It's inconsistent�sometimes it works, sometimes it doesn't�which makes it difficult to continue my coursework.",Certificates & Progress,Confused,High
"I'm honestly disappointed. transcript export failed. I pay for this service because I rely on it every day, and repeated interruptions are affecting my assignments and preparation. Please provide a permanent solution rather than a temporary workaround.",Certificates & Progress,Urgent,Critical
verification page unavailable.,Certificates & Progress,Angry,Medium
Urgent: tracker not updating. Please look into this.,Certificates & Progress,Neutral,Critical
"Urgent: I'm facing an issue where gradebook incomplete. I switched devices, but nothing changed. Regards.",Certificates & Progress,Frustrated,High
"Dear LearnSphere Support,

I am writing to formally report that verification page unavailable. This problem has persisted for the last few days and is preventing me from using the platform effectively. I tried another browser without success. I would appreciate it if your technical team could investigate this matter at the earliest.

Kind regards,
A Learner",Certificates & Progress,Angry,High
"Hello,

I understand technical problems can happen, but completion percentage incorrect. I have an upcoming deadline, so I'd be grateful if this could be resolved soon.

Thank you.",Certificates & Progress,Confused,Medium
"biling... completion reset, plz fix. this keeps happening every time.",Certificates & Progress,Confused,High
"This wasn't happening before. Since the latest update, profile missing achievement. It's inconsistent�sometimes it works, sometimes it doesn't�which makes it difficult to continue my coursework.",Certificates & Progress,Neutral,High
"I'm honestly disappointed. profile missing achievement. I pay for this service because I rely on it every day, and repeated interruptions are affecting my assignments and preparation. Please provide a permanent solution rather than a temporary workaround.",Certificates & Progress,Angry,Medium
verification page unavailable.,Certificates & Progress,Urgent,Medium
"Dear Support Team, digital badge unavailable. Looking forward to your response.",Certificates & Progress,Confused,Medium
"Dear Support Team, I'm facing an issue where course marked unfinished. I switched devices, but nothing changed. Regards.",Certificates & Progress,Neutral,Critical
"Dear LearnSphere Support,

I am writing to formally report that gradebook incomplete. This problem has persisted for the last few days and is preventing me from using the platform effectively. I updated the application without success. I would appreciate it if your technical team could investigate this matter at the earliest.

Kind regards,
A Learner",Certificates & Progress,Neutral,Medium
"Hello,

I understand technical problems can happen, but transcript export failed. I have an upcoming deadline, so I'd be grateful if this could be resolved soon.

Thank you.",Certificates & Progress,Angry,High
"pasword... learning streak reset, plz fix. this keeps happening every time.",Certificates & Progress,Neutral,High
"This wasn't happening before. Since the latest update, learning streak reset. It's inconsistent�sometimes it works, sometimes it doesn't�which makes it difficult to continue my coursework.",Certificates & Progress,Neutral,High
"I'm honestly disappointed. verification page unavailable. I pay for this service because I rely on it every day, and repeated interruptions are affecting my assignments and preparation. Please provide a permanent solution rather than a temporary workaround.",Certificates & Progress,Angry,Critical
course marked unfinished.,Certificates & Progress,Angry,Medium
"Hi LearnSphere Team, course marked unfinished. Please escalate if necessary.",Certificates & Progress,Neutral,Critical
"Urgent: I'm facing an issue where certificate typo. I checked my email spam folder, but nothing changed. Please look into this.",Certificates & Progress,Confused,Medium
"Dear LearnSphere Support,

I am writing to formally report that transcript export failed. This problem has persisted for the last few days and is preventing me from using the platform effectively. I checked my email spam folder without success. I would appreciate it if your technical team could investigate this matter at the earliest.

Kind regards,
A Learner",Certificates & Progress,Neutral,Medium
"Hello,

I understand technical problems can happen, but QR code invalid. I have an upcoming deadline, so I'd be grateful if this could be resolved soon.

Thank you.",Certificates & Progress,Angry,High
"biling... QR code invalid, plz fix. this keeps happening every time.",Certificates & Progress,Confused,Critical
"This wasn't happening before. Since the latest update, profile missing achievement. It's inconsistent�sometimes it works, sometimes it doesn't�which makes it difficult to continue my coursework.",Certificates & Progress,Angry,High
"I'm honestly disappointed. completion reset. I pay for this service because I rely on it every day, and repeated interruptions are affecting my assignments and preparation. Please provide a permanent solution rather than a temporary workaround.",Certificates & Progress,Frustrated,Medium
tracker not updating.,Certificates & Progress,Neutral,Critical
Urgent: gradebook incomplete. Please look into this.,Certificates & Progress,Angry,Critical
"Good evening, I'm facing an issue where gradebook incomplete. I checked my email spam folder, but nothing changed. Please escalate if necessary.",Certificates & Progress,Frustrated,Medium
"Dear LearnSphere Support,

I am writing to formally report that progress stuck. This problem has persisted for the last few days and is preventing me from using the platform effectively. I logged out and back in without success. I would appreciate it if your technical team could investigate this matter at the earliest.

Kind regards,
A Learner",Certificates & Progress,Neutral,Critical
"Hello,

I understand technical problems can happen, but learning streak reset. I have an upcoming deadline, so I'd be grateful if this could be resolved soon.

Thank you.",Certificates & Progress,Angry,High
"asap... completion reset, plz fix. this keeps happening every time.",Certificates & Progress,Confused,Critical
"This wasn't happening before. Since the latest update, badge disappeared. It's inconsistent�sometimes it works, sometimes it doesn't�which makes it difficult to continue my coursework.",Certificates & Progress,Neutral,Critical
"I'm honestly disappointed. completion not syncing. I pay for this service because I rely on it every day, and repeated interruptions are affecting my assignments and preparation. Please provide a permanent solution rather than a temporary workaround.",Certificates & Progress,Confused,Medium
digital badge unavailable.,Certificates & Progress,Neutral,Critical
"Hey team, assessment locked. Thank you.",Certificates & Progress,Angry,Medium
"Hey team, I'm facing an issue where QR code invalid. I checked my email spam folder, but nothing changed. This is affecting my learning.",Certificates & Progress,Frustrated,Medium
"Dear LearnSphere Support,

I am writing to formally report that badge disappeared. This problem has persisted for the last few days and is preventing me from using the platform effectively. I logged out and back in without success. I would appreciate it if your technical team could investigate this matter at the earliest.

Kind regards,
A Learner",Certificates & Progress,Neutral,High
"Hello,

I understand technical problems can happen, but assessment locked. I have an upcoming deadline, so I'd be grateful if this could be resolved soon.

Thank you.",Certificates & Progress,Confused,High
"biling... certificate download broken, plz fix. this keeps happening every time.",Certificates & Progress,Angry,High
"This wasn't happening before. Since the latest update, QR code invalid. It's inconsistent�sometimes it works, sometimes it doesn't�which makes it difficult to continue my coursework.",Certificates & Progress,Confused,Critical
"I'm honestly disappointed. transcript export failed. I pay for this service because I rely on it every day, and repeated interruptions are affecting my assignments and preparation. Please provide a permanent solution rather than a temporary workaround.",Certificates & Progress,Neutral,Critical
certificate not generated.,Certificates & Progress,Confused,Medium
"To whom it may concern, completion not syncing. Please escalate if necessary.",Certificates & Progress,Angry,Medium
"Hi LearnSphere Team, I'm facing an issue where profile missing achievement. I logged out and back in, but nothing changed. Please look into this.",Certificates & Progress,Urgent,High
"Dear LearnSphere Support,

I am writing to formally report that progress stuck. This problem has persisted for the last few days and is preventing me from using the platform effectively. I logged out and back in without success. I would appreciate it if your technical team could investigate this matter at the earliest.

Kind regards,
A Learner",Certificates & Progress,Urgent,High
"Hello,

I understand technical problems can happen, but verification page unavailable. I have an upcoming deadline, so I'd be grateful if this could be resolved soon.

Thank you.",Certificates & Progress,Urgent,High
"idk... badge disappeared, plz fix. this keeps happening every time.",Certificates & Progress,Urgent,Medium
"This wasn't happening before. Since the latest update, completion percentage incorrect. It's inconsistent�sometimes it works, sometimes it doesn't�which makes it difficult to continue my coursework.",Certificates & Progress,Frustrated,Critical
"I'm honestly disappointed. tracker not updating. I pay for this service because I rely on it every day, and repeated interruptions are affecting my assignments and preparation. Please provide a permanent solution rather than a temporary workaround.",Certificates & Progress,Urgent,Medium
digital badge unavailable.,Certificates & Progress,Angry,Critical
"Hello Support, assessment locked. Please escalate if necessary.",Certificates & Progress,Neutral,High
"Dear Support Team, I'm facing an issue where certificate download broken. I logged out and back in, but nothing changed. Thank you.",Certificates & Progress,Confused,Critical
"Dear LearnSphere Support,

I am writing to formally report that digital badge unavailable. This problem has persisted for the last few days and is preventing me from using the platform effectively. I logged out and back in without success. I would appreciate it if your technical team could investigate this matter at the earliest.

Kind regards,
A Learner",Certificates & Progress,Angry,Critical
"Hello,

I understand technical problems can happen, but completion not syncing. I have an upcoming deadline, so I'd be grateful if this could be resolved soon.

Thank you.",Certificates & Progress,Frustrated,High
"cnt... digital badge unavailable, plz fix. this keeps happening every time.",Certificates & Progress,Frustrated,Critical
"This wasn't happening before. Since the latest update, course marked unfinished. It's inconsistent�sometimes it works, sometimes it doesn't�which makes it difficult to continue my coursework.",Certificates & Progress,Frustrated,Medium
"I'm honestly disappointed. PDF won't open. I pay for this service because I rely on it every day, and repeated interruptions are affecting my assignments and preparation. Please provide a permanent solution rather than a temporary workaround.",Certificates & Progress,Neutral,High
certificate typo.,Certificates & Progress,Neutral,Medium
I hope you're doing well. digital badge unavailable. ,Certificates & Progress,Confused,Critical
"Dear Support Team, I'm facing an issue where learning streak reset. I reinstalled the app, but nothing changed. Regards.",Certificates & Progress,Confused,High
"Dear LearnSphere Support,

I am writing to formally report that tracker not updating. This problem has persisted for the last few days and is preventing me from using the platform effectively. I tried another browser without success. I would appreciate it if your technical team could investigate this matter at the earliest.

Kind regards,
A Learner",Certificates & Progress,Frustrated,Critical
"Hello,

I understand technical problems can happen, but completion proof missing. I have an upcoming deadline, so I'd be grateful if this could be resolved soon.

Thank you.",Certificates & Progress,Frustrated,Medium
"vid... completion percentage incorrect, plz fix. this keeps happening every time.",Certificates & Progress,Frustrated,High
"This wasn't happening before. Since the latest update, QR code invalid. It's inconsistent�sometimes it works, sometimes it doesn't�which makes it difficult to continue my coursework.",Certificates & Progress,Confused,Critical
"I'm honestly disappointed. assessment locked. I pay for this service because I rely on it every day, and repeated interruptions are affecting my assignments and preparation. Please provide a permanent solution rather than a temporary workaround.",Certificates & Progress,Confused,High
tracker not updating.,Certificates & Progress,Angry,High
"Good evening, PDF won't open. Looking forward to your response.",Certificates & Progress,Frustrated,Medium
"Hello Support, I'm facing an issue where certificate download broken. I updated the application, but nothing changed. Please look into this.",Certificates & Progress,Angry,Critical
"Dear LearnSphere Support,

I am writing to formally report that assessment locked. This problem has persisted for the last few days and is preventing me from using the platform effectively. I updated the application without success. I would appreciate it if your technical team could investigate this matter at the earliest.

Kind regards,
A Learner",Certificates & Progress,Frustrated,High
"Hello,

I understand technical problems can happen, but certificate download broken. I have an upcoming deadline, so I'd be grateful if this could be resolved soon.

Thank you.",Certificates & Progress,Angry,Medium
"subscrption... assessment locked, plz fix. this keeps happening every time.",Certificates & Progress,Urgent,Medium
"This wasn't happening before. Since the latest update, badge disappeared. It's inconsistent�sometimes it works, sometimes it doesn't�which makes it difficult to continue my coursework.",Certificates & Progress,Confused,Critical
"I'm honestly disappointed. digital badge unavailable. I pay for this service because I rely on it every day, and repeated interruptions are affecting my assignments and preparation. Please provide a permanent solution rather than a temporary workaround.",Certificates & Progress,Urgent,Medium
tracker not updating.,Certificates & Progress,Confused,Medium
I hope you're doing well. gradebook incomplete. Looking forward to your response.,Certificates & Progress,Angry,Medium
"Hello Support, I'm facing an issue where assessment locked. I logged out and back in, but nothing changed. ",Certificates & Progress,Neutral,Critical
"Dear LearnSphere Support,

I am writing to formally report that completion reset. This problem has persisted for the last few days and is preventing me from using the platform effectively. I even asked a classmate to verify the issue without success. I would appreciate it if your technical team could investigate this matter at the earliest.

Kind regards,
A Learner",Certificates & Progress,Frustrated,Medium
"Hello,

I understand technical problems can happen, but course marked unfinished. I have an upcoming deadline, so I'd be grateful if this could be resolved soon.

Thank you.",Certificates & Progress,Angry,High
"vid... completion reset, plz fix. this keeps happening every time.",Certificates & Progress,Neutral,High
"This wasn't happening before. Since the latest update, badge disappeared. It's inconsistent�sometimes it works, sometimes it doesn't�which makes it difficult to continue my coursework.",Certificates & Progress,Angry,Critical
"I'm honestly disappointed. verification page unavailable. I pay for this service because I rely on it every day, and repeated interruptions are affecting my assignments and preparation. Please provide a permanent solution rather than a temporary workaround.",Certificates & Progress,Confused,Critical
badge disappeared.,Certificates & Progress,Angry,High
 certificate not generated. Looking forward to your response.,Certificates & Progress,Frustrated,Medium
"Dear Support Team, I'm facing an issue where PDF won't open. I cleared cache, but nothing changed. Regards.",Certificates & Progress,Urgent,Medium
"Dear LearnSphere Support,

I am writing to formally report that certificate typo. This problem has persisted for the last few days and is preventing me from using the platform effectively. I even asked a classmate to verify the issue without success. I would appreciate it if your technical team could investigate this matter at the earliest.

Kind regards,
A Learner",Certificates & Progress,Frustrated,Medium
"Hello,

I understand technical problems can happen, but completion proof missing. I have an upcoming deadline, so I'd be grateful if this could be resolved soon.

Thank you.",Certificates & Progress,Confused,Critical
"vid... verification page unavailable, plz fix. this keeps happening every time.",Certificates & Progress,Urgent,High
"This wasn't happening before. Since the latest update, tracker not updating. It's inconsistent�sometimes it works, sometimes it doesn't�which makes it difficult to continue my coursework.",Certificates & Progress,Angry,Medium
"I'm honestly disappointed. tracker not updating. I pay for this service because I rely on it every day, and repeated interruptions are affecting my assignments and preparation. Please provide a permanent solution rather than a temporary workaround.",Certificates & Progress,Urgent,Medium
tracker not updating.,Certificates & Progress,Neutral,Medium
"Hi LearnSphere Team, tracker not updating. ",Certificates & Progress,Confused,High
"I hope you're doing well. I'm facing an issue where course marked unfinished. I checked my email spam folder, but nothing changed. Looking forward to your response.",Certificates & Progress,Frustrated,Medium
"Dear LearnSphere Support,

I am writing to formally report that QR code invalid. This problem has persisted for the last few days and is preventing me from using the platform effectively. I cleared cache without success. I would appreciate it if your technical team could investigate this matter at the earliest.

Kind regards,
A Learner",Certificates & Progress,Angry,Medium
"Hello,

I understand technical problems can happen, but certificate typo. I have an upcoming deadline, so I'd be grateful if this could be resolved soon.

Thank you.",Certificates & Progress,Angry,Medium
"subscrption... completion percentage incorrect, plz fix. this keeps happening every time.",Certificates & Progress,Urgent,Critical
"This wasn't happening before. Since the latest update, profile missing achievement. It's inconsistent�sometimes it works, sometimes it doesn't�which makes it difficult to continue my coursework.",Certificates & Progress,Confused,Medium
"I'm honestly disappointed. completion reset. I pay for this service because I rely on it every day, and repeated interruptions are affecting my assignments and preparation. Please provide a permanent solution rather than a temporary workaround.",Certificates & Progress,Frustrated,High
PDF won't open.,Certificates & Progress,Frustrated,High
"Hello Support, badge disappeared. ",Certificates & Progress,Angry,High
"Urgent: I'm facing an issue where completion percentage incorrect. I switched devices, but nothing changed. Please look into this.",Certificates & Progress,Neutral,High
"Dear LearnSphere Support,

I am writing to formally report that gradebook incomplete. This problem has persisted for the last few days and is preventing me from using the platform effectively. I checked my email spam folder without success. I would appreciate it if your technical team could investigate this matter at the earliest.

Kind regards,
A Learner",Certificates & Progress,Confused,High
"Hello,

I understand technical problems can happen, but completion percentage incorrect. I have an upcoming deadline, so I'd be grateful if this could be resolved soon.

Thank you.",Certificates & Progress,Neutral,Critical
"asap... completion reset, plz fix. this keeps happening every time.",Certificates & Progress,Angry,Critical
"This wasn't happening before. Since the latest update, digital badge unavailable. It's inconsistent�sometimes it works, sometimes it doesn't�which makes it difficult to continue my coursework.",Certificates & Progress,Confused,Medium
"I'm honestly disappointed. PDF won't open. I pay for this service because I rely on it every day, and repeated interruptions are affecting my assignments and preparation. Please provide a permanent solution rather than a temporary workaround.",Certificates & Progress,Urgent,Medium
certificate typo.,Certificates & Progress,Confused,Critical
"Hello Support, badge disappeared. Please escalate if necessary.",Certificates & Progress,Neutral,Critical
"Good evening, I'm facing an issue where completion reset. I reinstalled the app, but nothing changed. This is affecting my learning.",Certificates & Progress,Confused,Critical
"Dear LearnSphere Support,

I am writing to formally report that verification page unavailable. This problem has persisted for the last few days and is preventing me from using the platform effectively. I logged out and back in without success. I would appreciate it if your technical team could investigate this matter at the earliest.

Kind regards,
A Learner",Certificates & Progress,Angry,Critical
"Hello,

I understand technical problems can happen, but digital badge unavailable. I have an upcoming deadline, so I'd be grateful if this could be resolved soon.

Thank you.",Certificates & Progress,Urgent,Critical
"cnt... digital badge unavailable, plz fix. this keeps happening every time.",Certificates & Progress,Confused,High
"This wasn't happening before. Since the latest update, completion not syncing. It's inconsistent�sometimes it works, sometimes it doesn't�which makes it difficult to continue my coursework.",Certificates & Progress,Neutral,Critical
"I'm honestly disappointed. certificate typo. I pay for this service because I rely on it every day, and repeated interruptions are affecting my assignments and preparation. Please provide a permanent solution rather than a temporary workaround.",Certificates & Progress,Urgent,Critical
progress stuck.,Certificates & Progress,Angry,Critical
"Good evening, progress stuck. Regards.",Certificates & Progress,Frustrated,Medium
"Good evening, I'm facing an issue where progress stuck. I switched devices, but nothing changed. Please escalate if necessary.",Certificates & Progress,Neutral,Medium
"Dear LearnSphere Support,

I am writing to formally report that digital badge unavailable. This problem has persisted for the last few days and is preventing me from using the platform effectively. I even asked a classmate to verify the issue without success. I would appreciate it if your technical team could investigate this matter at the earliest.

Kind regards,
A Learner",Certificates & Progress,Angry,High
"Hello,

I understand technical problems can happen, but assessment locked. I have an upcoming deadline, so I'd be grateful if this could be resolved soon.

Thank you.",Certificates & Progress,Urgent,High
"biling... certificate download broken, plz fix. this keeps happening every time.",Certificates & Progress,Angry,Critical
"This wasn't happening before. Since the latest update, transcript export failed. It's inconsistent�sometimes it works, sometimes it doesn't�which makes it difficult to continue my coursework.",Certificates & Progress,Urgent,High
"I'm honestly disappointed. completion reset. I pay for this service because I rely on it every day, and repeated interruptions are affecting my assignments and preparation. Please provide a permanent solution rather than a temporary workaround.",Certificates & Progress,Neutral,Critical
profile missing achievement.,Certificates & Progress,Neutral,High
 tracker not updating. Looking forward to your response.,Certificates & Progress,Angry,Critical
"Hello Support, I'm facing an issue where certificate download broken. I logged out and back in, but nothing changed. This is affecting my learning.",Certificates & Progress,Frustrated,High
"Dear LearnSphere Support,

I am writing to formally report that completion not syncing. This problem has persisted for the last few days and is preventing me from using the platform effectively. I cleared cache without success. I would appreciate it if your technical team could investigate this matter at the earliest.

Kind regards,
A Learner",Certificates & Progress,Urgent,Medium
"Hello,

I understand technical problems can happen, but completion reset. I have an upcoming deadline, so I'd be grateful if this could be resolved soon.

Thank you.",Certificates & Progress,Confused,High
"idk... completion reset, plz fix. this keeps happening every time.",Certificates & Progress,Urgent,Critical
"This wasn't happening before. Since the latest update, verification page unavailable. It's inconsistent�sometimes it works, sometimes it doesn't�which makes it difficult to continue my coursework.",Certificates & Progress,Confused,High
"I'm honestly disappointed. verification page unavailable. I pay for this service because I rely on it every day, and repeated interruptions are affecting my assignments and preparation. Please provide a permanent solution rather than a temporary workaround.",Certificates & Progress,Angry,High
completion percentage incorrect.,Certificates & Progress,Frustrated,Critical
"To whom it may concern, tracker not updating. Kindly resolve this soon.",Certificates & Progress,Confused,Critical
"Hi LearnSphere Team, I'm facing an issue where PDF won't open. I reinstalled the app, but nothing changed. Looking forward to your response.",Certificates & Progress,Urgent,Critical
"Dear LearnSphere Support,

I am writing to formally report that certificate typo. This problem has persisted for the last few days and is preventing me from using the platform effectively. I cleared cache without success. I would appreciate it if your technical team could investigate this matter at the earliest.

Kind regards,
A Learner",Certificates & Progress,Urgent,High
"Hello,

I understand technical problems can happen, but completion percentage incorrect. I have an upcoming deadline, so I'd be grateful if this could be resolved soon.

Thank you.",Certificates & Progress,Confused,Critical
"pasword... profile missing achievement, plz fix. this keeps happening every time.",Certificates & Progress,Neutral,Medium
"This wasn't happening before. Since the latest update, completion reset. It's inconsistent�sometimes it works, sometimes it doesn't�which makes it difficult to continue my coursework.",Certificates & Progress,Confused,Critical
"I'm honestly disappointed. completion proof missing. I pay for this service because I rely on it every day, and repeated interruptions are affecting my assignments and preparation. Please provide a permanent solution rather than a temporary workaround.",Certificates & Progress,Confused,Critical
certificate typo.,Certificates & Progress,Urgent,Critical
"Good evening, completion not syncing. This is affecting my learning.",Certificates & Progress,Frustrated,High
"To whom it may concern, I'm facing an issue where verification page unavailable. I updated the application, but nothing changed. ",Certificates & Progress,Angry,High
"Dear LearnSphere Support,

I am writing to formally report that certificate typo. This problem has persisted for the last few days and is preventing me from using the platform effectively. I checked my email spam folder without success. I would appreciate it if your technical team could investigate this matter at the earliest.

Kind regards,
A Learner",Certificates & Progress,Frustrated,Medium
"Hello,

I understand technical problems can happen, but transcript export failed. I have an upcoming deadline, so I'd be grateful if this could be resolved soon.

Thank you.",Certificates & Progress,Urgent,Critical
"biling... verification page unavailable, plz fix. this keeps happening every time.",Certificates & Progress,Urgent,Critical
"This wasn't happening before. Since the latest update, badge disappeared. It's inconsistent�sometimes it works, sometimes it doesn't�which makes it difficult to continue my coursework.",Certificates & Progress,Frustrated,High
"I'm honestly disappointed. certificate typo. I pay for this service because I rely on it every day, and repeated interruptions are affecting my assignments and preparation. Please provide a permanent solution rather than a temporary workaround.",Certificates & Progress,Confused,High
tracker not updating.,Certificates & Progress,Confused,High
"To whom it may concern, tracker not updating. Please escalate if necessary.",Certificates & Progress,Urgent,Medium
"I hope you're doing well. I'm facing an issue where PDF won't open. I tried another browser, but nothing changed. Kindly resolve this soon.",Certificates & Progress,Neutral,Medium
"Dear LearnSphere Support,

I am writing to formally report that course marked unfinished. This problem has persisted for the last few days and is preventing me from using the platform effectively. I tried another browser without success. I would appreciate it if your technical team could investigate this matter at the earliest.

Kind regards,
A Learner",Certificates & Progress,Urgent,Critical
"Hello,

I understand technical problems can happen, but certificate typo. I have an upcoming deadline, so I'd be grateful if this could be resolved soon.

Thank you.",Certificates & Progress,Confused,High
"cnt... certificate typo, plz fix. this keeps happening every time.",Certificates & Progress,Neutral,Medium
"This wasn't happening before. Since the latest update, completion reset. It's inconsistent�sometimes it works, sometimes it doesn't�which makes it difficult to continue my coursework.",Certificates & Progress,Urgent,High
"I'm honestly disappointed. profile missing achievement. I pay for this service because I rely on it every day, and repeated interruptions are affecting my assignments and preparation. Please provide a permanent solution rather than a temporary workaround.",Certificates & Progress,Frustrated,Critical
completion proof missing.,Certificates & Progress,Angry,Medium
 certificate download broken. Thank you.,Certificates & Progress,Urgent,Critical
"Urgent: I'm facing an issue where completion proof missing. I switched devices, but nothing changed. Thank you.",Certificates & Progress,Neutral,High
"Dear LearnSphere Support,

I am writing to formally report that progress stuck. This problem has persisted for the last few days and is preventing me from using the platform effectively. I updated the application without success. I would appreciate it if your technical team could investigate this matter at the earliest.

Kind regards,
A Learner",Certificates & Progress,Neutral,Medium
"Hello,

I understand technical problems can happen, but certificate download broken. I have an upcoming deadline, so I'd be grateful if this could be resolved soon.

Thank you.",Certificates & Progress,Angry,Critical
"asap... tracker not updating, plz fix. this keeps happening every time.",Certificates & Progress,Neutral,Medium
"This wasn't happening before. Since the latest update, profile missing achievement. It's inconsistent�sometimes it works, sometimes it doesn't�which makes it difficult to continue my coursework.",Certificates & Progress,Frustrated,Medium
"I'm honestly disappointed. completion proof missing. I pay for this service because I rely on it every day, and repeated interruptions are affecting my assignments and preparation. Please provide a permanent solution rather than a temporary workaround.",Certificates & Progress,Urgent,High
PDF won't open.,Certificates & Progress,Angry,Critical
"To whom it may concern, completion not syncing. Please look into this.",Certificates & Progress,Frustrated,High
" I'm facing an issue where transcript export failed. I logged out and back in, but nothing changed. Please escalate if necessary.",Certificates & Progress,Neutral,High
"Dear LearnSphere Support,

I am writing to formally report that badge disappeared. This problem has persisted for the last few days and is preventing me from using the platform effectively. I cleared cache without success. I would appreciate it if your technical team could investigate this matter at the earliest.

Kind regards,
A Learner",Certificates & Progress,Frustrated,Critical
"Hello,

I understand technical problems can happen, but gradebook incomplete. I have an upcoming deadline, so I'd be grateful if this could be resolved soon.

Thank you.",Certificates & Progress,Confused,Critical
"biling... gradebook incomplete, plz fix. this keeps happening every time.",Certificates & Progress,Urgent,High
"This wasn't happening before. Since the latest update, transcript export failed. It's inconsistent�sometimes it works, sometimes it doesn't�which makes it difficult to continue my coursework.",Certificates & Progress,Frustrated,Critical
"I'm honestly disappointed. gradebook incomplete. I pay for this service because I rely on it every day, and repeated interruptions are affecting my assignments and preparation. Please provide a permanent solution rather than a temporary workaround.",Certificates & Progress,Urgent,Critical
digital badge unavailable.,Certificates & Progress,Angry,Critical
"To whom it may concern, profile missing achievement. Please look into this.",Certificates & Progress,Urgent,Medium
"Hello Support, I'm facing an issue where digital badge unavailable. I tried another browser, but nothing changed. Thank you.",Certificates & Progress,Confused,High
"Dear LearnSphere Support,

I am writing to formally report that digital badge unavailable. This problem has persisted for the last few days and is preventing me from using the platform effectively. I updated the application without success. I would appreciate it if your technical team could investigate this matter at the earliest.

Kind regards,
A Learner",Certificates & Progress,Angry,Critical
"Hello,

I understand technical problems can happen, but progress stuck. I have an upcoming deadline, so I'd be grateful if this could be resolved soon.

Thank you.",Certificates & Progress,Neutral,Critical
"asap... certificate download broken, plz fix. this keeps happening every time.",Certificates & Progress,Urgent,Critical
"This wasn't happening before. Since the latest update, progress stuck. It's inconsistent�sometimes it works, sometimes it doesn't�which makes it difficult to continue my coursework.",Certificates & Progress,Angry,Critical
"I'm honestly disappointed. completion not syncing. I pay for this service because I rely on it every day, and repeated interruptions are affecting my assignments and preparation. Please provide a permanent solution rather than a temporary workaround.",Certificates & Progress,Frustrated,Medium
digital badge unavailable.,Certificates & Progress,Confused,Medium
"Hello Support, QR code invalid. This is affecting my learning.",Certificates & Progress,Angry,Medium
" I'm facing an issue where certificate download broken. I logged out and back in, but nothing changed. Looking forward to your response.",Certificates & Progress,Neutral,Medium
"Dear LearnSphere Support,

I am writing to formally report that transcript export failed. This problem has persisted for the last few days and is preventing me from using the platform effectively. I even asked a classmate to verify the issue without success. I would appreciate it if your technical team could investigate this matter at the earliest.

Kind regards,
A Learner",Certificates & Progress,Frustrated,High
"Hello,

I understand technical problems can happen, but certificate download broken. I have an upcoming deadline, so I'd be grateful if this could be resolved soon.

Thank you.",Certificates & Progress,Neutral,Medium
"vid... assessment locked, plz fix. this keeps happening every time.",Certificates & Progress,Angry,High
"This wasn't happening before. Since the latest update, tracker not updating. It's inconsistent�sometimes it works, sometimes it doesn't�which makes it difficult to continue my coursework.",Certificates & Progress,Angry,Medium
"I'm honestly disappointed. QR code invalid. I pay for this service because I rely on it every day, and repeated interruptions are affecting my assignments and preparation. Please provide a permanent solution rather than a temporary workaround.",Certificates & Progress,Neutral,Critical
completion percentage incorrect.,Certificates & Progress,Confused,High
"Hello Support, verification page unavailable. Thank you.",Certificates & Progress,Angry,High
"Urgent: I'm facing an issue where completion proof missing. I switched devices, but nothing changed. Please escalate if necessary.",Certificates & Progress,Confused,High
"Dear LearnSphere Support,

I am writing to formally report that gradebook incomplete. This problem has persisted for the last few days and is preventing me from using the platform effectively. I logged out and back in without success. I would appreciate it if your technical team could investigate this matter at the earliest.

Kind regards,
A Learner",Certificates & Progress,Neutral,High
"Hello,

I understand technical problems can happen, but learning streak reset. I have an upcoming deadline, so I'd be grateful if this could be resolved soon.

Thank you.",Certificates & Progress,Confused,Medium
"plz... QR code invalid, plz fix. this keeps happening every time.",Certificates & Progress,Frustrated,Medium
"This wasn't happening before. Since the latest update, digital badge unavailable. It's inconsistent�sometimes it works, sometimes it doesn't�which makes it difficult to continue my coursework.",Certificates & Progress,Neutral,Critical
"I'm honestly disappointed. completion percentage incorrect. I pay for this service because I rely on it every day, and repeated interruptions are affecting my assignments and preparation. Please provide a permanent solution rather than a temporary workaround.",Certificates & Progress,Neutral,Critical
completion percentage incorrect.,Certificates & Progress,Confused,High
"Hello Support, completion proof missing. Kindly resolve this soon.",Certificates & Progress,Frustrated,Medium
"To whom it may concern, I'm facing an issue where completion proof missing. I checked my email spam folder, but nothing changed. Regards.",Certificates & Progress,Neutral,Critical
"Dear LearnSphere Support,

I am writing to formally report that learning streak reset. This problem has persisted for the last few days and is preventing me from using the platform effectively. I updated the application without success. I would appreciate it if your technical team could investigate this matter at the earliest.

Kind regards,
A Learner",Certificates & Progress,Confused,High
"Hello,

I understand technical problems can happen, but completion reset. I have an upcoming deadline, so I'd be grateful if this could be resolved soon.

Thank you.",Certificates & Progress,Neutral,Critical
"idk... digital badge unavailable, plz fix. this keeps happening every time.",Certificates & Progress,Neutral,Medium
"This wasn't happening before. Since the latest update, certificate download broken. It's inconsistent�sometimes it works, sometimes it doesn't�which makes it difficult to continue my coursework.",Certificates & Progress,Frustrated,Medium
"I'm honestly disappointed. completion percentage incorrect. I pay for this service because I rely on it every day, and repeated interruptions are affecting my assignments and preparation. Please provide a permanent solution rather than a temporary workaround.",Certificates & Progress,Confused,Critical
transcript export failed.,Certificates & Progress,Frustrated,High
"Good evening, PDF won't open. Kindly resolve this soon.",Certificates & Progress,Confused,High
"Dear Support Team, I'm facing an issue where assessment locked. I cleared cache, but nothing changed. This is affecting my learning.",Certificates & Progress,Confused,Medium
"Dear LearnSphere Support,

I am writing to formally report that completion proof missing. This problem has persisted for the last few days and is preventing me from using the platform effectively. I even asked a classmate to verify the issue without success. I would appreciate it if your technical team could investigate this matter at the earliest.

Kind regards,
A Learner",Certificates & Progress,Angry,High
"Hello,

I understand technical problems can happen, but completion percentage incorrect. I have an upcoming deadline, so I'd be grateful if this could be resolved soon.

Thank you.",Certificates & Progress,Urgent,Critical
"subscrption... assessment locked, plz fix. this keeps happening every time.",Certificates & Progress,Confused,Critical
"This wasn't happening before. Since the latest update, digital badge unavailable. It's inconsistent�sometimes it works, sometimes it doesn't�which makes it difficult to continue my coursework.",Certificates & Progress,Angry,Critical
"I'm honestly disappointed. digital badge unavailable. I pay for this service because I rely on it every day, and repeated interruptions are affecting my assignments and preparation. Please provide a permanent solution rather than a temporary workaround.",Certificates & Progress,Angry,Critical
transcript export failed.,Certificates & Progress,Neutral,High
I hope you're doing well. completion not syncing. Looking forward to your response.,Certificates & Progress,Confused,High
"I hope you're doing well. I'm facing an issue where completion percentage incorrect. I tried another browser, but nothing changed. Regards.",Certificates & Progress,Neutral,Critical
"Dear LearnSphere Support,

I am writing to formally report that PDF won't open. This problem has persisted for the last few days and is preventing me from using the platform effectively. I switched devices without success. I would appreciate it if your technical team could investigate this matter at the earliest.

Kind regards,
A Learner",Certificates & Progress,Frustrated,Critical
"Hello,

I understand technical problems can happen, but gradebook incomplete. I have an upcoming deadline, so I'd be grateful if this could be resolved soon.

Thank you.",Certificates & Progress,Urgent,High
"biling... completion reset, plz fix. this keeps happening every time.",Certificates & Progress,Neutral,Critical
"This wasn't happening before. Since the latest update, completion percentage incorrect. It's inconsistent�sometimes it works, sometimes it doesn't�which makes it difficult to continue my coursework.",Certificates & Progress,Confused,High
"I'm honestly disappointed. transcript export failed. I pay for this service because I rely on it every day, and repeated interruptions are affecting my assignments and preparation. Please provide a permanent solution rather than a temporary workaround.",Certificates & Progress,Urgent,Medium
certificate download broken.,Certificates & Progress,Urgent,High
"To whom it may concern, gradebook incomplete. Thank you.",Certificates & Progress,Confused,Medium
"Urgent: I'm facing an issue where completion percentage incorrect. I cleared cache, but nothing changed. Looking forward to your response.",Certificates & Progress,Angry,Critical
"Dear LearnSphere Support,

I am writing to formally report that certificate typo. This problem has persisted for the last few days and is preventing me from using the platform effectively. I tried another browser without success. I would appreciate it if your technical team could investigate this matter at the earliest.

Kind regards,
A Learner",Certificates & Progress,Neutral,Medium
"Hello,

I understand technical problems can happen, but transcript export failed. I have an upcoming deadline, so I'd be grateful if this could be resolved soon.

Thank you.",Certificates & Progress,Urgent,High
"asap... certificate not generated, plz fix. this keeps happening every time.",Certificates & Progress,Angry,Critical
"This wasn't happening before. Since the latest update, certificate typo. It's inconsistent�sometimes it works, sometimes it doesn't�which makes it difficult to continue my coursework.",Certificates & Progress,Angry,Medium
"I'm honestly disappointed. certificate download broken. I pay for this service because I rely on it every day, and repeated interruptions are affecting my assignments and preparation. Please provide a permanent solution rather than a temporary workaround.",Certificates & Progress,Neutral,Critical
verification page unavailable.,Certificates & Progress,Neutral,Medium
"Hey team, digital badge unavailable. Please escalate if necessary.",Certificates & Progress,Confused,Critical
"I hope you're doing well. I'm facing an issue where digital badge unavailable. I cleared cache, but nothing changed. Please look into this.",Certificates & Progress,Neutral,Critical
"Dear LearnSphere Support,

I am writing to formally report that completion reset. This problem has persisted for the last few days and is preventing me from using the platform effectively. I tried another browser without success. I would appreciate it if your technical team could investigate this matter at the earliest.

Kind regards,
A Learner",Certificates & Progress,Urgent,Medium
"Hello,

I understand technical problems can happen, but profile missing achievement. I have an upcoming deadline, so I'd be grateful if this could be resolved soon.

Thank you.",Certificates & Progress,Angry,Critical
"biling... tracker not updating, plz fix. this keeps happening every time.",Certificates & Progress,Confused,Critical
"This wasn't happening before. Since the latest update, tracker not updating. It's inconsistent�sometimes it works, sometimes it doesn't�which makes it difficult to continue my coursework.",Certificates & Progress,Confused,Medium
"I'm honestly disappointed. gradebook incomplete. I pay for this service because I rely on it every day, and repeated interruptions are affecting my assignments and preparation. Please provide a permanent solution rather than a temporary workaround.",Certificates & Progress,Frustrated,High
badge disappeared.,Certificates & Progress,Frustrated,High
"To whom it may concern, digital badge unavailable. Please escalate if necessary.",Certificates & Progress,Angry,Critical
"Dear Support Team, I'm facing an issue where gradebook incomplete. I logged out and back in, but nothing changed. Regards.",Certificates & Progress,Frustrated,High
"Dear LearnSphere Support,

I am writing to formally report that learning streak reset. This problem has persisted for the last few days and is preventing me from using the platform effectively. I switched devices without success. I would appreciate it if your technical team could investigate this matter at the earliest.

Kind regards,
A Learner",Certificates & Progress,Angry,High
"Hello,

I understand technical problems can happen, but gradebook incomplete. I have an upcoming deadline, so I'd be grateful if this could be resolved soon.

Thank you.",Certificates & Progress,Frustrated,Medium
"subscrption... transcript export failed, plz fix. this keeps happening every time.",Certificates & Progress,Confused,Medium
"This wasn't happening before. Since the latest update, learning streak reset. It's inconsistent�sometimes it works, sometimes it doesn't�which makes it difficult to continue my coursework.",Certificates & Progress,Frustrated,High
"I'm honestly disappointed. certificate download broken. I pay for this service because I rely on it every day, and repeated interruptions are affecting my assignments and preparation. Please provide a permanent solution rather than a temporary workaround.",Certificates & Progress,Frustrated,Critical
transcript export failed.,Certificates & Progress,Frustrated,Critical
"Hey team, progress stuck. Please look into this.",Certificates & Progress,Neutral,Medium
"Hi LearnSphere Team, I'm facing an issue where tracker not updating. I cleared cache, but nothing changed. Please look into this.",Certificates & Progress,Neutral,High
"Dear LearnSphere Support,

I am writing to formally report that verification page unavailable. This problem has persisted for the last few days and is preventing me from using the platform effectively. I cleared cache without success. I would appreciate it if your technical team could investigate this matter at the earliest.

Kind regards,
A Learner",Certificates & Progress,Urgent,Critical
"Hello,

I understand technical problems can happen, but learning streak reset. I have an upcoming deadline, so I'd be grateful if this could be resolved soon.

Thank you.",Certificates & Progress,Frustrated,Medium
"asap... assessment locked, plz fix. this keeps happening every time.",Certificates & Progress,Confused,Critical
"This wasn't happening before. Since the latest update, assessment locked. It's inconsistent�sometimes it works, sometimes it doesn't�which makes it difficult to continue my coursework.",Certificates & Progress,Neutral,Medium
"I'm honestly disappointed. certificate typo. I pay for this service because I rely on it every day, and repeated interruptions are affecting my assignments and preparation. Please provide a permanent solution rather than a temporary workaround.",Certificates & Progress,Urgent,High
digital badge unavailable.,Certificates & Progress,Confused,High
"Hey team, tracker not updating. Regards.",Certificates & Progress,Angry,Medium
"Hi LearnSphere Team, I'm facing an issue where completion proof missing. I tried another browser, but nothing changed. This is affecting my learning.",Certificates & Progress,Neutral,Medium
"Dear LearnSphere Support,

I am writing to formally report that learning streak reset. This problem has persisted for the last few days and is preventing me from using the platform effectively. I switched devices without success. I would appreciate it if your technical team could investigate this matter at the earliest.

Kind regards,
A Learner",Certificates & Progress,Urgent,Critical
"Hello,

I understand technical problems can happen, but tracker not updating. I have an upcoming deadline, so I'd be grateful if this could be resolved soon.

Thank you.",Certificates & Progress,Frustrated,High
"pasword... assessment locked, plz fix. this keeps happening every time.",Certificates & Progress,Urgent,High
"This wasn't happening before. Since the latest update, certificate download broken. It's inconsistent�sometimes it works, sometimes it doesn't�which makes it difficult to continue my coursework.",Certificates & Progress,Urgent,High
"I'm honestly disappointed. certificate download broken. I pay for this service because I rely on it every day, and repeated interruptions are affecting my assignments and preparation. Please provide a permanent solution rather than a temporary workaround.",Certificates & Progress,Frustrated,Critical
completion percentage incorrect.,Certificates & Progress,Frustrated,High
I hope you're doing well. PDF won't open. Regards.,Certificates & Progress,Confused,High
"To whom it may concern, I'm facing an issue where assessment locked. I cleared cache, but nothing changed. Looking forward to your response.",Certificates & Progress,Frustrated,High
"Dear LearnSphere Support,

I am writing to formally report that digital badge unavailable. This problem has persisted for the last few days and is preventing me from using the platform effectively. I tried another browser without success. I would appreciate it if your technical team could investigate this matter at the earliest.

Kind regards,
A Learner",Certificates & Progress,Urgent,Medium
"Hello,

I understand technical problems can happen, but QR code invalid. I have an upcoming deadline, so I'd be grateful if this could be resolved soon.

Thank you.",Certificates & Progress,Urgent,Critical
"subscrption... digital badge unavailable, plz fix. this keeps happening every time.",Certificates & Progress,Urgent,Critical
"This wasn't happening before. Since the latest update, assessment locked. It's inconsistent�sometimes it works, sometimes it doesn't�which makes it difficult to continue my coursework.",Certificates & Progress,Neutral,High
"I'm honestly disappointed. certificate typo. I pay for this service because I rely on it every day, and repeated interruptions are affecting my assignments and preparation. Please provide a permanent solution rather than a temporary workaround.",Certificates & Progress,Angry,Medium
verification page unavailable.,Certificates & Progress,Angry,High
"To whom it may concern, completion not syncing. Thank you.",Certificates & Progress,Angry,Medium
"Hello Support, I'm facing an issue where gradebook incomplete. I logged out and back in, but nothing changed. ",Certificates & Progress,Urgent,High
"Dear LearnSphere Support,

I am writing to formally report that verification page unavailable. This problem has persisted for the last few days and is preventing me from using the platform effectively. I even asked a classmate to verify the issue without success. I would appreciate it if your technical team could investigate this matter at the earliest.

Kind regards,
A Learner",Certificates & Progress,Neutral,Critical
"Hello,

I understand technical problems can happen, but progress stuck. I have an upcoming deadline, so I'd be grateful if this could be resolved soon.

Thank you.",Certificates & Progress,Urgent,Medium
"idk... assessment locked, plz fix. this keeps happening every time.",Certificates & Progress,Neutral,Critical
"This wasn't happening before. Since the latest update, digital badge unavailable. It's inconsistent�sometimes it works, sometimes it doesn't�which makes it difficult to continue my coursework.",Certificates & Progress,Urgent,Medium
"I'm honestly disappointed. QR code invalid. I pay for this service because I rely on it every day, and repeated interruptions are affecting my assignments and preparation. Please provide a permanent solution rather than a temporary workaround.",Certificates & Progress,Frustrated,Critical
certificate not generated.,Certificates & Progress,Frustrated,High
"Good evening, course marked unfinished. Looking forward to your response.",Certificates & Progress,Urgent,Medium
"Hey team, I'm facing an issue where completion not syncing. I switched devices, but nothing changed. Looking forward to your response.",Certificates & Progress,Frustrated,Medium
"Dear LearnSphere Support,

I am writing to formally report that completion reset. This problem has persisted for the last few days and is preventing me from using the platform effectively. I even asked a classmate to verify the issue without success. I would appreciate it if your technical team could investigate this matter at the earliest.

Kind regards,
A Learner",Certificates & Progress,Confused,Medium
"Hello,

I understand technical problems can happen, but QR code invalid. I have an upcoming deadline, so I'd be grateful if this could be resolved soon.

Thank you.",Certificates & Progress,Frustrated,Critical
"asap... assessment locked, plz fix. this keeps happening every time.",Certificates & Progress,Confused,Critical
"This wasn't happening before. Since the latest update, completion proof missing. It's inconsistent�sometimes it works, sometimes it doesn't�which makes it difficult to continue my coursework.",Certificates & Progress,Frustrated,Medium
"I'm honestly disappointed. course marked unfinished. I pay for this service because I rely on it every day, and repeated interruptions are affecting my assignments and preparation. Please provide a permanent solution rather than a temporary workaround.",Certificates & Progress,Confused,Critical
completion reset.,Certificates & Progress,Neutral,Medium
I hope you're doing well. PDF won't open. Regards.,Certificates & Progress,Angry,Medium
"To whom it may concern, I'm facing an issue where learning streak reset. I cleared cache, but nothing changed. Regards.",Certificates & Progress,Confused,Critical
"Dear LearnSphere Support,

I am writing to formally report that PDF won't open. This problem has persisted for the last few days and is preventing me from using the platform effectively. I checked my email spam folder without success. I would appreciate it if your technical team could investigate this matter at the earliest.

Kind regards,
A Learner",Certificates & Progress,Angry,Critical
"Hello,

I understand technical problems can happen, but digital badge unavailable. I have an upcoming deadline, so I'd be grateful if this could be resolved soon.

Thank you.",Certificates & Progress,Neutral,Medium
"subscrption... transcript export failed, plz fix. this keeps happening every time.",Certificates & Progress,Frustrated,High
"This wasn't happening before. Since the latest update, completion not syncing. It's inconsistent�sometimes it works, sometimes it doesn't�which makes it difficult to continue my coursework.",Certificates & Progress,Angry,High
"I'm honestly disappointed. assessment locked. I pay for this service because I rely on it every day, and repeated interruptions are affecting my assignments and preparation. Please provide a permanent solution rather than a temporary workaround.",Certificates & Progress,Angry,High
completion proof missing.,Certificates & Progress,Frustrated,Critical
"Hi LearnSphere Team, course marked unfinished. ",Certificates & Progress,Confused,Critical
"Hello Support, I'm facing an issue where PDF won't open. I tried another browser, but nothing changed. Thank you.",Certificates & Progress,Confused,High
"Dear LearnSphere Support,

I am writing to formally report that badge disappeared. This problem has persisted for the last few days and is preventing me from using the platform effectively. I switched devices without success. I would appreciate it if your technical team could investigate this matter at the earliest.

Kind regards,
A Learner",Certificates & Progress,Urgent,High
"Hello,

I understand technical problems can happen, but tracker not updating. I have an upcoming deadline, so I'd be grateful if this could be resolved soon.

Thank you.",Certificates & Progress,Neutral,Critical
"cnt... course marked unfinished, plz fix. this keeps happening every time.",Certificates & Progress,Urgent,High
"This wasn't happening before. Since the latest update, verification page unavailable. It's inconsistent�sometimes it works, sometimes it doesn't�which makes it difficult to continue my coursework.",Certificates & Progress,Urgent,High
"I'm honestly disappointed. completion reset. I pay for this service because I rely on it every day, and repeated interruptions are affecting my assignments and preparation. Please provide a permanent solution rather than a temporary workaround.",Certificates & Progress,Frustrated,High
assessment locked.,Certificates & Progress,Frustrated,Critical
"Good evening, gradebook incomplete. Regards.",Certificates & Progress,Urgent,Medium
"Urgent: I'm facing an issue where gradebook incomplete. I tried another browser, but nothing changed. Thank you.",Certificates & Progress,Confused,Medium
"Dear LearnSphere Support,

I am writing to formally report that course marked unfinished. This problem has persisted for the last few days and is preventing me from using the platform effectively. I switched devices without success. I would appreciate it if your technical team could investigate this matter at the earliest.

Kind regards,
A Learner",Certificates & Progress,Frustrated,Critical
"Hello,

I understand technical problems can happen, but badge disappeared. I have an upcoming deadline, so I'd be grateful if this could be resolved soon.

Thank you.",Certificates & Progress,Confused,High
"vid... completion proof missing, plz fix. this keeps happening every time.",Certificates & Progress,Angry,Critical
"This wasn't happening before. Since the latest update, certificate typo. It's inconsistent�sometimes it works, sometimes it doesn't�which makes it difficult to continue my coursework.",Certificates & Progress,Angry,Critical
"I'm honestly disappointed. progress stuck. I pay for this service because I rely on it every day, and repeated interruptions are affecting my assignments and preparation. Please provide a permanent solution rather than a temporary workaround.",Certificates & Progress,Urgent,Medium
assessment locked.,Certificates & Progress,Neutral,Medium
"Hi LearnSphere Team, digital badge unavailable. Regards.",Certificates & Progress,Neutral,High
"I hope you're doing well. I'm facing an issue where tracker not updating. I even asked a classmate to verify the issue, but nothing changed. Kindly resolve this soon.",Certificates & Progress,Frustrated,High
"Dear LearnSphere Support,

I am writing to formally report that course marked unfinished. This problem has persisted for the last few days and is preventing me from using the platform effectively. I switched devices without success. I would appreciate it if your technical team could investigate this matter at the earliest.

Kind regards,
A Learner",Certificates & Progress,Neutral,Critical
"Hello,

I understand technical problems can happen, but badge disappeared. I have an upcoming deadline, so I'd be grateful if this could be resolved soon.

Thank you.",Certificates & Progress,Confused,Medium
"vid... assessment locked, plz fix. this keeps happening every time.",Certificates & Progress,Angry,Medium
"This wasn't happening before. Since the latest update, certificate download broken. It's inconsistent�sometimes it works, sometimes it doesn't�which makes it difficult to continue my coursework.",Certificates & Progress,Frustrated,Medium
"I'm honestly disappointed. completion proof missing. I pay for this service because I rely on it every day, and repeated interruptions are affecting my assignments and preparation. Please provide a permanent solution rather than a temporary workaround.",Certificates & Progress,Urgent,High
completion percentage incorrect.,Certificates & Progress,Confused,Medium
I hope you're doing well. completion percentage incorrect. Please look into this.,Certificates & Progress,Frustrated,Critical
"To whom it may concern, I'm facing an issue where badge disappeared. I cleared cache, but nothing changed. Regards.",Certificates & Progress,Neutral,High
"Dear LearnSphere Support,

I am writing to formally report that progress stuck. This problem has persisted for the last few days and is preventing me from using the platform effectively. I switched devices without success. I would appreciate it if your technical team could investigate this matter at the earliest.

Kind regards,
A Learner",Certificates & Progress,Frustrated,Critical
"Hello,

I understand technical problems can happen, but PDF won't open. I have an upcoming deadline, so I'd be grateful if this could be resolved soon.

Thank you.",Certificates & Progress,Frustrated,High
"plz... certificate not generated, plz fix. this keeps happening every time.",Certificates & Progress,Angry,Critical
"This wasn't happening before. Since the latest update, completion reset. It's inconsistent�sometimes it works, sometimes it doesn't�which makes it difficult to continue my coursework.",Certificates & Progress,Confused,Critical
"I'm honestly disappointed. progress stuck. I pay for this service because I rely on it every day, and repeated interruptions are affecting my assignments and preparation. Please provide a permanent solution rather than a temporary workaround.",Certificates & Progress,Urgent,Critical
badge disappeared.,Certificates & Progress,Frustrated,Critical
"To whom it may concern, gradebook incomplete. This is affecting my learning.",Certificates & Progress,Urgent,High
"Good evening, I'm facing an issue where certificate download broken. I even asked a classmate to verify the issue, but nothing changed. This is affecting my learning.",Certificates & Progress,Neutral,Critical
"Dear LearnSphere Support,

I am writing to formally report that certificate download broken. This problem has persisted for the last few days and is preventing me from using the platform effectively. I even asked a classmate to verify the issue without success. I would appreciate it if your technical team could investigate this matter at the earliest.

Kind regards,
A Learner",Certificates & Progress,Confused,High
"Hello,

I understand technical problems can happen, but completion percentage incorrect. I have an upcoming deadline, so I'd be grateful if this could be resolved soon.

Thank you.",Certificates & Progress,Neutral,Medium
"cnt... certificate typo, plz fix. this keeps happening every time.",Certificates & Progress,Confused,High
"This wasn't happening before. Since the latest update, transcript export failed. It's inconsistent�sometimes it works, sometimes it doesn't�which makes it difficult to continue my coursework.",Certificates & Progress,Confused,High
"I'm honestly disappointed. certificate not generated. I pay for this service because I rely on it every day, and repeated interruptions are affecting my assignments and preparation. Please provide a permanent solution rather than a temporary workaround.",Certificates & Progress,Angry,High
certificate typo.,Certificates & Progress,Frustrated,High
"Hey team, completion not syncing. Kindly resolve this soon.",Certificates & Progress,Angry,Medium
"Good evening, I'm facing an issue where learning streak reset. I updated the application, but nothing changed. Please escalate if necessary.",Certificates & Progress,Angry,High
"Dear LearnSphere Support,

I am writing to formally report that certificate download broken. This problem has persisted for the last few days and is preventing me from using the platform effectively. I even asked a classmate to verify the issue without success. I would appreciate it if your technical team could investigate this matter at the earliest.

Kind regards,
A Learner",Certificates & Progress,Angry,High
"Hello,

I understand technical problems can happen, but learning streak reset. I have an upcoming deadline, so I'd be grateful if this could be resolved soon.

Thank you.",Certificates & Progress,Neutral,High
"pasword... course marked unfinished, plz fix. this keeps happening every time.",Certificates & Progress,Urgent,Medium
"This wasn't happening before. Since the latest update, PDF won't open. It's inconsistent�sometimes it works, sometimes it doesn't�which makes it difficult to continue my coursework.",Certificates & Progress,Confused,Critical
"I'm honestly disappointed. assessment locked. I pay for this service because I rely on it every day, and repeated interruptions are affecting my assignments and preparation. Please provide a permanent solution rather than a temporary workaround.",Certificates & Progress,Urgent,Medium
completion proof missing.,Certificates & Progress,Neutral,High
"To whom it may concern, completion percentage incorrect. Looking forward to your response.",Certificates & Progress,Neutral,Medium
"Dear Support Team, I'm facing an issue where course marked unfinished. I even asked a classmate to verify the issue, but nothing changed. Thank you.",Certificates & Progress,Urgent,Critical
"Dear LearnSphere Support,

I am writing to formally report that certificate download broken. This problem has persisted for the last few days and is preventing me from using the platform effectively. I checked my email spam folder without success. I would appreciate it if your technical team could investigate this matter at the earliest.

Kind regards,
A Learner",Certificates & Progress,Urgent,High
"Hello,

I understand technical problems can happen, but progress stuck. I have an upcoming deadline, so I'd be grateful if this could be resolved soon.

Thank you.",Certificates & Progress,Confused,Medium
"pasword... QR code invalid, plz fix. this keeps happening every time.",Certificates & Progress,Angry,Critical
"This wasn't happening before. Since the latest update, completion not syncing. It's inconsistent�sometimes it works, sometimes it doesn't�which makes it difficult to continue my coursework.",Certificates & Progress,Confused,High
"I'm honestly disappointed. certificate not generated. I pay for this service because I rely on it every day, and repeated interruptions are affecting my assignments and preparation. Please provide a permanent solution rather than a temporary workaround.",Certificates & Progress,Confused,High
digital badge unavailable.,Certificates & Progress,Confused,High
"Dear Support Team, digital badge unavailable. Please escalate if necessary.",Certificates & Progress,Urgent,Medium
"To whom it may concern, I'm facing an issue where certificate typo. I logged out and back in, but nothing changed. ",Certificates & Progress,Confused,Critical
"Dear LearnSphere Support,

I am writing to formally report that certificate typo. This problem has persisted for the last few days and is preventing me from using the platform effectively. I even asked a classmate to verify the issue without success. I would appreciate it if your technical team could investigate this matter at the earliest.

Kind regards,
A Learner",Certificates & Progress,Neutral,Critical
"Hello,

I understand technical problems can happen, but completion proof missing. I have an upcoming deadline, so I'd be grateful if this could be resolved soon.

Thank you.",Certificates & Progress,Urgent,Critical
"idk... progress stuck, plz fix. this keeps happening every time.",Certificates & Progress,Frustrated,Medium
"This wasn't happening before. Since the latest update, certificate not generated. It's inconsistent�sometimes it works, sometimes it doesn't�which makes it difficult to continue my coursework.",Certificates & Progress,Frustrated,Medium
"I'm honestly disappointed. QR code invalid. I pay for this service because I rely on it every day, and repeated interruptions are affecting my assignments and preparation. Please provide a permanent solution rather than a temporary workaround.",Certificates & Progress,Frustrated,High
learning streak reset.,Certificates & Progress,Confused,Critical
"Good evening, certificate typo. This is affecting my learning.",Certificates & Progress,Frustrated,High
"I hope you're doing well. I'm facing an issue where completion proof missing. I even asked a classmate to verify the issue, but nothing changed. ",Certificates & Progress,Neutral,Critical
"Dear LearnSphere Support,

I am writing to formally report that tracker not updating. This problem has persisted for the last few days and is preventing me from using the platform effectively. I checked my email spam folder without success. I would appreciate it if your technical team could investigate this matter at the earliest.

Kind regards,
A Learner",Certificates & Progress,Neutral,Medium
"Hello,

I understand technical problems can happen, but completion percentage incorrect. I have an upcoming deadline, so I'd be grateful if this could be resolved soon.

Thank you.",Certificates & Progress,Confused,Medium
"subscrption... tracker not updating, plz fix. this keeps happening every time.",Certificates & Progress,Frustrated,Critical
"This wasn't happening before. Since the latest update, completion proof missing. It's inconsistent�sometimes it works, sometimes it doesn't�which makes it difficult to continue my coursework.",Certificates & Progress,Angry,Medium
"I'm honestly disappointed. completion percentage incorrect. I pay for this service because I rely on it every day, and repeated interruptions are affecting my assignments and preparation. Please provide a permanent solution rather than a temporary workaround.",Certificates & Progress,Urgent,Critical
gradebook incomplete.,Certificates & Progress,Neutral,Critical
"Hello Support, PDF won't open. Regards.",Certificates & Progress,Angry,Medium
"Dear Support Team, I'm facing an issue where progress stuck. I updated the application, but nothing changed. ",Certificates & Progress,Angry,High
"Dear LearnSphere Support,

I am writing to formally report that tracker not updating. This problem has persisted for the last few days and is preventing me from using the platform effectively. I cleared cache without success. I would appreciate it if your technical team could investigate this matter at the earliest.

Kind regards,
A Learner",Certificates & Progress,Urgent,Critical
"Hello,

I understand technical problems can happen, but learning streak reset. I have an upcoming deadline, so I'd be grateful if this could be resolved soon.

Thank you.",Certificates & Progress,Angry,Critical
"pasword... digital badge unavailable, plz fix. this keeps happening every time.",Certificates & Progress,Angry,Medium
"This wasn't happening before. Since the latest update, gradebook incomplete. It's inconsistent�sometimes it works, sometimes it doesn't�which makes it difficult to continue my coursework.",Certificates & Progress,Urgent,High
"I'm honestly disappointed. QR code invalid. I pay for this service because I rely on it every day, and repeated interruptions are affecting my assignments and preparation. Please provide a permanent solution rather than a temporary workaround.",Certificates & Progress,Frustrated,High
badge disappeared.,Certificates & Progress,Confused,Medium
 completion proof missing. Please escalate if necessary.,Certificates & Progress,Confused,Medium
"I hope you're doing well. I'm facing an issue where assessment locked. I checked my email spam folder, but nothing changed. Thank you.",Certificates & Progress,Neutral,Critical
"Dear LearnSphere Support,

I am writing to formally report that gradebook incomplete. This problem has persisted for the last few days and is preventing me from using the platform effectively. I cleared cache without success. I would appreciate it if your technical team could investigate this matter at the earliest.

Kind regards,
A Learner",Certificates & Progress,Urgent,Critical
"Hello,

I understand technical problems can happen, but completion not syncing. I have an upcoming deadline, so I'd be grateful if this could be resolved soon.

Thank you.",Certificates & Progress,Confused,High
"biling... transcript export failed, plz fix. this keeps happening every time.",Certificates & Progress,Urgent,High
"This wasn't happening before. Since the latest update, profile missing achievement. It's inconsistent�sometimes it works, sometimes it doesn't�which makes it difficult to continue my coursework.",Certificates & Progress,Frustrated,High
"I'm honestly disappointed. QR code invalid. I pay for this service because I rely on it every day, and repeated interruptions are affecting my assignments and preparation. Please provide a permanent solution rather than a temporary workaround.",Certificates & Progress,Confused,Medium
PDF won't open.,Certificates & Progress,Neutral,High
"To whom it may concern, certificate download broken. Looking forward to your response.",Certificates & Progress,Frustrated,High
"Hello Support, I'm facing an issue where certificate download broken. I logged out and back in, but nothing changed. Please look into this.",Certificates & Progress,Confused,Critical
"Dear LearnSphere Support,

I am writing to formally report that certificate not generated. This problem has persisted for the last few days and is preventing me from using the platform effectively. I cleared cache without success. I would appreciate it if your technical team could investigate this matter at the earliest.

Kind regards,
A Learner",Certificates & Progress,Neutral,High
"Hello,

I understand technical problems can happen, but assessment locked. I have an upcoming deadline, so I'd be grateful if this could be resolved soon.

Thank you.",Certificates & Progress,Angry,High
"plz... course marked unfinished, plz fix. this keeps happening every time.",Certificates & Progress,Neutral,Critical
"This wasn't happening before. Since the latest update, course marked unfinished. It's inconsistent�sometimes it works, sometimes it doesn't�which makes it difficult to continue my coursework.",Certificates & Progress,Neutral,High
"I'm honestly disappointed. profile missing achievement. I pay for this service because I rely on it every day, and repeated interruptions are affecting my assignments and preparation. Please provide a permanent solution rather than a temporary workaround.",Certificates & Progress,Angry,High
QR code invalid.,Certificates & Progress,Confused,High
"Hey team, transcript export failed. Kindly resolve this soon.",Certificates & Progress,Angry,High
"Hello Support, I'm facing an issue where transcript export failed. I even asked a classmate to verify the issue, but nothing changed. Thank you.",Certificates & Progress,Neutral,Critical
"Dear LearnSphere Support,

I am writing to formally report that completion reset. This problem has persisted for the last few days and is preventing me from using the platform effectively. I cleared cache without success. I would appreciate it if your technical team could investigate this matter at the earliest.

Kind regards,
A Learner",Certificates & Progress,Confused,Medium
"Hello,

I understand technical problems can happen, but PDF won't open. I have an upcoming deadline, so I'd be grateful if this could be resolved soon.

Thank you.",Certificates & Progress,Frustrated,Medium
"idk... learning streak reset, plz fix. this keeps happening every time.",Certificates & Progress,Confused,Critical
"This wasn't happening before. Since the latest update, PDF won't open. It's inconsistent�sometimes it works, sometimes it doesn't�which makes it difficult to continue my coursework.",Certificates & Progress,Frustrated,Medium
"I'm honestly disappointed. certificate not generated. I pay for this service because I rely on it every day, and repeated interruptions are affecting my assignments and preparation. Please provide a permanent solution rather than a temporary workaround.",Certificates & Progress,Frustrated,Critical
QR code invalid.,Certificates & Progress,Urgent,Medium
Urgent: certificate typo. Looking forward to your response.,Certificates & Progress,Frustrated,Critical
"Hi LearnSphere Team, I'm facing an issue where completion reset. I switched devices, but nothing changed. Kindly resolve this soon.",Certificates & Progress,Frustrated,Medium
"Dear LearnSphere Support,

I am writing to formally report that badge disappeared. This problem has persisted for the last few days and is preventing me from using the platform effectively. I tried another browser without success. I would appreciate it if your technical team could investigate this matter at the earliest.

Kind regards,
A Learner",Certificates & Progress,Frustrated,High
"Hello,

I understand technical problems can happen, but PDF won't open. I have an upcoming deadline, so I'd be grateful if this could be resolved soon.

Thank you.",Certificates & Progress,Confused,Medium
"subscrption... badge disappeared, plz fix. this keeps happening every time.",Certificates & Progress,Neutral,Critical
"This wasn't happening before. Since the latest update, profile missing achievement. It's inconsistent�sometimes it works, sometimes it doesn't�which makes it difficult to continue my coursework.",Certificates & Progress,Confused,High
"I'm honestly disappointed. assessment locked. I pay for this service because I rely on it every day, and repeated interruptions are affecting my assignments and preparation. Please provide a permanent solution rather than a temporary workaround.",Certificates & Progress,Angry,Critical
tracker not updating.,Certificates & Progress,Angry,High
"Hi LearnSphere Team, digital badge unavailable. ",Certificates & Progress,Confused,Critical
"Hello Support, I'm facing an issue where certificate not generated. I switched devices, but nothing changed. Kindly resolve this soon.",Certificates & Progress,Neutral,Medium
"Dear LearnSphere Support,

I am writing to formally report that completion percentage incorrect. This problem has persisted for the last few days and is preventing me from using the platform effectively. I reinstalled the app without success. I would appreciate it if your technical team could investigate this matter at the earliest.

Kind regards,
A Learner",Certificates & Progress,Frustrated,Critical
"Hello,

I understand technical problems can happen, but badge disappeared. I have an upcoming deadline, so I'd be grateful if this could be resolved soon.

Thank you.",Certificates & Progress,Confused,Medium
"biling... QR code invalid, plz fix. this keeps happening every time.",Certificates & Progress,Confused,High
"This wasn't happening before. Since the latest update, digital badge unavailable. It's inconsistent�sometimes it works, sometimes it doesn't�which makes it difficult to continue my coursework.",Certificates & Progress,Neutral,Critical
"I'm honestly disappointed. completion not syncing. I pay for this service because I rely on it every day, and repeated interruptions are affecting my assignments and preparation. Please provide a permanent solution rather than a temporary workaround.",Certificates & Progress,Urgent,Critical
verification page unavailable.,Certificates & Progress,Confused,High
I hope you're doing well. transcript export failed. Kindly resolve this soon.,Certificates & Progress,Urgent,Medium
" I'm facing an issue where transcript export failed. I switched devices, but nothing changed. Thank you.",Certificates & Progress,Frustrated,Medium
"Dear LearnSphere Support,

I am writing to formally report that gradebook incomplete. This problem has persisted for the last few days and is preventing me from using the platform effectively. I logged out and back in without success. I would appreciate it if your technical team could investigate this matter at the earliest.

Kind regards,
A Learner",Certificates & Progress,Frustrated,Critical
"Hello,

I understand technical problems can happen, but completion not syncing. I have an upcoming deadline, so I'd be grateful if this could be resolved soon.

Thank you.",Certificates & Progress,Frustrated,Critical
"plz... certificate download broken, plz fix. this keeps happening every time.",Certificates & Progress,Frustrated,High
"This wasn't happening before. Since the latest update, digital badge unavailable. It's inconsistent�sometimes it works, sometimes it doesn't�which makes it difficult to continue my coursework.",Certificates & Progress,Neutral,Critical
"I'm honestly disappointed. completion proof missing. I pay for this service because I rely on it every day, and repeated interruptions are affecting my assignments and preparation. Please provide a permanent solution rather than a temporary workaround.",Certificates & Progress,Frustrated,Critical
transcript export failed.,Certificates & Progress,Neutral,High
Urgent: learning streak reset. Looking forward to your response.,Certificates & Progress,Angry,High
"I hope you're doing well. I'm facing an issue where gradebook incomplete. I reinstalled the app, but nothing changed. Kindly resolve this soon.",Certificates & Progress,Urgent,Medium
"Dear LearnSphere Support,

I am writing to formally report that progress stuck. This problem has persisted for the last few days and is preventing me from using the platform effectively. I logged out and back in without success. I would appreciate it if your technical team could investigate this matter at the earliest.

Kind regards,
A Learner",Certificates & Progress,Angry,High
"Hello,

I understand technical problems can happen, but certificate download broken. I have an upcoming deadline, so I'd be grateful if this could be resolved soon.

Thank you.",Certificates & Progress,Neutral,High
"asap... certificate download broken, plz fix. this keeps happening every time.",Certificates & Progress,Angry,Medium
"This wasn't happening before. Since the latest update, certificate typo. It's inconsistent�sometimes it works, sometimes it doesn't�which makes it difficult to continue my coursework.",Certificates & Progress,Angry,High
"I'm honestly disappointed. certificate not generated. I pay for this service because I rely on it every day, and repeated interruptions are affecting my assignments and preparation. Please provide a permanent solution rather than a temporary workaround.",Certificates & Progress,Confused,High
course marked unfinished.,Certificates & Progress,Confused,High
"Hi LearnSphere Team, learning streak reset. Please escalate if necessary.",Certificates & Progress,Confused,Medium
"Dear Support Team, I'm facing an issue where digital badge unavailable. I reinstalled the app, but nothing changed. Thank you.",Certificates & Progress,Frustrated,High
"Dear LearnSphere Support,

I am writing to formally report that gradebook incomplete. This problem has persisted for the last few days and is preventing me from using the platform effectively. I switched devices without success. I would appreciate it if your technical team could investigate this matter at the earliest.

Kind regards,
A Learner",Certificates & Progress,Neutral,High
"Hello,

I understand technical problems can happen, but assessment locked. I have an upcoming deadline, so I'd be grateful if this could be resolved soon.

Thank you.",Certificates & Progress,Frustrated,High
"pasword... course marked unfinished, plz fix. this keeps happening every time.",Certificates & Progress,Neutral,Critical
"This wasn't happening before. Since the latest update, transcript export failed. It's inconsistent�sometimes it works, sometimes it doesn't�which makes it difficult to continue my coursework.",Certificates & Progress,Confused,Medium
"I'm honestly disappointed. gradebook incomplete. I pay for this service because I rely on it every day, and repeated interruptions are affecting my assignments and preparation. Please provide a permanent solution rather than a temporary workaround.",Certificates & Progress,Urgent,Critical
gradebook incomplete.,Certificates & Progress,Angry,High
Urgent: tracker not updating. Please look into this.,Certificates & Progress,Neutral,Medium
"I hope you're doing well. I'm facing an issue where badge disappeared. I even asked a classmate to verify the issue, but nothing changed. This is affecting my learning.",Certificates & Progress,Confused,Medium
"Dear LearnSphere Support,

I am writing to formally report that profile missing achievement. This problem has persisted for the last few days and is preventing me from using the platform effectively. I even asked a classmate to verify the issue without success. I would appreciate it if your technical team could investigate this matter at the earliest.

Kind regards,
A Learner",Certificates & Progress,Confused,High
"Hello,

I understand technical problems can happen, but gradebook incomplete. I have an upcoming deadline, so I'd be grateful if this could be resolved soon.

Thank you.",Certificates & Progress,Frustrated,High
"vid... tracker not updating, plz fix. this keeps happening every time.",Certificates & Progress,Neutral,Critical
"This wasn't happening before. Since the latest update, completion proof missing. It's inconsistent�sometimes it works, sometimes it doesn't�which makes it difficult to continue my coursework.",Certificates & Progress,Angry,Critical
"I'm honestly disappointed. completion reset. I pay for this service because I rely on it every day, and repeated interruptions are affecting my assignments and preparation. Please provide a permanent solution rather than a temporary workaround.",Certificates & Progress,Urgent,Medium
profile missing achievement.,Certificates & Progress,Neutral,High
"Dear Support Team, learning streak reset. Looking forward to your response.",Certificates & Progress,Urgent,High
"Hi LearnSphere Team, I'm facing an issue where badge disappeared. I even asked a classmate to verify the issue, but nothing changed. Looking forward to your response.",Certificates & Progress,Angry,Medium
"Dear LearnSphere Support,

I am writing to formally report that assessment locked. This problem has persisted for the last few days and is preventing me from using the platform effectively. I logged out and back in without success. I would appreciate it if your technical team could investigate this matter at the earliest.

Kind regards,
A Learner",Certificates & Progress,Confused,High
"Hello,

I understand technical problems can happen, but gradebook incomplete. I have an upcoming deadline, so I'd be grateful if this could be resolved soon.

Thank you.",Certificates & Progress,Neutral,Critical
"vid... QR code invalid, plz fix. this keeps happening every time.",Certificates & Progress,Confused,Medium
"This wasn't happening before. Since the latest update, QR code invalid. It's inconsistent�sometimes it works, sometimes it doesn't�which makes it difficult to continue my coursework.",Certificates & Progress,Urgent,Medium
"I'm honestly disappointed. digital badge unavailable. I pay for this service because I rely on it every day, and repeated interruptions are affecting my assignments and preparation. Please provide a permanent solution rather than a temporary workaround.",Certificates & Progress,Urgent,Medium
PDF won't open.,Certificates & Progress,Angry,Critical
"Hi LearnSphere Team, gradebook incomplete. Looking forward to your response.",Certificates & Progress,Urgent,Medium
"Dear Support Team, I'm facing an issue where course marked unfinished. I logged out and back in, but nothing changed. Thank you.",Certificates & Progress,Urgent,High
"Dear LearnSphere Support,

I am writing to formally report that certificate download broken. This problem has persisted for the last few days and is preventing me from using the platform effectively. I checked my email spam folder without success. I would appreciate it if your technical team could investigate this matter at the earliest.

Kind regards,
A Learner",Certificates & Progress,Frustrated,High
"Hello,

I understand technical problems can happen, but course marked unfinished. I have an upcoming deadline, so I'd be grateful if this could be resolved soon.

Thank you.",Certificates & Progress,Confused,High
"vid... certificate typo, plz fix. this keeps happening every time.",Certificates & Progress,Frustrated,High
"This wasn't happening before. Since the latest update, PDF won't open. It's inconsistent�sometimes it works, sometimes it doesn't�which makes it difficult to continue my coursework.",Certificates & Progress,Confused,Critical
"I'm honestly disappointed. certificate not generated. I pay for this service because I rely on it every day, and repeated interruptions are affecting my assignments and preparation. Please provide a permanent solution rather than a temporary workaround.",Certificates & Progress,Neutral,High
completion proof missing.,Certificates & Progress,Angry,Critical
 certificate typo. Looking forward to your response.,Certificates & Progress,Angry,High
"Hey team, I'm facing an issue where completion proof missing. I reinstalled the app, but nothing changed. Kindly resolve this soon.",Certificates & Progress,Urgent,Critical
"Dear LearnSphere Support,

I am writing to formally report that completion reset. This problem has persisted for the last few days and is preventing me from using the platform effectively. I checked my email spam folder without success. I would appreciate it if your technical team could investigate this matter at the earliest.

Kind regards,
A Learner",Certificates & Progress,Frustrated,Critical
"Hello,

I understand technical problems can happen, but assessment locked. I have an upcoming deadline, so I'd be grateful if this could be resolved soon.

Thank you.",Certificates & Progress,Urgent,Critical
"biling... verification page unavailable, plz fix. this keeps happening every time.",Certificates & Progress,Angry,High
"This wasn't happening before. Since the latest update, certificate not generated. It's inconsistent�sometimes it works, sometimes it doesn't�which makes it difficult to continue my coursework.",Certificates & Progress,Neutral,High
"I'm honestly disappointed. assessment locked. I pay for this service because I rely on it every day, and repeated interruptions are affecting my assignments and preparation. Please provide a permanent solution rather than a temporary workaround.",Certificates & Progress,Confused,High
certificate not generated.,Certificates & Progress,Frustrated,Critical
"Hello Support, completion not syncing. Looking forward to your response.",Certificates & Progress,Angry,Medium
"To whom it may concern, I'm facing an issue where certificate download broken. I switched devices, but nothing changed. ",Certificates & Progress,Neutral,Medium
"Dear LearnSphere Support,

I am writing to formally report that transcript export failed. This problem has persisted for the last few days and is preventing me from using the platform effectively. I even asked a classmate to verify the issue without success. I would appreciate it if your technical team could investigate this matter at the earliest.

Kind regards,
A Learner",Certificates & Progress,Neutral,Medium
"Hello,

I understand technical problems can happen, but completion proof missing. I have an upcoming deadline, so I'd be grateful if this could be resolved soon.

Thank you.",Certificates & Progress,Angry,High
"pasword... tracker not updating, plz fix. this keeps happening every time.",Certificates & Progress,Neutral,Medium
"This wasn't happening before. Since the latest update, completion reset. It's inconsistent�sometimes it works, sometimes it doesn't�which makes it difficult to continue my coursework.",Certificates & Progress,Frustrated,High
"I'm honestly disappointed. completion percentage incorrect. I pay for this service because I rely on it every day, and repeated interruptions are affecting my assignments and preparation. Please provide a permanent solution rather than a temporary workaround.",Certificates & Progress,Angry,High
certificate typo.,Certificates & Progress,Neutral,Critical
"Hey team, course marked unfinished. Please look into this.",Certificates & Progress,Angry,Critical
"To whom it may concern, I'm facing an issue where QR code invalid. I switched devices, but nothing changed. Looking forward to your response.",Certificates & Progress,Urgent,Medium
"Dear LearnSphere Support,

I am writing to formally report that verification page unavailable. This problem has persisted for the last few days and is preventing me from using the platform effectively. I logged out and back in without success. I would appreciate it if your technical team could investigate this matter at the earliest.

Kind regards,
A Learner",Certificates & Progress,Urgent,Critical
"Hello,

I understand technical problems can happen, but progress stuck. I have an upcoming deadline, so I'd be grateful if this could be resolved soon.

Thank you.",Certificates & Progress,Urgent,Medium
"asap... certificate typo, plz fix. this keeps happening every time.",Certificates & Progress,Frustrated,Medium
"This wasn't happening before. Since the latest update, certificate typo. It's inconsistent�sometimes it works, sometimes it doesn't�which makes it difficult to continue my coursework.",Certificates & Progress,Confused,Medium
"I'm honestly disappointed. profile missing achievement. I pay for this service because I rely on it every day, and repeated interruptions are affecting my assignments and preparation. Please provide a permanent solution rather than a temporary workaround.",Certificates & Progress,Confused,Critical
goodbye 123123,Spam & General Chat,Frustrated,Medium
ping idk,Spam & General Chat,Neutral,Low
are you online just checking,Spam & General Chat,Confused,Low
hii ??,Spam & General Chat,Neutral,Medium
testing 123,Spam & General Chat,Angry,High
just checking good evening,Spam & General Chat,Confused,Medium
hi,Spam & General Chat,Neutral,Medium
hello lol,Spam & General Chat,Neutral,Low
none,Spam & General Chat,Neutral,Low
ok,Spam & General Chat,Neutral,Low
test idk,Spam & General Chat,Neutral,Low
none,Spam & General Chat,Neutral,Low
gm,Spam & General Chat,Neutral,Low
hello,Spam & General Chat,Frustrated,Low
qwertyuiop,Spam & General Chat,Neutral,High
gn ??????,Spam & General Chat,Neutral,Low
can we chat,Spam & General Chat,Neutral,Low
lol ??????,Spam & General Chat,Neutral,Low
hi,Spam & General Chat,Neutral,Low
good afternoon anyone there,Spam & General Chat,Neutral,High
111111111,Spam & General Chat,Confused,Low
good afternoon ??????,Spam & General Chat,Neutral,High
hii welcome,Spam & General Chat,Neutral,Low
just checking testing,Spam & General Chat,Neutral,High
random text,Spam & General Chat,Neutral,Medium
say hello,Spam & General Chat,Neutral,Low
xyzxyzxyz,Spam & General Chat,Confused,Low
i am bored,Spam & General Chat,Confused,Low
are you online bye,Spam & General Chat,Neutral,Medium
0,Spam & General Chat,Neutral,Low
yo hmm,Spam & General Chat,Neutral,Low
good afternoon ok,Spam & General Chat,Angry,Medium
hi there gn,Spam & General Chat,Neutral,Low
sup yo,Spam & General Chat,Confused,Low
bye abcabc,Spam & General Chat,Neutral,Low
good morning,Spam & General Chat,Neutral,Low
testing 123 hi there,Spam & General Chat,Neutral,Medium
asdfghjkl,Spam & General Chat,Neutral,Low
qwertyuiop,Spam & General Chat,Neutral,Low
testing good morning,Spam & General Chat,Neutral,Low
helo sample,Spam & General Chat,Confused,Low
xyzxyzxyz,Spam & General Chat,Neutral,Low
say hello,Spam & General Chat,Angry,Low
are you online,Spam & General Chat,Neutral,Low
zxcvbnm,Spam & General Chat,Neutral,Low
welcome,Spam & General Chat,Urgent,Low
xxxxxxxx,Spam & General Chat,Neutral,Low
goodbye,Spam & General Chat,Frustrated,Medium
goodbye,Spam & General Chat,Neutral,Low
gm abcabc,Spam & General Chat,Neutral,Low
just checking,Spam & General Chat,Neutral,Low
hmm ........,Spam & General Chat,Neutral,Low
anyone there bye,Spam & General Chat,Neutral,Low
hello hii,Spam & General Chat,Confused,Low
123456,Spam & General Chat,Neutral,Low
sup ??????,Spam & General Chat,Neutral,Low
good afternoon ping,Spam & General Chat,Neutral,Medium
are you online okkkkk,Spam & General Chat,Neutral,Low
111111111,Spam & General Chat,Frustrated,Medium
????,Spam & General Chat,Neutral,Low
do you like pizza,Spam & General Chat,Neutral,Low
okay,Spam & General Chat,Neutral,High
123456,Spam & General Chat,Neutral,Low
111111111,Spam & General Chat,Neutral,Low
how's life,Spam & General Chat,Neutral,Medium
what are you doing,Spam & General Chat,Confused,Low
say hello,Spam & General Chat,Confused,Low
*&^%$#@!,Spam & General Chat,Neutral,Low
what is your name,Spam & General Chat,Confused,Medium
anyone there,Spam & General Chat,Neutral,Low
who made you,Spam & General Chat,Confused,Low
sup ??,Spam & General Chat,Confused,Medium
okay hi,Spam & General Chat,Neutral,Low
help,Spam & General Chat,Confused,Low
lol good evening,Spam & General Chat,Neutral,Medium
zxcvbnm,Spam & General Chat,Neutral,Medium
good morning !!!!,Spam & General Chat,Neutral,Low
gm,Spam & General Chat,Neutral,Low
thanks bye,Spam & General Chat,Urgent,Low
123456,Spam & General Chat,Confused,Medium
good afternoon,Spam & General Chat,Neutral,Low
hii,Spam & General Chat,Neutral,Medium
are you a bot,Spam & General Chat,Urgent,Medium
sing a song,Spam & General Chat,Neutral,Low
gn lol,Spam & General Chat,Neutral,Medium
zxcvbnm,Spam & General Chat,Neutral,Low
helo ok,Spam & General Chat,Confused,Low
none,Spam & General Chat,Urgent,Low
welcome !!!!,Spam & General Chat,Neutral,Low
random text,Spam & General Chat,Neutral,Low
just checking good evening,Spam & General Chat,Neutral,Medium
sup hii,Spam & General Chat,Confused,High
good afternoon hii,Spam & General Chat,Frustrated,High
sup testing,Spam & General Chat,Neutral,Low
ping,Spam & General Chat,Neutral,Low
hi ping,Spam & General Chat,Urgent,Low
hey are you online,Spam & General Chat,Neutral,Low
anyone there gn,Spam & General Chat,Urgent,Medium
sup okkkkk,Spam & General Chat,Neutral,Low
welcome idk,Spam & General Chat,Urgent,Medium
helo hey,Spam & General Chat,Neutral,Low
what's up,Spam & General Chat,Confused,High
good afternoon,Spam & General Chat,Neutral,Low
can we chat,Spam & General Chat,Confused,Low
hey !!!!,Spam & General Chat,Confused,Low
testing 123 sup,Spam & General Chat,Confused,Low
hello ????????,Spam & General Chat,Confused,Medium
good evening test,Spam & General Chat,Neutral,Low
none,Spam & General Chat,Neutral,Low
goodbye good morning,Spam & General Chat,Neutral,Low
tell me a joke,Spam & General Chat,Neutral,Low
????,Spam & General Chat,Confused,Low
good morning,Spam & General Chat,Frustrated,Low
sup,Spam & General Chat,Neutral,Low
test checking,Spam & General Chat,Confused,Low
hey,Spam & General Chat,Neutral,Low
who are you,Spam & General Chat,Confused,Low
sing a song,Spam & General Chat,Angry,Medium
are you online,Spam & General Chat,Neutral,Low
testing 123 ping,Spam & General Chat,Urgent,Low
.........,Spam & General Chat,Neutral,Low
lskdjflksjdf,Spam & General Chat,Urgent,Low
good morning,Spam & General Chat,Angry,Low
helo,Spam & General Chat,Neutral,Low
just saying hi,Spam & General Chat,Neutral,Low
goodbye,Spam & General Chat,Neutral,Low
i am bored,Spam & General Chat,Neutral,Low
123456,Spam & General Chat,Neutral,Low
thanks,Spam & General Chat,Frustrated,Medium
testing abcabc,Spam & General Chat,Neutral,Low
are you a bot,Spam & General Chat,Neutral,Low
*&^%$#@!,Spam & General Chat,Neutral,Low
okay helloooo,Spam & General Chat,Confused,Medium
good afternoon demo,Spam & General Chat,Neutral,Medium
are you real,Spam & General Chat,Neutral,Medium
hi yo,Spam & General Chat,Neutral,High
can we chat,Spam & General Chat,Neutral,Low
n/a,Spam & General Chat,Neutral,Low
just checking okkkkk,Spam & General Chat,Confused,Medium
hello hey,Spam & General Chat,Confused,Low
how's life,Spam & General Chat,Neutral,Low
*&^%$#@!,Spam & General Chat,Neutral,Low
can we chat,Spam & General Chat,Neutral,Low
testing goodbye,Spam & General Chat,Angry,Low
test,Spam & General Chat,Neutral,Medium
gm,Spam & General Chat,Urgent,Low
good evening idk,Spam & General Chat,Neutral,Low
gn,Spam & General Chat,Urgent,Low
gm testing 123,Spam & General Chat,Neutral,Low
just checking heyyyyyyyy,Spam & General Chat,Neutral,Low
how are you doing,Spam & General Chat,Neutral,Low
just checking,Spam & General Chat,Neutral,Medium
hi ........,Spam & General Chat,Confused,Low
who made you,Spam & General Chat,Confused,Low
sup checking,Spam & General Chat,Neutral,Low
good morning idk,Spam & General Chat,Neutral,Low
testing 123,Spam & General Chat,Neutral,Low
helloooo,Spam & General Chat,Neutral,Low
good morning sample,Spam & General Chat,Neutral,Low
ok gn,Spam & General Chat,Neutral,Low
lskdjflksjdf,Spam & General Chat,Confused,Low
ping,Spam & General Chat,Frustrated,Medium
goodbye helloooo,Spam & General Chat,Neutral,Low
okay testing,Spam & General Chat,Neutral,Low
????,Spam & General Chat,Angry,Low
qwertyuiop,Spam & General Chat,Confused,Low
just saying hi,Spam & General Chat,Neutral,Low
n/a,Spam & General Chat,Neutral,Medium
n/a,Spam & General Chat,Neutral,High
are you online ........,Spam & General Chat,Neutral,Low
zxcvbnm,Spam & General Chat,Frustrated,Low
bye lol,Spam & General Chat,Confused,Low
nothing,Spam & General Chat,Frustrated,Low
helo hii,Spam & General Chat,Neutral,Low
111111111,Spam & General Chat,Confused,Low
welcome ........,Spam & General Chat,Neutral,Low
testing are you online,Spam & General Chat,Frustrated,Low
hi there,Spam & General Chat,Neutral,Medium
hi there okay,Spam & General Chat,Neutral,Low
say hello,Spam & General Chat,Frustrated,Low
i am bored,Spam & General Chat,Urgent,Low
testing abcabc,Spam & General Chat,Urgent,Medium
how's life,Spam & General Chat,Neutral,Critical
helo okkkkk,Spam & General Chat,Neutral,Medium
yo hi there,Spam & General Chat,Neutral,Low
nothing,Spam & General Chat,Neutral,Medium
helloooo thanks,Spam & General Chat,Neutral,Low
testing good evening,Spam & General Chat,Neutral,Medium
how are you doing,Spam & General Chat,Neutral,Low
xyzxyzxyz,Spam & General Chat,Neutral,Low
hi there abcabc,Spam & General Chat,Neutral,Medium
helo,Spam & General Chat,Neutral,Low
who made you,Spam & General Chat,Neutral,Low
hmm,Spam & General Chat,Frustrated,Low
null,Spam & General Chat,Confused,Low
gm ........,Spam & General Chat,Neutral,High
null,Spam & General Chat,Neutral,Medium
okay,Spam & General Chat,Confused,Low
how are you doing,Spam & General Chat,Frustrated,Medium
test sample,Spam & General Chat,Neutral,Low
thanks,Spam & General Chat,Neutral,Medium
!!!!!,Spam & General Chat,Confused,Critical
ok ??,Spam & General Chat,Neutral,Low
hii sup,Spam & General Chat,Angry,Low
who are you,Spam & General Chat,Neutral,Low
qwertyuiop,Spam & General Chat,Confused,Low
cool checking,Spam & General Chat,Neutral,Low
hhhhheeeelllppppp,Spam & General Chat,Neutral,Low
testing 123 123123,Spam & General Chat,Neutral,Low
nothing,Spam & General Chat,Neutral,Medium
help,Spam & General Chat,Urgent,Low
are you real,Spam & General Chat,Frustrated,Medium
help,Spam & General Chat,Confused,Low
*&^%$#@!,Spam & General Chat,Neutral,Medium
ping checking,Spam & General Chat,Neutral,Low
ok,Spam & General Chat,Urgent,Medium
welcome ........,Spam & General Chat,Neutral,Low
testing 123 idk,Spam & General Chat,Neutral,Low
what's up,Spam & General Chat,Neutral,Medium
good morning just checking,Spam & General Chat,Confused,Low
test hi,Spam & General Chat,Neutral,Medium
good afternoon,Spam & General Chat,Frustrated,Medium
zxcvbnm,Spam & General Chat,Neutral,Low
hey welcome,Spam & General Chat,Neutral,Low
test goodbye,Spam & General Chat,Neutral,Low
111111111,Spam & General Chat,Neutral,Low
good afternoon ??????,Spam & General Chat,Neutral,Low
lskdjflksjdf,Spam & General Chat,Neutral,Low
hii anyone there,Spam & General Chat,Confused,Low
ok,Spam & General Chat,Neutral,Low
hmm checking,Spam & General Chat,Frustrated,Low
goodbye,Spam & General Chat,Neutral,Low
lskdjflksjdf,Spam & General Chat,Neutral,Low
goodbye,Spam & General Chat,Angry,Medium
0,Spam & General Chat,Neutral,Low
hmm hii,Spam & General Chat,Angry,Medium
ok hi there,Spam & General Chat,Neutral,Low
helo,Spam & General Chat,Neutral,Low
hmm sample,Spam & General Chat,Neutral,Medium
hey,Spam & General Chat,Neutral,Low
.........,Spam & General Chat,Neutral,Low
testing demo,Spam & General Chat,Neutral,Low
123456,Spam & General Chat,Neutral,Medium
just saying hi,Spam & General Chat,Urgent,Low
0,Spam & General Chat,Frustrated,Low
just saying hi,Spam & General Chat,Confused,Low
okay helo,Spam & General Chat,Angry,Medium
ping hello,Spam & General Chat,Neutral,Low
how's life,Spam & General Chat,Neutral,Low
helo thanks,Spam & General Chat,Neutral,Low
@@@###,Spam & General Chat,Confused,Medium
yo helloooo,Spam & General Chat,Confused,Low
okay good afternoon,Spam & General Chat,Angry,Low
xyzxyzxyz,Spam & General Chat,Urgent,Low
zxcvbnm,Spam & General Chat,Neutral,Low
okay ........,Spam & General Chat,Neutral,Medium
are you a bot,Spam & General Chat,Neutral,Low
!!!!!,Spam & General Chat,Urgent,Low
hi there test,Spam & General Chat,Urgent,Low
what's up,Spam & General Chat,Neutral,Medium
i am bored,Spam & General Chat,Neutral,Low
.........,Spam & General Chat,Neutral,Medium
hi ????????,Spam & General Chat,Neutral,High
lskdjflksjdf,Spam & General Chat,Confused,Medium
testing 123 abcabc,Spam & General Chat,Confused,Medium
????,Spam & General Chat,Neutral,Low
gm hey,Spam & General Chat,Neutral,Low
good morning sup,Spam & General Chat,Neutral,Medium
just checking,Spam & General Chat,Confused,Low
*&^%$#@!,Spam & General Chat,Angry,Low
helloooo ????????,Spam & General Chat,Frustrated,Medium
lol gn,Spam & General Chat,Confused,Low
bye idk,Spam & General Chat,Confused,Medium
testing,Spam & General Chat,Neutral,Medium
sing a song,Spam & General Chat,Neutral,Low
helo,Spam & General Chat,Urgent,Low
welcome gn,Spam & General Chat,Confused,Low
echo,Spam & General Chat,Frustrated,Low
yo 123123,Spam & General Chat,Frustrated,High
okay ??????,Spam & General Chat,Neutral,Low
nothing,Spam & General Chat,Urgent,Medium
help,Spam & General Chat,Neutral,Medium
111111111,Spam & General Chat,Neutral,Medium
ping,Spam & General Chat,Confused,Low
testing anyone there,Spam & General Chat,Neutral,Low
how are you doing,Spam & General Chat,Neutral,Low
bye 123123,Spam & General Chat,Neutral,Low
yo hi,Spam & General Chat,Neutral,Low
say hello,Spam & General Chat,Neutral,Low
welcome okkkkk,Spam & General Chat,Neutral,Medium
good afternoon,Spam & General Chat,Neutral,Medium
hello ??,Spam & General Chat,Confused,Low
good afternoon test,Spam & General Chat,Confused,Low
just checking,Spam & General Chat,Neutral,Low
are you a bot,Spam & General Chat,Frustrated,Low
xxxxxxxx,Spam & General Chat,Confused,Medium
gn ??????,Spam & General Chat,Neutral,Medium
okay,Spam & General Chat,Confused,Low
none,Spam & General Chat,Confused,Medium
sing a song,Spam & General Chat,Frustrated,Low
lskdjflksjdf,Spam & General Chat,Frustrated,Low
@@@###,Spam & General Chat,Neutral,Low
hi there !!!!,Spam & General Chat,Urgent,Low
hello,Spam & General Chat,Neutral,Low
just saying hi,Spam & General Chat,Frustrated,Low
do you like pizza,Spam & General Chat,Neutral,Low
hello good evening,Spam & General Chat,Confused,Low
testing 123,Spam & General Chat,Neutral,Medium
hello !!!!,Spam & General Chat,Neutral,Low
can we chat,Spam & General Chat,Confused,Medium
hii ping,Spam & General Chat,Frustrated,Low
hmm test,Spam & General Chat,Neutral,Medium
123456,Spam & General Chat,Confused,Low
test checking,Spam & General Chat,Neutral,Low
@@@###,Spam & General Chat,Neutral,Low
testing 123 are you online,Spam & General Chat,Neutral,Low
testing,Spam & General Chat,Neutral,Medium
what's up,Spam & General Chat,Confused,Low
ping !!!!,Spam & General Chat,Confused,Medium
hi there,Spam & General Chat,Neutral,Low
testing thanks,Spam & General Chat,Confused,Low
hii,Spam & General Chat,Neutral,Low
hmm ping,Spam & General Chat,Confused,Medium
hi there sample,Spam & General Chat,Frustrated,Low
what is your name,Spam & General Chat,Neutral,Low
thanks anyone there,Spam & General Chat,Neutral,Low
do you like pizza,Spam & General Chat,Confused,High
null,Spam & General Chat,Confused,Low
0,Spam & General Chat,Confused,Low
hello,Spam & General Chat,Neutral,Medium
zxcvbnm,Spam & General Chat,Neutral,Low
cool ??????,Spam & General Chat,Angry,Low
yo hii,Spam & General Chat,Neutral,Low
111111111,Spam & General Chat,Neutral,Medium
say hello,Spam & General Chat,Neutral,High
good afternoon hi,Spam & General Chat,Neutral,Low
hmm,Spam & General Chat,Neutral,Low
cool welcome,Spam & General Chat,Neutral,Medium
*&^%$#@!,Spam & General Chat,Neutral,Low
helloooo okkkkk,Spam & General Chat,Neutral,Low
null,Spam & General Chat,Neutral,Low
lol heyyyyyyyy,Spam & General Chat,Neutral,Low
null,Spam & General Chat,Neutral,Low
hi,Spam & General Chat,Confused,Low
how are you doing,Spam & General Chat,Neutral,Low
gm testing,Spam & General Chat,Urgent,Low
who are you,Spam & General Chat,Neutral,Low
what's up,Spam & General Chat,Confused,Low
hello,Spam & General Chat,Angry,Medium
hi there idk,Spam & General Chat,Frustrated,Low
ok hi,Spam & General Chat,Neutral,Low
hi okkkkk,Spam & General Chat,Neutral,Low
good afternoon,Spam & General Chat,Neutral,Low
okay good morning,Spam & General Chat,Neutral,Low
how's life,Spam & General Chat,Confused,Low
@@@###,Spam & General Chat,Neutral,Low
*&^%$#@!,Spam & General Chat,Neutral,Low
hii,Spam & General Chat,Neutral,Low
qwertyuiop,Spam & General Chat,Frustrated,Low
testing ??????,Spam & General Chat,Frustrated,High
who made you,Spam & General Chat,Urgent,Low
who are you,Spam & General Chat,Angry,Medium
@@@###,Spam & General Chat,Neutral,Low
are you online ??????,Spam & General Chat,Neutral,Medium
are you real,Spam & General Chat,Confused,Low
good afternoon !!!!,Spam & General Chat,Confused,Low
none,Spam & General Chat,Neutral,Low
thanks ??,Spam & General Chat,Neutral,Low
hii okay,Spam & General Chat,Urgent,Medium
helloooo,Spam & General Chat,Urgent,Medium
what are you doing,Spam & General Chat,Neutral,Medium
are you real,Spam & General Chat,Confused,Medium
hello,Spam & General Chat,Neutral,Low
echo,Spam & General Chat,Neutral,Medium
null,Spam & General Chat,Neutral,Low
how are you doing,Spam & General Chat,Neutral,Medium
just checking,Spam & General Chat,Neutral,Low
gn hi there,Spam & General Chat,Neutral,Medium
gm ????????,Spam & General Chat,Neutral,Low
sup hii,Spam & General Chat,Neutral,Low
good morning,Spam & General Chat,Confused,Low
what is your name,Spam & General Chat,Neutral,Low
gm hello,Spam & General Chat,Neutral,Low
hi there testing 123,Spam & General Chat,Frustrated,Medium
are you a bot,Spam & General Chat,Neutral,Medium
do you like pizza,Spam & General Chat,Confused,Low
.........,Spam & General Chat,Neutral,Low
thanks abcabc,Spam & General Chat,Neutral,Low
help,Spam & General Chat,Neutral,Low
can we chat,Spam & General Chat,Confused,Medium
zxcvbnm,Spam & General Chat,Angry,Medium
who are you,Spam & General Chat,Frustrated,Low
hi ??,Spam & General Chat,Confused,Low
hi ........,Spam & General Chat,Neutral,Low
sup demo,Spam & General Chat,Confused,Low
tell me a joke,Spam & General Chat,Neutral,Medium
bye good morning,Spam & General Chat,Neutral,Low
@@@###,Spam & General Chat,Frustrated,Low
testing 123 sample,Spam & General Chat,Neutral,Low
are you online,Spam & General Chat,Neutral,Medium
@@@###,Spam & General Chat,Confused,Low
gm sample,Spam & General Chat,Angry,Low
goodbye,Spam & General Chat,Neutral,Low
thanks hey,Spam & General Chat,Neutral,Medium
goodbye are you online,Spam & General Chat,Neutral,Low
thanks idk,Spam & General Chat,Frustrated,Low
hmm abcabc,Spam & General Chat,Neutral,Low
gm ok,Spam & General Chat,Confused,Low
random text,Spam & General Chat,Neutral,Low
are you real,Spam & General Chat,Neutral,Low
sup,Spam & General Chat,Neutral,Low
sup ........,Spam & General Chat,Neutral,Low
help,Spam & General Chat,Neutral,Low
hello,Spam & General Chat,Frustrated,Low
hello,Spam & General Chat,Neutral,Low
111111111,Spam & General Chat,Neutral,Low
gm test,Spam & General Chat,Neutral,Low
sup good afternoon,Spam & General Chat,Urgent,Medium
testing idk,Spam & General Chat,Urgent,Low
good evening,Spam & General Chat,Neutral,Low
i am bored,Spam & General Chat,Neutral,Low
ping,Spam & General Chat,Neutral,Medium
helloooo,Spam & General Chat,Neutral,Low
null,Spam & General Chat,Neutral,Medium
cool,Spam & General Chat,Angry,Low
sup abcabc,Spam & General Chat,Neutral,Low
xxxxxxxx,Spam & General Chat,Neutral,Low
i am bored,Spam & General Chat,Confused,Low
are you a bot,Spam & General Chat,Neutral,Low
hey sup,Spam & General Chat,Neutral,Low
qwertyuiop,Spam & General Chat,Confused,Low
.........,Spam & General Chat,Neutral,Low
i am bored,Spam & General Chat,Neutral,Low
ping ??????,Spam & General Chat,Neutral,Low
bye lol,Spam & General Chat,Neutral,Medium
who made you,Spam & General Chat,Confused,Low
just saying hi,Spam & General Chat,Neutral,Medium
gn checking,Spam & General Chat,Confused,Low
who made you,Spam & General Chat,Confused,Medium
tell me a joke,Spam & General Chat,Confused,Low
good morning,Spam & General Chat,Confused,Low
good afternoon,Spam & General Chat,Confused,Low
goodbye demo,Spam & General Chat,Confused,Low
cool hey,Spam & General Chat,Neutral,Low
gn sample,Spam & General Chat,Neutral,Medium
yo gm,Spam & General Chat,Confused,Low
cool hi,Spam & General Chat,Neutral,Low
echo,Spam & General Chat,Neutral,Low
what's up,Spam & General Chat,Neutral,Low
can we chat,Spam & General Chat,Neutral,Low
gm hi,Spam & General Chat,Frustrated,Low
hey okkkkk,Spam & General Chat,Neutral,Medium
123456,Spam & General Chat,Confused,Low
who made you,Spam & General Chat,Neutral,Low
are you a bot,Spam & General Chat,Neutral,Low
n/a,Spam & General Chat,Neutral,Low
sup sample,Spam & General Chat,Neutral,Low
thanks checking,Spam & General Chat,Neutral,Low
goodbye ??????,Spam & General Chat,Confused,Low
thanks,Spam & General Chat,Urgent,Medium
123456,Spam & General Chat,Neutral,Medium
lskdjflksjdf,Spam & General Chat,Neutral,Low
hello idk,Spam & General Chat,Confused,Low
hi there ??????,Spam & General Chat,Angry,Low
do you like pizza,Spam & General Chat,Neutral,Critical
hello idk,Spam & General Chat,Neutral,Low
do you like pizza,Spam & General Chat,Confused,Low
.........,Spam & General Chat,Confused,Low
@@@###,Spam & General Chat,Neutral,Medium
testing 123 helloooo,Spam & General Chat,Neutral,Low
okay,Spam & General Chat,Neutral,Low
just saying hi,Spam & General Chat,Neutral,Low
just saying hi,Spam & General Chat,Neutral,Low
how's life,Spam & General Chat,Neutral,Low
helloooo,Spam & General Chat,Neutral,Low
testing ??????,Spam & General Chat,Neutral,Medium
who made you,Spam & General Chat,Confused,Low
gm okkkkk,Spam & General Chat,Confused,Low
just checking ??????,Spam & General Chat,Neutral,Low
anyone there ok,Spam & General Chat,Angry,Low
ok,Spam & General Chat,Confused,Low
what's up,Spam & General Chat,Neutral,Medium
gn heyyyyyyyy,Spam & General Chat,Neutral,Medium
hey test,Spam & General Chat,Confused,Low
zxcvbnm,Spam & General Chat,Confused,Low
hmm,Spam & General Chat,Neutral,Low
ok,Spam & General Chat,Confused,Low
tell me a joke,Spam & General Chat,Neutral,Low
hi yo,Spam & General Chat,Angry,Critical
gn idk,Spam & General Chat,Neutral,Low
hi,Spam & General Chat,Neutral,Low
thanks sample,Spam & General Chat,Urgent,Low
good afternoon are you online,Spam & General Chat,Neutral,Low
hey demo,Spam & General Chat,Confused,Low
thanks hmm,Spam & General Chat,Urgent,Low
lol ??????,Spam & General Chat,Neutral,Low
i am bored,Spam & General Chat,Urgent,Medium
hey,Spam & General Chat,Neutral,Low
hey lol,Spam & General Chat,Confused,Low
